ISO-10303-21;
HEADER;
/* Generated by software containing ST-Developer
 * from STEP Tools, Inc. (www.steptools.com) 
 */
/* OPTION: using custom renumber hook */

FILE_DESCRIPTION(
/* description */ ('STEP AP242',
'CAx-IF Rec.Pracs.---Representation and Presentation of Product Manufa
cturing Information (PMI)---4.0---2014-10-13',
'CAx-IF Rec.Pracs.---3D Tessellated Geometry---0.4---2014-09-14','2;1'),

/* implementation_level */ '2;1');

FILE_NAME(
/* name */ '6625967698b9794f33cc1269',
/* time_stamp */ '2024-04-21T22:43:03Z',
/* author */ (''),
/* organization */ (''),
/* preprocessor_version */ 'ST-DEVELOPER v20',
/* originating_system */ '  ',
/* authorisation */ '  ');

FILE_SCHEMA (('AP242_MANAGED_MODEL_BASED_3D_ENGINEERING_MIM_LF { 1 0 10303 442 1 1 4 }'));
ENDSEC;

DATA;
#10=TOROIDAL_SURFACE('',#6870,0.0015,0.000675);
#11=TOROIDAL_SURFACE('',#6874,0.0015,0.000675);
#12=TOROIDAL_SURFACE('',#6882,0.000425,0.00025);
#13=TOROIDAL_SURFACE('',#6883,0.000425,0.00025);
#14=CONICAL_SURFACE('',#6719,0.001,1.10714871779409);
#15=(
BOUNDED_SURFACE()
B_SPLINE_SURFACE(3,2,((#10465,#10466,#10467,#10468,#10469,#10470,#10471,
#10472,#10473,#10474,#10475,#10476,#10477,#10478,#10479,#10480,#10481,#10482,
#10483,#10484,#10485,#10486,#10487,#10488,#10489,#10490,#10491,#10492,#10493,
#10494,#10495,#10496,#10497,#10498,#10499,#10500,#10501,#10502,#10503,#10504,
#10505,#10506,#10507,#10508,#10509,#10510,#10511,#10512,#10513,#10514,#10515,
#10516,#10517,#10518,#10519,#10520,#10521,#10522,#10523,#10524,#10525,#10526,
#10527,#10528,#10529,#10530,#10531,#10532,#10533,#10534,#10535,#10536,#10537,
#10538,#10539,#10540,#10541,#10542,#10543,#10544,#10545,#10546,#10547,#10548,
#10549,#10550,#10551,#10552,#10553,#10554,#10555,#10556,#10557,#10558,#10559,
#10560,#10561,#10562,#10563,#10564,#10565,#10566,#10567,#10568,#10569,#10570,
#10571,#10572,#10573,#10574,#10575,#10576,#10577,#10578,#10579,#10580,#10581,
#10582,#10583,#10584,#10585,#10586,#10587,#10588,#10589,#10590,#10591),
(#10592,#10593,#10594,#10595,#10596,#10597,#10598,#10599,#10600,#10601,
#10602,#10603,#10604,#10605,#10606,#10607,#10608,#10609,#10610,#10611,#10612,
#10613,#10614,#10615,#10616,#10617,#10618,#10619,#10620,#10621,#10622,#10623,
#10624,#10625,#10626,#10627,#10628,#10629,#10630,#10631,#10632,#10633,#10634,
#10635,#10636,#10637,#10638,#10639,#10640,#10641,#10642,#10643,#10644,#10645,
#10646,#10647,#10648,#10649,#10650,#10651,#10652,#10653,#10654,#10655,#10656,
#10657,#10658,#10659,#10660,#10661,#10662,#10663,#10664,#10665,#10666,#10667,
#10668,#10669,#10670,#10671,#10672,#10673,#10674,#10675,#10676,#10677,#10678,
#10679,#10680,#10681,#10682,#10683,#10684,#10685,#10686,#10687,#10688,#10689,
#10690,#10691,#10692,#10693,#10694,#10695,#10696,#10697,#10698,#10699,#10700,
#10701,#10702,#10703,#10704,#10705,#10706,#10707,#10708,#10709,#10710,#10711,
#10712,#10713,#10714,#10715,#10716,#10717,#10718),(#10719,#10720,#10721,
#10722,#10723,#10724,#10725,#10726,#10727,#10728,#10729,#10730,#10731,#10732,
#10733,#10734,#10735,#10736,#10737,#10738,#10739,#10740,#10741,#10742,#10743,
#10744,#10745,#10746,#10747,#10748,#10749,#10750,#10751,#10752,#10753,#10754,
#10755,#10756,#10757,#10758,#10759,#10760,#10761,#10762,#10763,#10764,#10765,
#10766,#10767,#10768,#10769,#10770,#10771,#10772,#10773,#10774,#10775,#10776,
#10777,#10778,#10779,#10780,#10781,#10782,#10783,#10784,#10785,#10786,#10787,
#10788,#10789,#10790,#10791,#10792,#10793,#10794,#10795,#10796,#10797,#10798,
#10799,#10800,#10801,#10802,#10803,#10804,#10805,#10806,#10807,#10808,#10809,
#10810,#10811,#10812,#10813,#10814,#10815,#10816,#10817,#10818,#10819,#10820,
#10821,#10822,#10823,#10824,#10825,#10826,#10827,#10828,#10829,#10830,#10831,
#10832,#10833,#10834,#10835,#10836,#10837,#10838,#10839,#10840,#10841,#10842,
#10843,#10844,#10845),(#10846,#10847,#10848,#10849,#10850,#10851,#10852,
#10853,#10854,#10855,#10856,#10857,#10858,#10859,#10860,#10861,#10862,#10863,
#10864,#10865,#10866,#10867,#10868,#10869,#10870,#10871,#10872,#10873,#10874,
#10875,#10876,#10877,#10878,#10879,#10880,#10881,#10882,#10883,#10884,#10885,
#10886,#10887,#10888,#10889,#10890,#10891,#10892,#10893,#10894,#10895,#10896,
#10897,#10898,#10899,#10900,#10901,#10902,#10903,#10904,#10905,#10906,#10907,
#10908,#10909,#10910,#10911,#10912,#10913,#10914,#10915,#10916,#10917,#10918,
#10919,#10920,#10921,#10922,#10923,#10924,#10925,#10926,#10927,#10928,#10929,
#10930,#10931,#10932,#10933,#10934,#10935,#10936,#10937,#10938,#10939,#10940,
#10941,#10942,#10943,#10944,#10945,#10946,#10947,#10948,#10949,#10950,#10951,
#10952,#10953,#10954,#10955,#10956,#10957,#10958,#10959,#10960,#10961,#10962,
#10963,#10964,#10965,#10966,#10967,#10968,#10969,#10970,#10971,#10972)),
 .UNSPECIFIED.,.F.,.F.,.F.)
B_SPLINE_SURFACE_WITH_KNOTS((4,4),(3,2,2,2,2,2,2,2,2,2,2,2,2,2,2,2,2,2,
2,2,2,2,2,2,2,2,2,2,2,2,2,2,2,2,2,2,2,2,2,2,2,2,2,2,2,2,2,2,2,2,2,2,2,2,
2,2,2,2,2,2,2,2,2,3),(0.,1.),(0.105743167257418,0.115384615384615,0.128205128205128,
0.141025641025641,0.153846153846154,0.166666666666667,0.17948717948718,
0.192307692307693,0.205128205128205,0.217948717948718,0.230769230769231,
0.243589743589744,0.256410256410256,0.269230769230769,0.282051282051282,
0.294871794871795,0.307692307692307,0.32051282051282,0.333333333333334,
0.346153846153846,0.358974358974359,0.371794871794872,0.384615384615385,
0.397435897435897,0.410256410256411,0.423076923076923,0.435897435897436,
0.448717948717949,0.461538461538462,0.474358974358974,0.487179487179487,
0.5,0.512820512820513,0.525641025641026,0.538461538461538,0.551282051282051,
0.564102564102564,0.576923076923077,0.58974358974359,0.602564102564103,
0.615384615384615,0.628205128205128,0.641025641025641,0.653846153846154,
0.666666666666667,0.67948717948718,0.692307692307692,0.705128205128205,
0.717948717948718,0.730769230769231,0.743589743589744,0.756410256410256,
0.769230769230769,0.782051282051282,0.794871794871795,0.807692307692308,
0.820512820512821,0.833333333333333,0.846153846153846,0.858974358974359,
0.871794871794872,0.884615384615385,0.897435897435898,0.903922938768574),
 .PIECEWISE_BEZIER_KNOTS.)
GEOMETRIC_REPRESENTATION_ITEM()
RATIONAL_B_SPLINE_SURFACE(((0.950032998007566,0.899246688657586,1.,0.866025403784439,
1.,0.866025403784439,1.,0.866025403784439,1.,0.866025403784439,1.,0.866025403784439,
1.,0.866025403784439,1.,0.866025403784439,1.,0.866025403784439,1.,0.866025403784439,
1.,0.866025403784439,1.,0.866025403784439,1.,0.866025403784439,1.,0.866025403784439,
1.,0.866025403784439,1.,0.866025403784439,1.,0.866025403784439,1.,0.866025403784439,
1.,0.866025403784439,1.,0.866025403784439,1.,0.866025403784439,1.,0.866025403784439,
1.,0.866025403784439,1.,0.866025403784439,1.,0.866025403784439,1.,0.866025403784439,
1.,0.866025403784439,1.,0.866025403784439,1.,0.866025403784439,1.,0.866025403784439,
1.,0.866025403784439,1.,0.866025403784439,1.,0.866025403784439,1.,0.866025403784439,
1.,0.866025403784439,1.,0.866025403784439,1.,0.866025403784439,1.,0.866025403784439,
1.,0.866025403784439,1.,0.866025403784439,1.,0.866025403784439,1.,0.866025403784439,
1.,0.866025403784439,1.,0.866025403784439,1.,0.866025403784439,1.,0.866025403784439,
1.,0.866025403784439,1.,0.866025403784439,1.,0.866025403784439,1.,0.866025403784439,
1.,0.866025403784439,1.,0.866025403784439,1.,0.866025403784439,1.,0.866025403784439,
1.,0.866025403784439,1.,0.866025403784439,1.,0.866025403784439,1.,0.866025403784439,
1.,0.866025403784439,1.,0.866025403784439,1.,0.866025403784439,1.,0.866025403784439,
1.,0.932210298032041,0.933022313445051),(0.750026052530622,0.709931597701947,
0.789473685759964,0.683704267487462,0.789473685759964,0.683704267487462,
0.789473685759964,0.683704267487462,0.789473685759964,0.683704267487462,
0.789473685759964,0.683704267487462,0.789473685759964,0.683704267487462,
0.789473685759964,0.683704267487462,0.789473685759964,0.683704267487462,
0.789473685759964,0.683704267487462,0.789473685759964,0.683704267487462,
0.789473685759964,0.683704267487462,0.789473685759964,0.683704267487462,
0.789473685759964,0.683704267487462,0.789473685759964,0.683704267487462,
0.789473685759964,0.683704267487462,0.789473685759964,0.683704267487462,
0.789473685759964,0.683704267487462,0.789473685759964,0.683704267487462,
0.789473685759964,0.683704267487462,0.789473685759964,0.683704267487462,
0.789473685759964,0.683704267487462,0.789473685759964,0.683704267487462,
0.789473685759964,0.683704267487462,0.789473685759964,0.683704267487462,
0.789473685759964,0.683704267487462,0.789473685759964,0.683704267487462,
0.789473685759964,0.683704267487462,0.789473685759964,0.683704267487462,
0.789473685759964,0.683704267487462,0.789473685759964,0.683704267487462,
0.789473685759964,0.683704267487462,0.789473685759964,0.683704267487462,
0.789473685759964,0.683704267487462,0.789473685759964,0.683704267487462,
0.789473685759964,0.683704267487462,0.789473685759964,0.683704267487462,
0.789473685759964,0.683704267487462,0.789473685759964,0.683704267487462,
0.789473685759964,0.683704267487462,0.789473685759964,0.683704267487462,
0.789473685759964,0.683704267487462,0.789473685759964,0.683704267487462,
0.789473685759964,0.683704267487462,0.789473685759964,0.683704267487462,
0.789473685759964,0.683704267487462,0.789473685759964,0.683704267487462,
0.789473685759964,0.683704267487462,0.789473685759964,0.683704267487462,
0.789473685759964,0.683704267487462,0.789473685759964,0.683704267487462,
0.789473685759964,0.683704267487462,0.789473685759964,0.683704267487462,
0.789473685759964,0.683704267487462,0.789473685759964,0.683704267487462,
0.789473685759964,0.683704267487462,0.789473685759964,0.683704267487462,
0.789473685759964,0.683704267487462,0.789473685759964,0.683704267487462,
0.789473685759964,0.683704267487462,0.789473685759964,0.683704267487462,
0.789473685759964,0.683704267487462,0.789473685759964,0.73595549989075,
0.736596564691753),(0.750026052530622,0.709931597701947,0.789473685759964,
0.683704267487462,0.789473685759964,0.683704267487462,0.789473685759964,
0.683704267487462,0.789473685759964,0.683704267487462,0.789473685759964,
0.683704267487462,0.789473685759964,0.683704267487462,0.789473685759964,
0.683704267487462,0.789473685759964,0.683704267487462,0.789473685759964,
0.683704267487462,0.789473685759964,0.683704267487462,0.789473685759964,
0.683704267487462,0.789473685759964,0.683704267487462,0.789473685759964,
0.683704267487462,0.789473685759964,0.683704267487462,0.789473685759964,
0.683704267487462,0.789473685759964,0.683704267487462,0.789473685759964,
0.683704267487462,0.789473685759964,0.683704267487462,0.789473685759964,
0.683704267487462,0.789473685759964,0.683704267487462,0.789473685759964,
0.683704267487462,0.789473685759964,0.683704267487462,0.789473685759964,
0.683704267487462,0.789473685759964,0.683704267487462,0.789473685759964,
0.683704267487462,0.789473685759964,0.683704267487462,0.789473685759964,
0.683704267487462,0.789473685759964,0.683704267487462,0.789473685759964,
0.683704267487462,0.789473685759964,0.683704267487462,0.789473685759964,
0.683704267487462,0.789473685759964,0.683704267487462,0.789473685759964,
0.683704267487462,0.789473685759964,0.683704267487462,0.789473685759964,
0.683704267487462,0.789473685759964,0.683704267487462,0.789473685759964,
0.683704267487462,0.789473685759964,0.683704267487462,0.789473685759964,
0.683704267487462,0.789473685759964,0.683704267487462,0.789473685759964,
0.683704267487462,0.789473685759964,0.683704267487462,0.789473685759964,
0.683704267487462,0.789473685759964,0.683704267487462,0.789473685759964,
0.683704267487462,0.789473685759964,0.683704267487462,0.789473685759964,
0.683704267487462,0.789473685759964,0.683704267487462,0.789473685759964,
0.683704267487462,0.789473685759964,0.683704267487462,0.789473685759964,
0.683704267487462,0.789473685759964,0.683704267487462,0.789473685759964,
0.683704267487462,0.789473685759964,0.683704267487462,0.789473685759964,
0.683704267487462,0.789473685759964,0.683704267487462,0.789473685759964,
0.683704267487462,0.789473685759964,0.683704267487462,0.789473685759964,
0.683704267487462,0.789473685759964,0.683704267487462,0.789473685759964,
0.683704267487462,0.789473685759964,0.73595549989075,0.736596564691753),
(0.950032998007566,0.899246688657586,1.,0.866025403784439,1.,0.866025403784439,
1.,0.866025403784439,1.,0.866025403784439,1.,0.866025403784439,1.,0.866025403784439,
1.,0.866025403784439,1.,0.866025403784439,1.,0.866025403784439,1.,0.866025403784439,
1.,0.866025403784439,1.,0.866025403784439,1.,0.866025403784439,1.,0.866025403784439,
1.,0.866025403784439,1.,0.866025403784439,1.,0.866025403784439,1.,0.866025403784439,
1.,0.866025403784439,1.,0.866025403784439,1.,0.866025403784439,1.,0.866025403784439,
1.,0.866025403784439,1.,0.866025403784439,1.,0.866025403784439,1.,0.866025403784439,
1.,0.866025403784439,1.,0.866025403784439,1.,0.866025403784439,1.,0.866025403784439,
1.,0.866025403784439,1.,0.866025403784439,1.,0.866025403784439,1.,0.866025403784439,
1.,0.866025403784439,1.,0.866025403784439,1.,0.866025403784439,1.,0.866025403784439,
1.,0.866025403784439,1.,0.866025403784439,1.,0.866025403784439,1.,0.866025403784439,
1.,0.866025403784439,1.,0.866025403784439,1.,0.866025403784439,1.,0.866025403784439,
1.,0.866025403784439,1.,0.866025403784439,1.,0.866025403784439,1.,0.866025403784439,
1.,0.866025403784439,1.,0.866025403784439,1.,0.866025403784439,1.,0.866025403784439,
1.,0.866025403784439,1.,0.866025403784439,1.,0.866025403784439,1.,0.866025403784439,
1.,0.866025403784439,1.,0.866025403784439,1.,0.866025403784439,1.,0.932210298032041,
0.933022313445051)))
REPRESENTATION_ITEM('')
SURFACE()
);
#16=(
BOUNDED_SURFACE()
B_SPLINE_SURFACE(1,2,((#11287,#11288,#11289,#11290,#11291,#11292,#11293,
#11294,#11295,#11296,#11297,#11298,#11299,#11300,#11301,#11302,#11303,#11304,
#11305,#11306,#11307,#11308,#11309,#11310,#11311,#11312,#11313,#11314,#11315,
#11316,#11317,#11318,#11319,#11320,#11321,#11322,#11323,#11324,#11325,#11326,
#11327,#11328,#11329,#11330,#11331,#11332,#11333,#11334,#11335,#11336,#11337,
#11338,#11339,#11340,#11341,#11342,#11343,#11344,#11345,#11346,#11347,#11348,
#11349,#11350,#11351,#11352,#11353,#11354,#11355,#11356,#11357,#11358,#11359,
#11360,#11361,#11362,#11363,#11364,#11365,#11366,#11367,#11368,#11369,#11370,
#11371,#11372,#11373,#11374,#11375,#11376,#11377,#11378,#11379,#11380,#11381,
#11382,#11383,#11384,#11385,#11386,#11387,#11388,#11389,#11390,#11391,#11392,
#11393,#11394,#11395,#11396,#11397,#11398,#11399,#11400,#11401,#11402,#11403,
#11404,#11405,#11406,#11407,#11408,#11409,#11410,#11411,#11412,#11413),
(#11414,#11415,#11416,#11417,#11418,#11419,#11420,#11421,#11422,#11423,
#11424,#11425,#11426,#11427,#11428,#11429,#11430,#11431,#11432,#11433,#11434,
#11435,#11436,#11437,#11438,#11439,#11440,#11441,#11442,#11443,#11444,#11445,
#11446,#11447,#11448,#11449,#11450,#11451,#11452,#11453,#11454,#11455,#11456,
#11457,#11458,#11459,#11460,#11461,#11462,#11463,#11464,#11465,#11466,#11467,
#11468,#11469,#11470,#11471,#11472,#11473,#11474,#11475,#11476,#11477,#11478,
#11479,#11480,#11481,#11482,#11483,#11484,#11485,#11486,#11487,#11488,#11489,
#11490,#11491,#11492,#11493,#11494,#11495,#11496,#11497,#11498,#11499,#11500,
#11501,#11502,#11503,#11504,#11505,#11506,#11507,#11508,#11509,#11510,#11511,
#11512,#11513,#11514,#11515,#11516,#11517,#11518,#11519,#11520,#11521,#11522,
#11523,#11524,#11525,#11526,#11527,#11528,#11529,#11530,#11531,#11532,#11533,
#11534,#11535,#11536,#11537,#11538,#11539,#11540)),.UNSPECIFIED.,.F.,.F.,
 .F.)
B_SPLINE_SURFACE_WITH_KNOTS((2,2),(3,2,2,2,2,2,2,2,2,2,2,2,2,2,2,2,2,2,
2,2,2,2,2,2,2,2,2,2,2,2,2,2,2,2,2,2,2,2,2,2,2,2,2,2,2,2,2,2,2,2,2,2,2,2,
2,2,2,2,2,2,2,2,2,3),(0.,1.),(0.0816119985380623,0.0897435897435897,0.102564102564103,
0.115384615384615,0.128205128205128,0.141025641025641,0.153846153846154,
0.166666666666667,0.17948717948718,0.192307692307693,0.205128205128205,
0.217948717948718,0.230769230769231,0.243589743589744,0.256410256410256,
0.269230769230769,0.282051282051282,0.294871794871795,0.307692307692307,
0.32051282051282,0.333333333333334,0.346153846153846,0.358974358974359,
0.371794871794872,0.384615384615385,0.397435897435897,0.410256410256411,
0.423076923076923,0.435897435897436,0.448717948717949,0.461538461538462,
0.474358974358974,0.487179487179487,0.5,0.512820512820513,0.525641025641026,
0.538461538461538,0.551282051282051,0.564102564102564,0.576923076923077,
0.58974358974359,0.602564102564103,0.615384615384615,0.628205128205128,
0.641025641025641,0.653846153846154,0.666666666666667,0.67948717948718,
0.692307692307692,0.705128205128205,0.717948717948718,0.730769230769231,
0.743589743589744,0.756410256410256,0.769230769230769,0.782051282051282,
0.794871794871795,0.807692307692308,0.820512820512821,0.833333333333333,
0.846153846153846,0.858974358974359,0.871794871794872,0.884466232966151),
 .PIECEWISE_BEZIER_KNOTS.)
GEOMETRIC_REPRESENTATION_ITEM()
RATIONAL_B_SPLINE_SURFACE(((0.937842982412519,0.915024721428657,1.,0.866025403784439,
1.,0.866025403784439,1.,0.866025403784439,1.,0.866025403784439,1.,0.866025403784439,
1.,0.866025403784439,1.,0.866025403784439,1.,0.866025403784439,1.,0.866025403784439,
1.,0.866025403784439,1.,0.866025403784439,1.,0.866025403784439,1.,0.866025403784439,
1.,0.866025403784439,1.,0.866025403784439,1.,0.866025403784439,1.,0.866025403784439,
1.,0.866025403784439,1.,0.866025403784439,1.,0.866025403784439,1.,0.866025403784439,
1.,0.866025403784439,1.,0.866025403784439,1.,0.866025403784439,1.,0.866025403784439,
1.,0.866025403784439,1.,0.866025403784439,1.,0.866025403784439,1.,0.866025403784439,
1.,0.866025403784439,1.,0.866025403784439,1.,0.866025403784439,1.,0.866025403784439,
1.,0.866025403784439,1.,0.866025403784439,1.,0.866025403784439,1.,0.866025403784439,
1.,0.866025403784439,1.,0.866025403784439,1.,0.866025403784439,1.,0.866025403784439,
1.,0.866025403784439,1.,0.866025403784439,1.,0.866025403784439,1.,0.866025403784439,
1.,0.866025403784439,1.,0.866025403784439,1.,0.866025403784439,1.,0.866025403784439,
1.,0.866025403784439,1.,0.866025403784439,1.,0.866025403784439,1.,0.866025403784439,
1.,0.866025403784439,1.,0.866025403784439,1.,0.866025403784439,1.,0.866025403784439,
1.,0.866025403784439,1.,0.866025403784439,1.,0.866025403784439,1.,0.866025403784439,
1.,0.867584041278957,0.996918990854011),(0.937842982412519,0.915024721428657,
1.,0.866025403784439,1.,0.866025403784439,1.,0.866025403784439,1.,0.866025403784439,
1.,0.866025403784439,1.,0.866025403784439,1.,0.866025403784439,1.,0.866025403784439,
1.,0.866025403784439,1.,0.866025403784439,1.,0.866025403784439,1.,0.866025403784439,
1.,0.866025403784439,1.,0.866025403784439,1.,0.866025403784439,1.,0.866025403784439,
1.,0.866025403784439,1.,0.866025403784439,1.,0.866025403784439,1.,0.866025403784439,
1.,0.866025403784439,1.,0.866025403784439,1.,0.866025403784439,1.,0.866025403784439,
1.,0.866025403784439,1.,0.866025403784439,1.,0.866025403784439,1.,0.866025403784439,
1.,0.866025403784439,1.,0.866025403784439,1.,0.866025403784439,1.,0.866025403784439,
1.,0.866025403784439,1.,0.866025403784439,1.,0.866025403784439,1.,0.866025403784439,
1.,0.866025403784439,1.,0.866025403784439,1.,0.866025403784439,1.,0.866025403784439,
1.,0.866025403784439,1.,0.866025403784439,1.,0.866025403784439,1.,0.866025403784439,
1.,0.866025403784439,1.,0.866025403784439,1.,0.866025403784439,1.,0.866025403784439,
1.,0.866025403784439,1.,0.866025403784439,1.,0.866025403784439,1.,0.866025403784439,
1.,0.866025403784439,1.,0.866025403784439,1.,0.866025403784439,1.,0.866025403784439,
1.,0.866025403784439,1.,0.866025403784439,1.,0.866025403784439,1.,0.866025403784439,
1.,0.866025403784439,1.,0.867584041278957,0.996918990854011)))
REPRESENTATION_ITEM('')
SURFACE()
);
#17=(
BOUNDED_SURFACE()
B_SPLINE_SURFACE(1,2,((#11548,#11549,#11550,#11551,#11552,#11553,#11554,
#11555,#11556,#11557,#11558,#11559,#11560,#11561,#11562,#11563,#11564,#11565,
#11566,#11567,#11568,#11569,#11570,#11571,#11572,#11573,#11574,#11575,#11576,
#11577,#11578,#11579,#11580,#11581,#11582,#11583,#11584,#11585,#11586,#11587,
#11588,#11589,#11590,#11591,#11592,#11593,#11594,#11595,#11596,#11597,#11598,
#11599,#11600,#11601,#11602,#11603,#11604,#11605,#11606,#11607,#11608,#11609,
#11610,#11611,#11612,#11613,#11614,#11615,#11616,#11617,#11618,#11619,#11620,
#11621,#11622,#11623,#11624,#11625,#11626,#11627,#11628,#11629,#11630,#11631,
#11632,#11633,#11634,#11635,#11636,#11637,#11638,#11639,#11640,#11641,#11642,
#11643,#11644,#11645,#11646,#11647,#11648,#11649,#11650,#11651,#11652,#11653,
#11654,#11655,#11656,#11657,#11658,#11659,#11660,#11661,#11662,#11663,#11664,
#11665,#11666,#11667,#11668,#11669,#11670,#11671,#11672),(#11673,#11674,
#11675,#11676,#11677,#11678,#11679,#11680,#11681,#11682,#11683,#11684,#11685,
#11686,#11687,#11688,#11689,#11690,#11691,#11692,#11693,#11694,#11695,#11696,
#11697,#11698,#11699,#11700,#11701,#11702,#11703,#11704,#11705,#11706,#11707,
#11708,#11709,#11710,#11711,#11712,#11713,#11714,#11715,#11716,#11717,#11718,
#11719,#11720,#11721,#11722,#11723,#11724,#11725,#11726,#11727,#11728,#11729,
#11730,#11731,#11732,#11733,#11734,#11735,#11736,#11737,#11738,#11739,#11740,
#11741,#11742,#11743,#11744,#11745,#11746,#11747,#11748,#11749,#11750,#11751,
#11752,#11753,#11754,#11755,#11756,#11757,#11758,#11759,#11760,#11761,#11762,
#11763,#11764,#11765,#11766,#11767,#11768,#11769,#11770,#11771,#11772,#11773,
#11774,#11775,#11776,#11777,#11778,#11779,#11780,#11781,#11782,#11783,#11784,
#11785,#11786,#11787,#11788,#11789,#11790,#11791,#11792,#11793,#11794,#11795,
#11796,#11797)),.UNSPECIFIED.,.F.,.F.,.F.)
B_SPLINE_SURFACE_WITH_KNOTS((2,2),(3,2,2,2,2,2,2,2,2,2,2,2,2,2,2,2,2,2,
2,2,2,2,2,2,2,2,2,2,2,2,2,2,2,2,2,2,2,2,2,2,2,2,2,2,2,2,2,2,2,2,2,2,2,2,
2,2,2,2,2,2,2,2,3),(0.,1.),(0.125316560749699,0.128205128205128,0.141025641025641,
0.153846153846154,0.166666666666667,0.17948717948718,0.192307692307693,
0.205128205128205,0.217948717948718,0.230769230769231,0.243589743589744,
0.256410256410256,0.269230769230769,0.282051282051282,0.294871794871795,
0.307692307692307,0.32051282051282,0.333333333333334,0.346153846153846,
0.358974358974359,0.371794871794872,0.384615384615385,0.397435897435897,
0.410256410256411,0.423076923076923,0.435897435897436,0.448717948717949,
0.461538461538462,0.474358974358974,0.487179487179487,0.5,0.512820512820513,
0.525641025641026,0.538461538461538,0.551282051282051,0.564102564102564,
0.576923076923077,0.58974358974359,0.602564102564103,0.615384615384615,
0.628205128205128,0.641025641025641,0.653846153846154,0.666666666666667,
0.67948717948718,0.692307692307692,0.705128205128205,0.717948717948718,
0.730769230769231,0.743589743589744,0.756410256410256,0.769230769230769,
0.782051282051282,0.794871794871795,0.807692307692308,0.820512820512821,
0.833333333333333,0.846153846153846,0.858974358974359,0.871794871794872,
0.884615384615385,0.897435897435898,0.908489471498817),
 .PIECEWISE_BEZIER_KNOTS.)
GEOMETRIC_REPRESENTATION_ITEM()
RATIONAL_B_SPLINE_SURFACE(((0.953230955897292,0.969814416638365,1.,0.866025403784439,
1.,0.866025403784439,1.,0.866025403784439,1.,0.866025403784439,1.,0.866025403784439,
1.,0.866025403784439,1.,0.866025403784439,1.,0.866025403784439,1.,0.866025403784439,
1.,0.866025403784439,1.,0.866025403784439,1.,0.866025403784439,1.,0.866025403784439,
1.,0.866025403784439,1.,0.866025403784439,1.,0.866025403784439,1.,0.866025403784439,
1.,0.866025403784439,1.,0.866025403784439,1.,0.866025403784439,1.,0.866025403784439,
1.,0.866025403784439,1.,0.866025403784439,1.,0.866025403784439,1.,0.866025403784439,
1.,0.866025403784439,1.,0.866025403784439,1.,0.866025403784439,1.,0.866025403784439,
1.,0.866025403784439,1.,0.866025403784439,1.,0.866025403784439,1.,0.866025403784439,
1.,0.866025403784439,1.,0.866025403784439,1.,0.866025403784439,1.,0.866025403784439,
1.,0.866025403784439,1.,0.866025403784439,1.,0.866025403784439,1.,0.866025403784439,
1.,0.866025403784439,1.,0.866025403784439,1.,0.866025403784439,1.,0.866025403784439,
1.,0.866025403784439,1.,0.866025403784439,1.,0.866025403784439,1.,0.866025403784439,
1.,0.866025403784439,1.,0.866025403784439,1.,0.866025403784439,1.,0.866025403784439,
1.,0.866025403784439,1.,0.866025403784439,1.,0.866025403784439,1.,0.866025403784439,
1.,0.866025403784439,1.,0.866025403784439,1.,0.866025403784439,1.,0.884489946498161,
0.968160526293845),(0.953230955897292,0.969814416638365,1.,0.866025403784439,
1.,0.866025403784439,1.,0.866025403784439,1.,0.866025403784439,1.,0.866025403784439,
1.,0.866025403784439,1.,0.866025403784439,1.,0.866025403784439,1.,0.866025403784439,
1.,0.866025403784439,1.,0.866025403784439,1.,0.866025403784439,1.,0.866025403784439,
1.,0.866025403784439,1.,0.866025403784439,1.,0.866025403784439,1.,0.866025403784439,
1.,0.866025403784439,1.,0.866025403784439,1.,0.866025403784439,1.,0.866025403784439,
1.,0.866025403784439,1.,0.866025403784439,1.,0.866025403784439,1.,0.866025403784439,
1.,0.866025403784439,1.,0.866025403784439,1.,0.866025403784439,1.,0.866025403784439,
1.,0.866025403784439,1.,0.866025403784439,1.,0.866025403784439,1.,0.866025403784439,
1.,0.866025403784439,1.,0.866025403784439,1.,0.866025403784439,1.,0.866025403784439,
1.,0.866025403784439,1.,0.866025403784439,1.,0.866025403784439,1.,0.866025403784439,
1.,0.866025403784439,1.,0.866025403784439,1.,0.866025403784439,1.,0.866025403784439,
1.,0.866025403784439,1.,0.866025403784439,1.,0.866025403784439,1.,0.866025403784439,
1.,0.866025403784439,1.,0.866025403784439,1.,0.866025403784439,1.,0.866025403784439,
1.,0.866025403784439,1.,0.866025403784439,1.,0.866025403784439,1.,0.866025403784439,
1.,0.866025403784439,1.,0.866025403784439,1.,0.866025403784439,1.,0.884489946498161,
0.968160526293845)))
REPRESENTATION_ITEM('')
SURFACE()
);
#18=(
BOUNDED_CURVE()
B_SPLINE_CURVE(2,(#10151,#10152,#10153,#10154,#10155,#10156,#10157,#10158,
#10159,#10160,#10161,#10162,#10163,#10164,#10165,#10166,#10167,#10168,#10169,
#10170,#10171,#10172,#10173,#10174,#10175,#10176,#10177,#10178,#10179,#10180,
#10181,#10182,#10183,#10184,#10185,#10186,#10187,#10188,#10189,#10190,#10191,
#10192,#10193,#10194,#10195,#10196,#10197,#10198,#10199,#10200,#10201,#10202,
#10203,#10204,#10205,#10206,#10207,#10208,#10209,#10210,#10211,#10212,#10213,
#10214,#10215,#10216,#10217,#10218,#10219,#10220,#10221,#10222,#10223,#10224,
#10225,#10226,#10227,#10228,#10229,#10230,#10231,#10232,#10233,#10234,#10235,
#10236,#10237,#10238,#10239,#10240,#10241,#10242,#10243,#10244,#10245,#10246,
#10247,#10248,#10249,#10250,#10251,#10252,#10253,#10254,#10255,#10256,#10257,
#10258,#10259,#10260,#10261,#10262,#10263,#10264,#10265,#10266,#10267,#10268,
#10269,#10270,#10271,#10272,#10273,#10274,#10275,#10276,#10277,#10278,#10279,
#10280,#10281,#10282,#10283,#10284,#10285,#10286,#10287,#10288,#10289,#10290,
#10291,#10292,#10293,#10294,#10295,#10296,#10297,#10298,#10299,#10300,#10301,
#10302,#10303,#10304,#10305,#10306,#10307),.UNSPECIFIED.,.F.,.F.)
B_SPLINE_CURVE_WITH_KNOTS((3,2,2,2,2,2,2,2,2,2,2,2,2,2,2,2,2,2,2,2,2,2,
2,2,2,2,2,2,2,2,2,2,2,2,2,2,2,2,2,2,2,2,2,2,2,2,2,2,2,2,2,2,2,2,2,2,2,2,
2,2,2,2,2,2,2,2,2,2,2,2,2,2,2,2,2,2,2,2,3),(0.,0.0128205128205128,0.0256410256410257,
0.0384615384615384,0.0512820512820513,0.0641025641025641,0.0769230769230769,
0.0897435897435897,0.102564102564103,0.115384615384615,0.128205128205128,
0.141025641025641,0.153846153846154,0.166666666666667,0.17948717948718,
0.192307692307693,0.205128205128205,0.217948717948718,0.230769230769231,
0.243589743589744,0.256410256410256,0.269230769230769,0.282051282051282,
0.294871794871795,0.307692307692307,0.32051282051282,0.333333333333334,
0.346153846153846,0.358974358974359,0.371794871794872,0.384615384615385,
0.397435897435897,0.410256410256411,0.423076923076923,0.435897435897436,
0.448717948717949,0.461538461538462,0.474358974358974,0.487179487179487,
0.5,0.512820512820513,0.525641025641026,0.538461538461538,0.551282051282051,
0.564102564102564,0.576923076923077,0.58974358974359,0.602564102564103,
0.615384615384615,0.628205128205128,0.641025641025641,0.653846153846154,
0.666666666666667,0.67948717948718,0.692307692307692,0.705128205128205,
0.717948717948718,0.730769230769231,0.743589743589744,0.756410256410256,
0.769230769230769,0.782051282051282,0.794871794871795,0.807692307692308,
0.820512820512821,0.833333333333333,0.846153846153846,0.858974358974359,
0.871794871794872,0.884615384615385,0.897435897435898,0.91025641025641,
0.923076923076923,0.935897435897436,0.948717948717949,0.961538461538462,
0.974358974358974,0.987179487179487,1.),.UNSPECIFIED.)
CURVE()
GEOMETRIC_REPRESENTATION_ITEM()
RATIONAL_B_SPLINE_CURVE((1.,0.866025403784439,1.,0.866025403784439,1.,0.866025403784439,
1.,0.866025403784439,1.,0.866025403784439,1.,0.866025403784439,1.,0.866025403784439,
1.,0.866025403784439,1.,0.866025403784439,1.,0.866025403784439,1.,0.866025403784439,
1.,0.866025403784439,1.,0.866025403784439,1.,0.866025403784439,1.,0.866025403784439,
1.,0.866025403784439,1.,0.866025403784439,1.,0.866025403784439,1.,0.866025403784439,
1.,0.866025403784439,1.,0.866025403784439,1.,0.866025403784439,1.,0.866025403784439,
1.,0.866025403784439,1.,0.866025403784439,1.,0.866025403784439,1.,0.866025403784439,
1.,0.866025403784439,1.,0.866025403784439,1.,0.866025403784439,1.,0.866025403784439,
1.,0.866025403784439,1.,0.866025403784439,1.,0.866025403784439,1.,0.866025403784439,
1.,0.866025403784439,1.,0.866025403784439,1.,0.866025403784439,1.,0.866025403784439,
1.,0.866025403784439,1.,0.866025403784439,1.,0.866025403784439,1.,0.866025403784439,
1.,0.866025403784439,1.,0.866025403784439,1.,0.866025403784439,1.,0.866025403784439,
1.,0.866025403784439,1.,0.866025403784439,1.,0.866025403784439,1.,0.866025403784439,
1.,0.866025403784439,1.,0.866025403784439,1.,0.866025403784439,1.,0.866025403784439,
1.,0.866025403784439,1.,0.866025403784439,1.,0.866025403784439,1.,0.866025403784439,
1.,0.866025403784439,1.,0.866025403784439,1.,0.866025403784439,1.,0.866025403784439,
1.,0.866025403784439,1.,0.866025403784439,1.,0.866025403784439,1.,0.866025403784439,
1.,0.866025403784439,1.,0.866025403784439,1.,0.866025403784439,1.,0.866025403784439,
1.,0.866025403784439,1.,0.866025403784439,1.,0.866025403784439,1.,0.866025403784439,
1.,0.866025403784439,1.,0.866025403784439,1.,0.866025403784439,1.))
REPRESENTATION_ITEM('')
);
#19=(
BOUNDED_CURVE()
B_SPLINE_CURVE(2,(#10308,#10309,#10310,#10311,#10312,#10313,#10314,#10315,
#10316,#10317,#10318,#10319,#10320,#10321,#10322,#10323,#10324,#10325,#10326,
#10327,#10328,#10329,#10330,#10331,#10332,#10333,#10334,#10335,#10336,#10337,
#10338,#10339,#10340,#10341,#10342,#10343,#10344,#10345,#10346,#10347,#10348,
#10349,#10350,#10351,#10352,#10353,#10354,#10355,#10356,#10357,#10358,#10359,
#10360,#10361,#10362,#10363,#10364,#10365,#10366,#10367,#10368,#10369,#10370,
#10371,#10372,#10373,#10374,#10375,#10376,#10377,#10378,#10379,#10380,#10381,
#10382,#10383,#10384,#10385,#10386,#10387,#10388,#10389,#10390,#10391,#10392,
#10393,#10394,#10395,#10396,#10397,#10398,#10399,#10400,#10401,#10402,#10403,
#10404,#10405,#10406,#10407,#10408,#10409,#10410,#10411,#10412,#10413,#10414,
#10415,#10416,#10417,#10418,#10419,#10420,#10421,#10422,#10423,#10424,#10425,
#10426,#10427,#10428,#10429,#10430,#10431,#10432,#10433,#10434,#10435,#10436,
#10437,#10438,#10439,#10440,#10441,#10442,#10443,#10444,#10445,#10446,#10447,
#10448,#10449,#10450,#10451,#10452,#10453,#10454,#10455,#10456,#10457,#10458,
#10459,#10460,#10461,#10462,#10463,#10464),.UNSPECIFIED.,.F.,.F.)
B_SPLINE_CURVE_WITH_KNOTS((3,2,2,2,2,2,2,2,2,2,2,2,2,2,2,2,2,2,2,2,2,2,
2,2,2,2,2,2,2,2,2,2,2,2,2,2,2,2,2,2,2,2,2,2,2,2,2,2,2,2,2,2,2,2,2,2,2,2,
2,2,2,2,2,2,2,2,2,2,2,2,2,2,2,2,2,2,2,2,3),(0.,0.0128205128205128,0.0256410256410257,
0.0384615384615384,0.0512820512820513,0.0641025641025641,0.0769230769230769,
0.0897435897435897,0.102564102564103,0.115384615384615,0.128205128205128,
0.141025641025641,0.153846153846154,0.166666666666667,0.17948717948718,
0.192307692307693,0.205128205128205,0.217948717948718,0.230769230769231,
0.243589743589744,0.256410256410256,0.269230769230769,0.282051282051282,
0.294871794871795,0.307692307692307,0.32051282051282,0.333333333333334,
0.346153846153846,0.358974358974359,0.371794871794872,0.384615384615385,
0.397435897435897,0.410256410256411,0.423076923076923,0.435897435897436,
0.448717948717949,0.461538461538462,0.474358974358974,0.487179487179487,
0.5,0.512820512820513,0.525641025641026,0.538461538461538,0.551282051282051,
0.564102564102564,0.576923076923077,0.58974358974359,0.602564102564103,
0.615384615384615,0.628205128205128,0.641025641025641,0.653846153846154,
0.666666666666667,0.67948717948718,0.692307692307692,0.705128205128205,
0.717948717948718,0.730769230769231,0.743589743589744,0.756410256410256,
0.769230769230769,0.782051282051282,0.794871794871795,0.807692307692308,
0.820512820512821,0.833333333333333,0.846153846153846,0.858974358974359,
0.871794871794872,0.884615384615385,0.897435897435898,0.91025641025641,
0.923076923076923,0.935897435897436,0.948717948717949,0.961538461538462,
0.974358974358974,0.987179487179487,1.),.UNSPECIFIED.)
CURVE()
GEOMETRIC_REPRESENTATION_ITEM()
RATIONAL_B_SPLINE_CURVE((1.,0.866025403784439,1.,0.866025403784439,1.,0.866025403784439,
1.,0.866025403784439,1.,0.866025403784439,1.,0.866025403784439,1.,0.866025403784439,
1.,0.866025403784439,1.,0.866025403784439,1.,0.866025403784439,1.,0.866025403784439,
1.,0.866025403784439,1.,0.866025403784439,1.,0.866025403784439,1.,0.866025403784439,
1.,0.866025403784439,1.,0.866025403784439,1.,0.866025403784439,1.,0.866025403784439,
1.,0.866025403784439,1.,0.866025403784439,1.,0.866025403784439,1.,0.866025403784439,
1.,0.866025403784439,1.,0.866025403784439,1.,0.866025403784439,1.,0.866025403784439,
1.,0.866025403784439,1.,0.866025403784439,1.,0.866025403784439,1.,0.866025403784439,
1.,0.866025403784439,1.,0.866025403784439,1.,0.866025403784439,1.,0.866025403784439,
1.,0.866025403784439,1.,0.866025403784439,1.,0.866025403784439,1.,0.866025403784439,
1.,0.866025403784439,1.,0.866025403784439,1.,0.866025403784439,1.,0.866025403784439,
1.,0.866025403784439,1.,0.866025403784439,1.,0.866025403784439,1.,0.866025403784439,
1.,0.866025403784439,1.,0.866025403784439,1.,0.866025403784439,1.,0.866025403784439,
1.,0.866025403784439,1.,0.866025403784439,1.,0.866025403784439,1.,0.866025403784439,
1.,0.866025403784439,1.,0.866025403784439,1.,0.866025403784439,1.,0.866025403784439,
1.,0.866025403784439,1.,0.866025403784439,1.,0.866025403784439,1.,0.866025403784439,
1.,0.866025403784439,1.,0.866025403784439,1.,0.866025403784439,1.,0.866025403784439,
1.,0.866025403784439,1.,0.866025403784439,1.,0.866025403784439,1.,0.866025403784439,
1.,0.866025403784439,1.,0.866025403784439,1.,0.866025403784439,1.,0.866025403784439,
1.,0.866025403784439,1.,0.866025403784439,1.,0.866025403784439,1.))
REPRESENTATION_ITEM('')
);
#20=(
BOUNDED_CURVE()
B_SPLINE_CURVE(2,(#10973,#10974,#10975,#10976,#10977,#10978,#10979,#10980,
#10981,#10982,#10983,#10984,#10985,#10986,#10987,#10988,#10989,#10990,#10991,
#10992,#10993,#10994,#10995,#10996,#10997,#10998,#10999,#11000,#11001,#11002,
#11003,#11004,#11005,#11006,#11007,#11008,#11009,#11010,#11011,#11012,#11013,
#11014,#11015,#11016,#11017,#11018,#11019,#11020,#11021,#11022,#11023,#11024,
#11025,#11026,#11027,#11028,#11029,#11030,#11031,#11032,#11033,#11034,#11035,
#11036,#11037,#11038,#11039,#11040,#11041,#11042,#11043,#11044,#11045,#11046,
#11047,#11048,#11049,#11050,#11051,#11052,#11053,#11054,#11055,#11056,#11057,
#11058,#11059,#11060,#11061,#11062,#11063,#11064,#11065,#11066,#11067,#11068,
#11069,#11070,#11071,#11072,#11073,#11074,#11075,#11076,#11077,#11078,#11079,
#11080,#11081,#11082,#11083,#11084,#11085,#11086,#11087,#11088,#11089,#11090,
#11091,#11092,#11093,#11094,#11095,#11096,#11097,#11098,#11099,#11100,#11101,
#11102,#11103,#11104,#11105,#11106,#11107,#11108,#11109,#11110,#11111,#11112,
#11113,#11114,#11115,#11116,#11117,#11118,#11119,#11120,#11121,#11122,#11123,
#11124,#11125,#11126,#11127,#11128,#11129),.UNSPECIFIED.,.F.,.F.)
B_SPLINE_CURVE_WITH_KNOTS((3,2,2,2,2,2,2,2,2,2,2,2,2,2,2,2,2,2,2,2,2,2,
2,2,2,2,2,2,2,2,2,2,2,2,2,2,2,2,2,2,2,2,2,2,2,2,2,2,2,2,2,2,2,2,2,2,2,2,
2,2,2,2,2,2,2,2,2,2,2,2,2,2,2,2,2,2,2,2,3),(0.,0.0128205128205128,0.0256410256410257,
0.0384615384615384,0.0512820512820513,0.0641025641025641,0.0769230769230769,
0.0897435897435897,0.102564102564103,0.115384615384615,0.128205128205128,
0.141025641025641,0.153846153846154,0.166666666666667,0.17948717948718,
0.192307692307693,0.205128205128205,0.217948717948718,0.230769230769231,
0.243589743589744,0.256410256410256,0.269230769230769,0.282051282051282,
0.294871794871795,0.307692307692307,0.32051282051282,0.333333333333334,
0.346153846153846,0.358974358974359,0.371794871794872,0.384615384615385,
0.397435897435897,0.410256410256411,0.423076923076923,0.435897435897436,
0.448717948717949,0.461538461538462,0.474358974358974,0.487179487179487,
0.5,0.512820512820513,0.525641025641026,0.538461538461538,0.551282051282051,
0.564102564102564,0.576923076923077,0.58974358974359,0.602564102564103,
0.615384615384615,0.628205128205128,0.641025641025641,0.653846153846154,
0.666666666666667,0.67948717948718,0.692307692307692,0.705128205128205,
0.717948717948718,0.730769230769231,0.743589743589744,0.756410256410256,
0.769230769230769,0.782051282051282,0.794871794871795,0.807692307692308,
0.820512820512821,0.833333333333333,0.846153846153846,0.858974358974359,
0.871794871794872,0.884615384615385,0.897435897435898,0.91025641025641,
0.923076923076923,0.935897435897436,0.948717948717949,0.961538461538462,
0.974358974358974,0.987179487179487,1.),.UNSPECIFIED.)
CURVE()
GEOMETRIC_REPRESENTATION_ITEM()
RATIONAL_B_SPLINE_CURVE((1.,0.866025403784439,1.,0.866025403784439,1.,0.866025403784439,
1.,0.866025403784439,1.,0.866025403784439,1.,0.866025403784439,1.,0.866025403784439,
1.,0.866025403784439,1.,0.866025403784439,1.,0.866025403784439,1.,0.866025403784439,
1.,0.866025403784439,1.,0.866025403784439,1.,0.866025403784439,1.,0.866025403784439,
1.,0.866025403784439,1.,0.866025403784439,1.,0.866025403784439,1.,0.866025403784439,
1.,0.866025403784439,1.,0.866025403784439,1.,0.866025403784439,1.,0.866025403784439,
1.,0.866025403784439,1.,0.866025403784439,1.,0.866025403784439,1.,0.866025403784439,
1.,0.866025403784439,1.,0.866025403784439,1.,0.866025403784439,1.,0.866025403784439,
1.,0.866025403784439,1.,0.866025403784439,1.,0.866025403784439,1.,0.866025403784439,
1.,0.866025403784439,1.,0.866025403784439,1.,0.866025403784439,1.,0.866025403784439,
1.,0.866025403784439,1.,0.866025403784439,1.,0.866025403784439,1.,0.866025403784439,
1.,0.866025403784439,1.,0.866025403784439,1.,0.866025403784439,1.,0.866025403784439,
1.,0.866025403784439,1.,0.866025403784439,1.,0.866025403784439,1.,0.866025403784439,
1.,0.866025403784439,1.,0.866025403784439,1.,0.866025403784439,1.,0.866025403784439,
1.,0.866025403784439,1.,0.866025403784439,1.,0.866025403784439,1.,0.866025403784439,
1.,0.866025403784439,1.,0.866025403784439,1.,0.866025403784439,1.,0.866025403784439,
1.,0.866025403784439,1.,0.866025403784439,1.,0.866025403784439,1.,0.866025403784439,
1.,0.866025403784439,1.,0.866025403784439,1.,0.866025403784439,1.,0.866025403784439,
1.,0.866025403784439,1.,0.866025403784439,1.,0.866025403784439,1.,0.866025403784439,
1.,0.866025403784439,1.,0.866025403784439,1.,0.866025403784439,1.))
REPRESENTATION_ITEM('')
);
#21=(
BOUNDED_CURVE()
B_SPLINE_CURVE(2,(#11130,#11131,#11132,#11133,#11134,#11135,#11136,#11137,
#11138,#11139,#11140,#11141,#11142,#11143,#11144,#11145,#11146,#11147,#11148,
#11149,#11150,#11151,#11152,#11153,#11154,#11155,#11156,#11157,#11158,#11159,
#11160,#11161,#11162,#11163,#11164,#11165,#11166,#11167,#11168,#11169,#11170,
#11171,#11172,#11173,#11174,#11175,#11176,#11177,#11178,#11179,#11180,#11181,
#11182,#11183,#11184,#11185,#11186,#11187,#11188,#11189,#11190,#11191,#11192,
#11193,#11194,#11195,#11196,#11197,#11198,#11199,#11200,#11201,#11202,#11203,
#11204,#11205,#11206,#11207,#11208,#11209,#11210,#11211,#11212,#11213,#11214,
#11215,#11216,#11217,#11218,#11219,#11220,#11221,#11222,#11223,#11224,#11225,
#11226,#11227,#11228,#11229,#11230,#11231,#11232,#11233,#11234,#11235,#11236,
#11237,#11238,#11239,#11240,#11241,#11242,#11243,#11244,#11245,#11246,#11247,
#11248,#11249,#11250,#11251,#11252,#11253,#11254,#11255,#11256,#11257,#11258,
#11259,#11260,#11261,#11262,#11263,#11264,#11265,#11266,#11267,#11268,#11269,
#11270,#11271,#11272,#11273,#11274,#11275,#11276,#11277,#11278,#11279,#11280,
#11281,#11282,#11283,#11284,#11285,#11286),.UNSPECIFIED.,.F.,.F.)
B_SPLINE_CURVE_WITH_KNOTS((3,2,2,2,2,2,2,2,2,2,2,2,2,2,2,2,2,2,2,2,2,2,
2,2,2,2,2,2,2,2,2,2,2,2,2,2,2,2,2,2,2,2,2,2,2,2,2,2,2,2,2,2,2,2,2,2,2,2,
2,2,2,2,2,2,2,2,2,2,2,2,2,2,2,2,2,2,2,2,3),(0.,0.0128205128205128,0.0256410256410257,
0.0384615384615384,0.0512820512820513,0.0641025641025641,0.0769230769230769,
0.0897435897435897,0.102564102564103,0.115384615384615,0.128205128205128,
0.141025641025641,0.153846153846154,0.166666666666667,0.17948717948718,
0.192307692307693,0.205128205128205,0.217948717948718,0.230769230769231,
0.243589743589744,0.256410256410256,0.269230769230769,0.282051282051282,
0.294871794871795,0.307692307692307,0.32051282051282,0.333333333333334,
0.346153846153846,0.358974358974359,0.371794871794872,0.384615384615385,
0.397435897435897,0.410256410256411,0.423076923076923,0.435897435897436,
0.448717948717949,0.461538461538462,0.474358974358974,0.487179487179487,
0.5,0.512820512820513,0.525641025641026,0.538461538461538,0.551282051282051,
0.564102564102564,0.576923076923077,0.58974358974359,0.602564102564103,
0.615384615384615,0.628205128205128,0.641025641025641,0.653846153846154,
0.666666666666667,0.67948717948718,0.692307692307692,0.705128205128205,
0.717948717948718,0.730769230769231,0.743589743589744,0.756410256410256,
0.769230769230769,0.782051282051282,0.794871794871795,0.807692307692308,
0.820512820512821,0.833333333333333,0.846153846153846,0.858974358974359,
0.871794871794872,0.884615384615385,0.897435897435898,0.91025641025641,
0.923076923076923,0.935897435897436,0.948717948717949,0.961538461538462,
0.974358974358974,0.987179487179487,1.),.UNSPECIFIED.)
CURVE()
GEOMETRIC_REPRESENTATION_ITEM()
RATIONAL_B_SPLINE_CURVE((1.,0.866025403784439,1.,0.866025403784439,1.,0.866025403784439,
1.,0.866025403784439,1.,0.866025403784439,1.,0.866025403784439,1.,0.866025403784439,
1.,0.866025403784439,1.,0.866025403784439,1.,0.866025403784439,1.,0.866025403784439,
1.,0.866025403784439,1.,0.866025403784439,1.,0.866025403784439,1.,0.866025403784439,
1.,0.866025403784439,1.,0.866025403784439,1.,0.866025403784439,1.,0.866025403784439,
1.,0.866025403784439,1.,0.866025403784439,1.,0.866025403784439,1.,0.866025403784439,
1.,0.866025403784439,1.,0.866025403784439,1.,0.866025403784439,1.,0.866025403784439,
1.,0.866025403784439,1.,0.866025403784439,1.,0.866025403784439,1.,0.866025403784439,
1.,0.866025403784439,1.,0.866025403784439,1.,0.866025403784439,1.,0.866025403784439,
1.,0.866025403784439,1.,0.866025403784439,1.,0.866025403784439,1.,0.866025403784439,
1.,0.866025403784439,1.,0.866025403784439,1.,0.866025403784439,1.,0.866025403784439,
1.,0.866025403784439,1.,0.866025403784439,1.,0.866025403784439,1.,0.866025403784439,
1.,0.866025403784439,1.,0.866025403784439,1.,0.866025403784439,1.,0.866025403784439,
1.,0.866025403784439,1.,0.866025403784439,1.,0.866025403784439,1.,0.866025403784439,
1.,0.866025403784439,1.,0.866025403784439,1.,0.866025403784439,1.,0.866025403784439,
1.,0.866025403784439,1.,0.866025403784439,1.,0.866025403784439,1.,0.866025403784439,
1.,0.866025403784439,1.,0.866025403784439,1.,0.866025403784439,1.,0.866025403784439,
1.,0.866025403784439,1.,0.866025403784439,1.,0.866025403784439,1.,0.866025403784439,
1.,0.866025403784439,1.,0.866025403784439,1.,0.866025403784439,1.,0.866025403784439,
1.,0.866025403784439,1.,0.866025403784439,1.,0.866025403784439,1.))
REPRESENTATION_ITEM('')
);
#22=B_SPLINE_CURVE_WITH_KNOTS('',3,(#9726,#9727,#9728,#9729,#9730),
 .UNSPECIFIED.,.F.,.F.,(4,1,4),(4.27126121008326E-18,0.000879880230544045,
0.00175976046108809),.UNSPECIFIED.);
#23=B_SPLINE_CURVE_WITH_KNOTS('',3,(#9733,#9734,#9735,#9736,#9737),
 .UNSPECIFIED.,.F.,.F.,(4,1,4),(0.,0.000612671331571469,0.00122534266314294),
 .UNSPECIFIED.);
#24=B_SPLINE_CURVE_WITH_KNOTS('',3,(#9739,#9740,#9741,#9742,#9743),
 .UNSPECIFIED.,.F.,.F.,(4,1,4),(0.,0.000876609213860316,0.00175321842772063),
 .UNSPECIFIED.);
#25=B_SPLINE_CURVE_WITH_KNOTS('',3,(#10129,#10130,#10131,#10132,#10133),
 .UNSPECIFIED.,.F.,.F.,(4,1,4),(3.03452674178388E-17,0.000612671331571481,
0.00122534266314293),.UNSPECIFIED.);
#26=B_SPLINE_CURVE_WITH_KNOTS('',3,(#10136,#10137,#10138,#10139),
 .UNSPECIFIED.,.F.,.F.,(4,4),(0.,0.000114004425006767),.UNSPECIFIED.);
#27=B_SPLINE_CURVE_WITH_KNOTS('',3,(#10143,#10144,#10145,#10146),
 .UNSPECIFIED.,.F.,.F.,(4,4),(0.00163388761302116,0.00175321842772064),
 .UNSPECIFIED.);
#28=B_SPLINE_CURVE_WITH_KNOTS('',3,(#11541,#11542,#11543,#11544,#11545,
#11546,#11547),.UNSPECIFIED.,.F.,.F.,(4,1,1,1,4),(2.44752866325154E-14,
0.000758470299498229,0.00151694059897198,0.00227541089844574,0.00303388119791949),
 .UNSPECIFIED.);
#29=B_SPLINE_CURVE_WITH_KNOTS('',3,(#11798,#11799,#11800,#11801),
 .UNSPECIFIED.,.F.,.F.,(4,4),(0.,0.0003070650869438),.UNSPECIFIED.);
#30=CONTEXT_DEPENDENT_SHAPE_REPRESENTATION(#44,#12292);
#31=CONTEXT_DEPENDENT_SHAPE_REPRESENTATION(#45,#12294);
#32=CONTEXT_DEPENDENT_SHAPE_REPRESENTATION(#46,#12295);
#33=CONTEXT_DEPENDENT_SHAPE_REPRESENTATION(#47,#12297);
#34=CONTEXT_DEPENDENT_SHAPE_REPRESENTATION(#48,#12299);
#35=CONTEXT_DEPENDENT_SHAPE_REPRESENTATION(#49,#12300);
#36=CONTEXT_DEPENDENT_SHAPE_REPRESENTATION(#50,#12301);
#37=NEXT_ASSEMBLY_USAGE_OCCURRENCE('NAUO1','Stabilizer Housing',
'Stabilizer Housing',#12302,#12303,'');
#38=NEXT_ASSEMBLY_USAGE_OCCURRENCE('NAUO2','M2 Insert','M2 Insert',#12302,
#12304,'');
#39=NEXT_ASSEMBLY_USAGE_OCCURRENCE('NAUO3','M2 Insert','M2 Insert',#12302,
#12304,'');
#40=NEXT_ASSEMBLY_USAGE_OCCURRENCE('NAUO4','Stabilizer Insert',
'Stabilizer Insert',#12302,#12305,'');
#41=NEXT_ASSEMBLY_USAGE_OCCURRENCE('NAUO5','7U Stabilizer Bar',
'7U Stabilizer Bar',#12302,#12306,'');
#42=NEXT_ASSEMBLY_USAGE_OCCURRENCE('NAUO6','Stabilizer Insert',
'Stabilizer Insert',#12302,#12305,'');
#43=NEXT_ASSEMBLY_USAGE_OCCURRENCE('NAUO7','Stabilizer Housing',
'Stabilizer Housing',#12302,#12303,'');
#44=(
REPRESENTATION_RELATIONSHIP(' ',' ',#6229,#6228)
REPRESENTATION_RELATIONSHIP_WITH_TRANSFORMATION(#51)
SHAPE_REPRESENTATION_RELATIONSHIP()
);
#45=(
REPRESENTATION_RELATIONSHIP(' ',' ',#6230,#6228)
REPRESENTATION_RELATIONSHIP_WITH_TRANSFORMATION(#52)
SHAPE_REPRESENTATION_RELATIONSHIP()
);
#46=(
REPRESENTATION_RELATIONSHIP(' ',' ',#6230,#6228)
REPRESENTATION_RELATIONSHIP_WITH_TRANSFORMATION(#53)
SHAPE_REPRESENTATION_RELATIONSHIP()
);
#47=(
REPRESENTATION_RELATIONSHIP(' ',' ',#6231,#6228)
REPRESENTATION_RELATIONSHIP_WITH_TRANSFORMATION(#54)
SHAPE_REPRESENTATION_RELATIONSHIP()
);
#48=(
REPRESENTATION_RELATIONSHIP(' ',' ',#6232,#6228)
REPRESENTATION_RELATIONSHIP_WITH_TRANSFORMATION(#55)
SHAPE_REPRESENTATION_RELATIONSHIP()
);
#49=(
REPRESENTATION_RELATIONSHIP(' ',' ',#6231,#6228)
REPRESENTATION_RELATIONSHIP_WITH_TRANSFORMATION(#56)
SHAPE_REPRESENTATION_RELATIONSHIP()
);
#50=(
REPRESENTATION_RELATIONSHIP(' ',' ',#6229,#6228)
REPRESENTATION_RELATIONSHIP_WITH_TRANSFORMATION(#57)
SHAPE_REPRESENTATION_RELATIONSHIP()
);
#51=ITEM_DEFINED_TRANSFORMATION(' ',' ',#6233,#6614);
#52=ITEM_DEFINED_TRANSFORMATION(' ',' ',#6233,#6814);
#53=ITEM_DEFINED_TRANSFORMATION(' ',' ',#6233,#6815);
#54=ITEM_DEFINED_TRANSFORMATION(' ',' ',#6233,#6866);
#55=ITEM_DEFINED_TRANSFORMATION(' ',' ',#6233,#6884);
#56=ITEM_DEFINED_TRANSFORMATION(' ',' ',#6233,#6885);
#57=ITEM_DEFINED_TRANSFORMATION(' ',' ',#6233,#6886);
#58=SHAPE_REPRESENTATION_RELATIONSHIP('','',#6229,#62);
#59=SHAPE_REPRESENTATION_RELATIONSHIP('','',#6230,#63);
#60=SHAPE_REPRESENTATION_RELATIONSHIP('','',#6231,#64);
#61=SHAPE_REPRESENTATION_RELATIONSHIP('','',#6232,#65);
#62=ADVANCED_BREP_SHAPE_REPRESENTATION('',(#6219),#12278);
#63=ADVANCED_BREP_SHAPE_REPRESENTATION('',(#6220),#12279);
#64=ADVANCED_BREP_SHAPE_REPRESENTATION('',(#6221),#12280);
#65=ADVANCED_BREP_SHAPE_REPRESENTATION('',(#6222),#12281);
#66=ELLIPSE('',#6448,0.000250036439540759,0.00025);
#67=ELLIPSE('',#6553,0.00188216219539378,0.001875);
#68=ELLIPSE('',#6557,0.00225859463447254,0.00225);
#69=ELLIPSE('',#6560,0.00103527618041009,0.001);
#70=ELLIPSE('',#6564,0.00232937140592269,0.00225);
#71=CYLINDRICAL_SURFACE('',#6331,0.001875);
#72=CYLINDRICAL_SURFACE('',#6333,0.001875);
#73=CYLINDRICAL_SURFACE('',#6335,0.001875);
#74=CYLINDRICAL_SURFACE('',#6337,0.001875);
#75=CYLINDRICAL_SURFACE('',#6339,0.001875);
#76=CYLINDRICAL_SURFACE('',#6341,0.001875);
#77=CYLINDRICAL_SURFACE('',#6343,0.001875);
#78=CYLINDRICAL_SURFACE('',#6345,0.001875);
#79=CYLINDRICAL_SURFACE('',#6347,0.001875);
#80=CYLINDRICAL_SURFACE('',#6349,0.001875);
#81=CYLINDRICAL_SURFACE('',#6351,0.001875);
#82=CYLINDRICAL_SURFACE('',#6353,0.001875);
#83=CYLINDRICAL_SURFACE('',#6355,0.001875);
#84=CYLINDRICAL_SURFACE('',#6357,0.001875);
#85=CYLINDRICAL_SURFACE('',#6359,0.001875);
#86=CYLINDRICAL_SURFACE('',#6361,0.001875);
#87=CYLINDRICAL_SURFACE('',#6363,0.001875);
#88=CYLINDRICAL_SURFACE('',#6365,0.001875);
#89=CYLINDRICAL_SURFACE('',#6367,0.001875);
#90=CYLINDRICAL_SURFACE('',#6369,0.001875);
#91=CYLINDRICAL_SURFACE('',#6371,0.001875);
#92=CYLINDRICAL_SURFACE('',#6373,0.001875);
#93=CYLINDRICAL_SURFACE('',#6375,0.001875);
#94=CYLINDRICAL_SURFACE('',#6377,0.001875);
#95=CYLINDRICAL_SURFACE('',#6379,0.001875);
#96=CYLINDRICAL_SURFACE('',#6381,0.001875);
#97=CYLINDRICAL_SURFACE('',#6383,0.001875);
#98=CYLINDRICAL_SURFACE('',#6385,0.001875);
#99=CYLINDRICAL_SURFACE('',#6387,0.001875);
#100=CYLINDRICAL_SURFACE('',#6389,0.001875);
#101=CYLINDRICAL_SURFACE('',#6391,0.001875);
#102=CYLINDRICAL_SURFACE('',#6393,0.001875);
#103=CYLINDRICAL_SURFACE('',#6395,0.001875);
#104=CYLINDRICAL_SURFACE('',#6397,0.001875);
#105=CYLINDRICAL_SURFACE('',#6399,0.001875);
#106=CYLINDRICAL_SURFACE('',#6401,0.001875);
#107=CYLINDRICAL_SURFACE('',#6403,0.001875);
#108=CYLINDRICAL_SURFACE('',#6405,0.001875);
#109=CYLINDRICAL_SURFACE('',#6407,0.001875);
#110=CYLINDRICAL_SURFACE('',#6409,0.001875);
#111=CYLINDRICAL_SURFACE('',#6411,0.001875);
#112=CYLINDRICAL_SURFACE('',#6413,0.001875);
#113=CYLINDRICAL_SURFACE('',#6415,0.001875);
#114=CYLINDRICAL_SURFACE('',#6417,0.001875);
#115=CYLINDRICAL_SURFACE('',#6419,0.001875);
#116=CYLINDRICAL_SURFACE('',#6421,0.001875);
#117=CYLINDRICAL_SURFACE('',#6438,0.00025);
#118=CYLINDRICAL_SURFACE('',#6440,0.00025);
#119=CYLINDRICAL_SURFACE('',#6443,0.00025);
#120=CYLINDRICAL_SURFACE('',#6447,0.00025);
#121=CYLINDRICAL_SURFACE('',#6460,0.00025);
#122=CYLINDRICAL_SURFACE('',#6463,0.00025);
#123=CYLINDRICAL_SURFACE('',#6466,0.00025);
#124=CYLINDRICAL_SURFACE('',#6470,0.00025);
#125=CYLINDRICAL_SURFACE('',#6482,0.001875);
#126=CYLINDRICAL_SURFACE('',#6488,0.00225);
#127=CYLINDRICAL_SURFACE('',#6550,0.001875);
#128=CYLINDRICAL_SURFACE('',#6552,0.001875);
#129=CYLINDRICAL_SURFACE('',#6559,0.001);
#130=CYLINDRICAL_SURFACE('',#6563,0.00225);
#131=CYLINDRICAL_SURFACE('',#6567,0.000124999999999999);
#132=CYLINDRICAL_SURFACE('',#6568,0.000125000000000001);
#133=CYLINDRICAL_SURFACE('',#6569,0.000125);
#134=CYLINDRICAL_SURFACE('',#6570,0.000125);
#135=CYLINDRICAL_SURFACE('',#6571,0.000125);
#136=CYLINDRICAL_SURFACE('',#6572,0.000125);
#137=CYLINDRICAL_SURFACE('',#6573,0.000125);
#138=CYLINDRICAL_SURFACE('',#6574,0.000125);
#139=CYLINDRICAL_SURFACE('',#6575,0.000125);
#140=CYLINDRICAL_SURFACE('',#6576,0.000125);
#141=CYLINDRICAL_SURFACE('',#6577,0.000125);
#142=CYLINDRICAL_SURFACE('',#6578,0.000125);
#143=CYLINDRICAL_SURFACE('',#6579,0.000125);
#144=CYLINDRICAL_SURFACE('',#6580,0.000125);
#145=CYLINDRICAL_SURFACE('',#6581,0.000125);
#146=CYLINDRICAL_SURFACE('',#6582,0.000125);
#147=CYLINDRICAL_SURFACE('',#6583,0.000125);
#148=CYLINDRICAL_SURFACE('',#6584,0.000125);
#149=CYLINDRICAL_SURFACE('',#6585,0.000125);
#150=CYLINDRICAL_SURFACE('',#6586,0.000125);
#151=CYLINDRICAL_SURFACE('',#6587,0.000125);
#152=CYLINDRICAL_SURFACE('',#6588,0.000125);
#153=CYLINDRICAL_SURFACE('',#6589,0.000125);
#154=CYLINDRICAL_SURFACE('',#6590,0.000125);
#155=CYLINDRICAL_SURFACE('',#6591,0.000125);
#156=CYLINDRICAL_SURFACE('',#6592,0.000125);
#157=CYLINDRICAL_SURFACE('',#6593,0.000125);
#158=CYLINDRICAL_SURFACE('',#6594,0.000125);
#159=CYLINDRICAL_SURFACE('',#6595,0.000125);
#160=CYLINDRICAL_SURFACE('',#6596,0.000125);
#161=CYLINDRICAL_SURFACE('',#6597,0.000125);
#162=CYLINDRICAL_SURFACE('',#6598,0.000125);
#163=CYLINDRICAL_SURFACE('',#6599,0.000125);
#164=CYLINDRICAL_SURFACE('',#6600,0.000125);
#165=CYLINDRICAL_SURFACE('',#6601,0.000125);
#166=CYLINDRICAL_SURFACE('',#6602,0.000125);
#167=CYLINDRICAL_SURFACE('',#6603,0.000125);
#168=CYLINDRICAL_SURFACE('',#6604,0.000125);
#169=CYLINDRICAL_SURFACE('',#6605,0.000125000000000002);
#170=CYLINDRICAL_SURFACE('',#6606,0.000125);
#171=CYLINDRICAL_SURFACE('',#6607,0.000125000000000002);
#172=CYLINDRICAL_SURFACE('',#6608,0.000125);
#173=CYLINDRICAL_SURFACE('',#6609,0.000125);
#174=CYLINDRICAL_SURFACE('',#6610,0.000125000000000001);
#175=CYLINDRICAL_SURFACE('',#6611,0.000125);
#176=CYLINDRICAL_SURFACE('',#6612,0.000125);
#177=CYLINDRICAL_SURFACE('',#6613,0.000124999999999998);
#178=CYLINDRICAL_SURFACE('',#6713,0.001375);
#179=CYLINDRICAL_SURFACE('',#6717,0.001);
#180=CYLINDRICAL_SURFACE('',#6767,0.000124999999999998);
#181=CYLINDRICAL_SURFACE('',#6768,0.000125);
#182=CYLINDRICAL_SURFACE('',#6769,0.000125);
#183=CYLINDRICAL_SURFACE('',#6770,0.000125000000000001);
#184=CYLINDRICAL_SURFACE('',#6771,0.000125);
#185=CYLINDRICAL_SURFACE('',#6772,0.000125);
#186=CYLINDRICAL_SURFACE('',#6773,0.000125000000000002);
#187=CYLINDRICAL_SURFACE('',#6774,0.000125);
#188=CYLINDRICAL_SURFACE('',#6775,0.000125000000000002);
#189=CYLINDRICAL_SURFACE('',#6776,0.000125);
#190=CYLINDRICAL_SURFACE('',#6777,0.000125);
#191=CYLINDRICAL_SURFACE('',#6778,0.000125);
#192=CYLINDRICAL_SURFACE('',#6779,0.000125);
#193=CYLINDRICAL_SURFACE('',#6780,0.000125);
#194=CYLINDRICAL_SURFACE('',#6781,0.000125);
#195=CYLINDRICAL_SURFACE('',#6782,0.000125);
#196=CYLINDRICAL_SURFACE('',#6783,0.000125);
#197=CYLINDRICAL_SURFACE('',#6784,0.000125);
#198=CYLINDRICAL_SURFACE('',#6785,0.000125);
#199=CYLINDRICAL_SURFACE('',#6786,0.000125);
#200=CYLINDRICAL_SURFACE('',#6787,0.000125);
#201=CYLINDRICAL_SURFACE('',#6788,0.000125);
#202=CYLINDRICAL_SURFACE('',#6789,0.000125);
#203=CYLINDRICAL_SURFACE('',#6790,0.000125);
#204=CYLINDRICAL_SURFACE('',#6791,0.000125);
#205=CYLINDRICAL_SURFACE('',#6792,0.000125);
#206=CYLINDRICAL_SURFACE('',#6793,0.000125);
#207=CYLINDRICAL_SURFACE('',#6794,0.000125);
#208=CYLINDRICAL_SURFACE('',#6795,0.000125);
#209=CYLINDRICAL_SURFACE('',#6796,0.000125);
#210=CYLINDRICAL_SURFACE('',#6797,0.000125);
#211=CYLINDRICAL_SURFACE('',#6798,0.000125);
#212=CYLINDRICAL_SURFACE('',#6799,0.000125);
#213=CYLINDRICAL_SURFACE('',#6800,0.000125);
#214=CYLINDRICAL_SURFACE('',#6801,0.000125);
#215=CYLINDRICAL_SURFACE('',#6802,0.000125);
#216=CYLINDRICAL_SURFACE('',#6803,0.000125);
#217=CYLINDRICAL_SURFACE('',#6804,0.000125);
#218=CYLINDRICAL_SURFACE('',#6805,0.000125);
#219=CYLINDRICAL_SURFACE('',#6806,0.000125);
#220=CYLINDRICAL_SURFACE('',#6807,0.000125);
#221=CYLINDRICAL_SURFACE('',#6808,0.000125);
#222=CYLINDRICAL_SURFACE('',#6809,0.000125);
#223=CYLINDRICAL_SURFACE('',#6810,0.000125);
#224=CYLINDRICAL_SURFACE('',#6811,0.000125);
#225=CYLINDRICAL_SURFACE('',#6812,0.000125000000000001);
#226=CYLINDRICAL_SURFACE('',#6813,0.000124999999999999);
#227=CYLINDRICAL_SURFACE('',#6844,0.00025000000000001);
#228=CYLINDRICAL_SURFACE('',#6848,0.000499999999999994);
#229=CYLINDRICAL_SURFACE('',#6851,0.00025);
#230=CYLINDRICAL_SURFACE('',#6867,0.000675);
#231=CYLINDRICAL_SURFACE('',#6872,0.000675);
#232=CYLINDRICAL_SURFACE('',#6876,0.000675);
#233=CIRCLE('',#6235,0.00225);
#234=CIRCLE('',#6236,0.001875);
#235=CIRCLE('',#6237,0.001875);
#236=CIRCLE('',#6238,0.000125);
#237=CIRCLE('',#6239,0.001875);
#238=CIRCLE('',#6240,0.000125);
#239=CIRCLE('',#6241,0.001875);
#240=CIRCLE('',#6242,0.000125);
#241=CIRCLE('',#6243,0.001875);
#242=CIRCLE('',#6244,0.000125);
#243=CIRCLE('',#6245,0.001875);
#244=CIRCLE('',#6246,0.000125);
#245=CIRCLE('',#6247,0.001875);
#246=CIRCLE('',#6248,0.000125);
#247=CIRCLE('',#6249,0.001875);
#248=CIRCLE('',#6250,0.000125);
#249=CIRCLE('',#6251,0.001875);
#250=CIRCLE('',#6252,0.000125000000000002);
#251=CIRCLE('',#6253,0.001875);
#252=CIRCLE('',#6254,0.000125);
#253=CIRCLE('',#6255,0.001875);
#254=CIRCLE('',#6256,0.000125000000000002);
#255=CIRCLE('',#6257,0.001875);
#256=CIRCLE('',#6258,0.000125);
#257=CIRCLE('',#6259,0.001875);
#258=CIRCLE('',#6260,0.000125);
#259=CIRCLE('',#6261,0.001875);
#260=CIRCLE('',#6262,0.000125000000000001);
#261=CIRCLE('',#6263,0.001875);
#262=CIRCLE('',#6264,0.000125);
#263=CIRCLE('',#6265,0.001875);
#264=CIRCLE('',#6266,0.000125);
#265=CIRCLE('',#6267,0.001875);
#266=CIRCLE('',#6268,0.000124999999999998);
#267=CIRCLE('',#6269,0.001875);
#268=CIRCLE('',#6270,0.000124999999999999);
#269=CIRCLE('',#6271,0.001875);
#270=CIRCLE('',#6272,0.000125000000000001);
#271=CIRCLE('',#6273,0.001875);
#272=CIRCLE('',#6274,0.000125);
#273=CIRCLE('',#6275,0.001875);
#274=CIRCLE('',#6276,0.000125);
#275=CIRCLE('',#6277,0.001875);
#276=CIRCLE('',#6278,0.000125);
#277=CIRCLE('',#6279,0.001875);
#278=CIRCLE('',#6280,0.000125);
#279=CIRCLE('',#6281,0.001875);
#280=CIRCLE('',#6282,0.000125);
#281=CIRCLE('',#6283,0.001875);
#282=CIRCLE('',#6284,0.000125);
#283=CIRCLE('',#6285,0.001875);
#284=CIRCLE('',#6286,0.000125);
#285=CIRCLE('',#6287,0.001875);
#286=CIRCLE('',#6288,0.000125);
#287=CIRCLE('',#6289,0.001875);
#288=CIRCLE('',#6290,0.000125);
#289=CIRCLE('',#6291,0.001875);
#290=CIRCLE('',#6292,0.000125);
#291=CIRCLE('',#6293,0.001875);
#292=CIRCLE('',#6294,0.000125);
#293=CIRCLE('',#6295,0.001875);
#294=CIRCLE('',#6296,0.000125);
#295=CIRCLE('',#6297,0.001875);
#296=CIRCLE('',#6298,0.000125);
#297=CIRCLE('',#6299,0.001875);
#298=CIRCLE('',#6300,0.000125);
#299=CIRCLE('',#6301,0.001875);
#300=CIRCLE('',#6302,0.000125);
#301=CIRCLE('',#6303,0.001875);
#302=CIRCLE('',#6304,0.000125);
#303=CIRCLE('',#6305,0.001875);
#304=CIRCLE('',#6306,0.000125);
#305=CIRCLE('',#6307,0.001875);
#306=CIRCLE('',#6308,0.000125);
#307=CIRCLE('',#6309,0.001875);
#308=CIRCLE('',#6310,0.000125);
#309=CIRCLE('',#6311,0.001875);
#310=CIRCLE('',#6312,0.000125);
#311=CIRCLE('',#6313,0.001875);
#312=CIRCLE('',#6314,0.000125);
#313=CIRCLE('',#6315,0.001875);
#314=CIRCLE('',#6316,0.000125);
#315=CIRCLE('',#6317,0.001875);
#316=CIRCLE('',#6318,0.000125);
#317=CIRCLE('',#6319,0.001875);
#318=CIRCLE('',#6320,0.000125);
#319=CIRCLE('',#6321,0.001875);
#320=CIRCLE('',#6322,0.000125);
#321=CIRCLE('',#6323,0.001875);
#322=CIRCLE('',#6324,0.000125);
#323=CIRCLE('',#6325,0.001875);
#324=CIRCLE('',#6326,0.000125);
#325=CIRCLE('',#6327,0.001875);
#326=CIRCLE('',#6328,0.000125);
#327=CIRCLE('',#6329,0.001875);
#328=CIRCLE('',#6330,0.000125);
#329=CIRCLE('',#6332,0.001875);
#330=CIRCLE('',#6334,0.001875);
#331=CIRCLE('',#6336,0.001875);
#332=CIRCLE('',#6338,0.001875);
#333=CIRCLE('',#6340,0.001875);
#334=CIRCLE('',#6342,0.001875);
#335=CIRCLE('',#6344,0.001875);
#336=CIRCLE('',#6346,0.001875);
#337=CIRCLE('',#6348,0.001875);
#338=CIRCLE('',#6350,0.001875);
#339=CIRCLE('',#6352,0.001875);
#340=CIRCLE('',#6354,0.001875);
#341=CIRCLE('',#6356,0.001875);
#342=CIRCLE('',#6358,0.001875);
#343=CIRCLE('',#6360,0.001875);
#344=CIRCLE('',#6362,0.001875);
#345=CIRCLE('',#6364,0.001875);
#346=CIRCLE('',#6366,0.001875);
#347=CIRCLE('',#6368,0.001875);
#348=CIRCLE('',#6370,0.001875);
#349=CIRCLE('',#6372,0.001875);
#350=CIRCLE('',#6374,0.001875);
#351=CIRCLE('',#6376,0.001875);
#352=CIRCLE('',#6378,0.001875);
#353=CIRCLE('',#6380,0.001875);
#354=CIRCLE('',#6382,0.001875);
#355=CIRCLE('',#6384,0.001875);
#356=CIRCLE('',#6386,0.001875);
#357=CIRCLE('',#6388,0.001875);
#358=CIRCLE('',#6390,0.001875);
#359=CIRCLE('',#6392,0.001875);
#360=CIRCLE('',#6394,0.001875);
#361=CIRCLE('',#6396,0.001875);
#362=CIRCLE('',#6398,0.001875);
#363=CIRCLE('',#6400,0.001875);
#364=CIRCLE('',#6402,0.001875);
#365=CIRCLE('',#6404,0.001875);
#366=CIRCLE('',#6406,0.001875);
#367=CIRCLE('',#6408,0.001875);
#368=CIRCLE('',#6410,0.001875);
#369=CIRCLE('',#6412,0.001875);
#370=CIRCLE('',#6414,0.001875);
#371=CIRCLE('',#6416,0.001875);
#372=CIRCLE('',#6418,0.001875);
#373=CIRCLE('',#6420,0.001875);
#374=CIRCLE('',#6422,0.001875);
#375=CIRCLE('',#6424,0.001875);
#376=CIRCLE('',#6426,0.001875);
#377=CIRCLE('',#6429,0.00025);
#378=CIRCLE('',#6430,0.00025);
#379=CIRCLE('',#6431,0.00025);
#380=CIRCLE('',#6433,0.00025);
#381=CIRCLE('',#6434,0.00025);
#382=CIRCLE('',#6435,0.00025);
#383=CIRCLE('',#6439,0.00025);
#384=CIRCLE('',#6441,0.00025);
#385=CIRCLE('',#6444,0.00025);
#386=CIRCLE('',#6449,0.00025);
#387=CIRCLE('',#6456,0.00225);
#388=CIRCLE('',#6458,0.00225);
#389=CIRCLE('',#6461,0.00025);
#390=CIRCLE('',#6464,0.00025);
#391=CIRCLE('',#6467,0.00025);
#392=CIRCLE('',#6471,0.00025);
#393=CIRCLE('',#6472,0.00025);
#394=CIRCLE('',#6483,0.001875);
#395=CIRCLE('',#6489,0.00225);
#396=CIRCLE('',#6491,0.000124999999999998);
#397=CIRCLE('',#6492,0.000125);
#398=CIRCLE('',#6493,0.000125);
#399=CIRCLE('',#6494,0.000125000000000001);
#400=CIRCLE('',#6495,0.000125);
#401=CIRCLE('',#6496,0.000125);
#402=CIRCLE('',#6497,0.000125000000000002);
#403=CIRCLE('',#6498,0.000125);
#404=CIRCLE('',#6499,0.000125000000000002);
#405=CIRCLE('',#6500,0.000125);
#406=CIRCLE('',#6501,0.000125);
#407=CIRCLE('',#6502,0.000125);
#408=CIRCLE('',#6503,0.000125);
#409=CIRCLE('',#6504,0.000125);
#410=CIRCLE('',#6505,0.000125);
#411=CIRCLE('',#6506,0.000125);
#412=CIRCLE('',#6507,0.000125);
#413=CIRCLE('',#6508,0.000125);
#414=CIRCLE('',#6509,0.000125);
#415=CIRCLE('',#6510,0.000125);
#416=CIRCLE('',#6511,0.000125);
#417=CIRCLE('',#6512,0.000125);
#418=CIRCLE('',#6513,0.000125);
#419=CIRCLE('',#6514,0.000125);
#420=CIRCLE('',#6515,0.000125);
#421=CIRCLE('',#6516,0.000125);
#422=CIRCLE('',#6517,0.000125);
#423=CIRCLE('',#6518,0.000125);
#424=CIRCLE('',#6519,0.000125);
#425=CIRCLE('',#6520,0.000125);
#426=CIRCLE('',#6521,0.000125);
#427=CIRCLE('',#6522,0.000125);
#428=CIRCLE('',#6523,0.000125);
#429=CIRCLE('',#6524,0.000125);
#430=CIRCLE('',#6525,0.000125);
#431=CIRCLE('',#6526,0.000125);
#432=CIRCLE('',#6527,0.000125);
#433=CIRCLE('',#6528,0.000125);
#434=CIRCLE('',#6529,0.000125);
#435=CIRCLE('',#6530,0.000125);
#436=CIRCLE('',#6531,0.000125);
#437=CIRCLE('',#6532,0.000125);
#438=CIRCLE('',#6533,0.000125);
#439=CIRCLE('',#6534,0.000125);
#440=CIRCLE('',#6535,0.000125);
#441=CIRCLE('',#6536,0.000125000000000001);
#442=CIRCLE('',#6537,0.000124999999999999);
#443=CIRCLE('',#6551,0.001875);
#444=CIRCLE('',#6555,0.001);
#445=CIRCLE('',#6561,0.001);
#446=CIRCLE('',#6616,0.001);
#447=CIRCLE('',#6617,0.000124999999999998);
#448=CIRCLE('',#6618,0.000124999999999999);
#449=CIRCLE('',#6619,0.000125000000000001);
#450=CIRCLE('',#6620,0.000125);
#451=CIRCLE('',#6621,0.000125);
#452=CIRCLE('',#6622,0.000125);
#453=CIRCLE('',#6623,0.000125);
#454=CIRCLE('',#6624,0.000125);
#455=CIRCLE('',#6625,0.000125);
#456=CIRCLE('',#6626,0.000125);
#457=CIRCLE('',#6627,0.000125);
#458=CIRCLE('',#6628,0.000125);
#459=CIRCLE('',#6629,0.000125);
#460=CIRCLE('',#6630,0.000125);
#461=CIRCLE('',#6631,0.000125);
#462=CIRCLE('',#6632,0.000125);
#463=CIRCLE('',#6633,0.000125);
#464=CIRCLE('',#6634,0.000125);
#465=CIRCLE('',#6635,0.000125);
#466=CIRCLE('',#6636,0.000125);
#467=CIRCLE('',#6637,0.000125);
#468=CIRCLE('',#6638,0.000125);
#469=CIRCLE('',#6639,0.000125);
#470=CIRCLE('',#6640,0.000125);
#471=CIRCLE('',#6641,0.000125);
#472=CIRCLE('',#6642,0.000125);
#473=CIRCLE('',#6643,0.000125);
#474=CIRCLE('',#6644,0.000125);
#475=CIRCLE('',#6645,0.000125);
#476=CIRCLE('',#6646,0.000125);
#477=CIRCLE('',#6647,0.000125);
#478=CIRCLE('',#6648,0.000125);
#479=CIRCLE('',#6649,0.000125);
#480=CIRCLE('',#6650,0.000125);
#481=CIRCLE('',#6651,0.000125);
#482=CIRCLE('',#6652,0.000125);
#483=CIRCLE('',#6653,0.000125);
#484=CIRCLE('',#6654,0.000125);
#485=CIRCLE('',#6655,0.000125);
#486=CIRCLE('',#6656,0.000125000000000002);
#487=CIRCLE('',#6657,0.000125);
#488=CIRCLE('',#6658,0.000125000000000002);
#489=CIRCLE('',#6659,0.000125);
#490=CIRCLE('',#6660,0.000125);
#491=CIRCLE('',#6661,0.000125000000000001);
#492=CIRCLE('',#6662,0.000125);
#493=CIRCLE('',#6663,0.000125);
#494=CIRCLE('',#6665,0.001375);
#495=CIRCLE('',#6666,0.000125);
#496=CIRCLE('',#6667,0.000125);
#497=CIRCLE('',#6668,0.000125);
#498=CIRCLE('',#6669,0.000125);
#499=CIRCLE('',#6670,0.000125);
#500=CIRCLE('',#6671,0.000125);
#501=CIRCLE('',#6672,0.000125);
#502=CIRCLE('',#6673,0.000125);
#503=CIRCLE('',#6674,0.000125);
#504=CIRCLE('',#6675,0.000125);
#505=CIRCLE('',#6676,0.000125);
#506=CIRCLE('',#6677,0.000125);
#507=CIRCLE('',#6678,0.000125);
#508=CIRCLE('',#6679,0.000125);
#509=CIRCLE('',#6680,0.000125);
#510=CIRCLE('',#6681,0.000125);
#511=CIRCLE('',#6682,0.000125);
#512=CIRCLE('',#6683,0.000125);
#513=CIRCLE('',#6684,0.000125);
#514=CIRCLE('',#6685,0.000125);
#515=CIRCLE('',#6686,0.000125);
#516=CIRCLE('',#6687,0.000125);
#517=CIRCLE('',#6688,0.000125);
#518=CIRCLE('',#6689,0.000125);
#519=CIRCLE('',#6690,0.000125);
#520=CIRCLE('',#6691,0.000125);
#521=CIRCLE('',#6692,0.000125);
#522=CIRCLE('',#6693,0.000125);
#523=CIRCLE('',#6694,0.000125);
#524=CIRCLE('',#6695,0.000125);
#525=CIRCLE('',#6696,0.000125000000000001);
#526=CIRCLE('',#6697,0.000124999999999999);
#527=CIRCLE('',#6698,0.000124999999999998);
#528=CIRCLE('',#6699,0.000125);
#529=CIRCLE('',#6700,0.000125);
#530=CIRCLE('',#6701,0.000125000000000001);
#531=CIRCLE('',#6702,0.000125);
#532=CIRCLE('',#6703,0.000125);
#533=CIRCLE('',#6704,0.000125000000000002);
#534=CIRCLE('',#6705,0.000125);
#535=CIRCLE('',#6706,0.000125000000000002);
#536=CIRCLE('',#6707,0.000125);
#537=CIRCLE('',#6708,0.000125);
#538=CIRCLE('',#6709,0.000125);
#539=CIRCLE('',#6710,0.000125);
#540=CIRCLE('',#6711,0.000125);
#541=CIRCLE('',#6712,0.000125);
#542=CIRCLE('',#6714,0.001375);
#543=CIRCLE('',#6716,0.0008);
#544=CIRCLE('',#6718,0.001);
#545=CIRCLE('',#6831,0.00025);
#546=CIRCLE('',#6832,0.000499999999999994);
#547=CIRCLE('',#6833,0.00025000000000001);
#548=CIRCLE('',#6835,0.00025000000000001);
#549=CIRCLE('',#6836,0.000499999999999994);
#550=CIRCLE('',#6837,0.00025);
#551=CIRCLE('',#6868,0.000675);
#552=CIRCLE('',#6869,0.000675);
#553=CIRCLE('',#6871,0.000675);
#554=CIRCLE('',#6873,0.000675);
#555=CIRCLE('',#6875,0.000675);
#556=CIRCLE('',#6877,0.000675);
#557=CIRCLE('',#6879,0.000425);
#558=CIRCLE('',#6881,0.000425);
#559=ORIENTED_EDGE('',*,*,#2383,.F.);
#560=ORIENTED_EDGE('',*,*,#2384,.F.);
#561=ORIENTED_EDGE('',*,*,#2385,.F.);
#562=ORIENTED_EDGE('',*,*,#2386,.F.);
#563=ORIENTED_EDGE('',*,*,#2387,.F.);
#564=ORIENTED_EDGE('',*,*,#2388,.F.);
#565=ORIENTED_EDGE('',*,*,#2389,.T.);
#566=ORIENTED_EDGE('',*,*,#2390,.T.);
#567=ORIENTED_EDGE('',*,*,#2391,.T.);
#568=ORIENTED_EDGE('',*,*,#2392,.F.);
#569=ORIENTED_EDGE('',*,*,#2393,.F.);
#570=ORIENTED_EDGE('',*,*,#2394,.F.);
#571=ORIENTED_EDGE('',*,*,#2395,.T.);
#572=ORIENTED_EDGE('',*,*,#2396,.T.);
#573=ORIENTED_EDGE('',*,*,#2397,.T.);
#574=ORIENTED_EDGE('',*,*,#2398,.T.);
#575=ORIENTED_EDGE('',*,*,#2399,.F.);
#576=ORIENTED_EDGE('',*,*,#2400,.T.);
#577=ORIENTED_EDGE('',*,*,#2401,.F.);
#578=ORIENTED_EDGE('',*,*,#2402,.T.);
#579=ORIENTED_EDGE('',*,*,#2403,.F.);
#580=ORIENTED_EDGE('',*,*,#2404,.T.);
#581=ORIENTED_EDGE('',*,*,#2405,.F.);
#582=ORIENTED_EDGE('',*,*,#2406,.T.);
#583=ORIENTED_EDGE('',*,*,#2407,.F.);
#584=ORIENTED_EDGE('',*,*,#2408,.T.);
#585=ORIENTED_EDGE('',*,*,#2409,.F.);
#586=ORIENTED_EDGE('',*,*,#2410,.T.);
#587=ORIENTED_EDGE('',*,*,#2411,.F.);
#588=ORIENTED_EDGE('',*,*,#2412,.T.);
#589=ORIENTED_EDGE('',*,*,#2413,.F.);
#590=ORIENTED_EDGE('',*,*,#2414,.T.);
#591=ORIENTED_EDGE('',*,*,#2415,.F.);
#592=ORIENTED_EDGE('',*,*,#2416,.T.);
#593=ORIENTED_EDGE('',*,*,#2417,.F.);
#594=ORIENTED_EDGE('',*,*,#2418,.T.);
#595=ORIENTED_EDGE('',*,*,#2419,.F.);
#596=ORIENTED_EDGE('',*,*,#2420,.T.);
#597=ORIENTED_EDGE('',*,*,#2421,.F.);
#598=ORIENTED_EDGE('',*,*,#2422,.T.);
#599=ORIENTED_EDGE('',*,*,#2423,.F.);
#600=ORIENTED_EDGE('',*,*,#2424,.T.);
#601=ORIENTED_EDGE('',*,*,#2425,.F.);
#602=ORIENTED_EDGE('',*,*,#2426,.T.);
#603=ORIENTED_EDGE('',*,*,#2427,.F.);
#604=ORIENTED_EDGE('',*,*,#2428,.T.);
#605=ORIENTED_EDGE('',*,*,#2429,.F.);
#606=ORIENTED_EDGE('',*,*,#2430,.T.);
#607=ORIENTED_EDGE('',*,*,#2431,.F.);
#608=ORIENTED_EDGE('',*,*,#2432,.T.);
#609=ORIENTED_EDGE('',*,*,#2433,.F.);
#610=ORIENTED_EDGE('',*,*,#2434,.T.);
#611=ORIENTED_EDGE('',*,*,#2435,.F.);
#612=ORIENTED_EDGE('',*,*,#2436,.T.);
#613=ORIENTED_EDGE('',*,*,#2437,.F.);
#614=ORIENTED_EDGE('',*,*,#2438,.T.);
#615=ORIENTED_EDGE('',*,*,#2439,.F.);
#616=ORIENTED_EDGE('',*,*,#2440,.T.);
#617=ORIENTED_EDGE('',*,*,#2441,.F.);
#618=ORIENTED_EDGE('',*,*,#2442,.T.);
#619=ORIENTED_EDGE('',*,*,#2443,.F.);
#620=ORIENTED_EDGE('',*,*,#2444,.T.);
#621=ORIENTED_EDGE('',*,*,#2445,.F.);
#622=ORIENTED_EDGE('',*,*,#2446,.T.);
#623=ORIENTED_EDGE('',*,*,#2447,.F.);
#624=ORIENTED_EDGE('',*,*,#2448,.T.);
#625=ORIENTED_EDGE('',*,*,#2449,.F.);
#626=ORIENTED_EDGE('',*,*,#2450,.T.);
#627=ORIENTED_EDGE('',*,*,#2451,.F.);
#628=ORIENTED_EDGE('',*,*,#2452,.T.);
#629=ORIENTED_EDGE('',*,*,#2453,.F.);
#630=ORIENTED_EDGE('',*,*,#2454,.T.);
#631=ORIENTED_EDGE('',*,*,#2455,.F.);
#632=ORIENTED_EDGE('',*,*,#2456,.T.);
#633=ORIENTED_EDGE('',*,*,#2457,.F.);
#634=ORIENTED_EDGE('',*,*,#2458,.T.);
#635=ORIENTED_EDGE('',*,*,#2459,.F.);
#636=ORIENTED_EDGE('',*,*,#2460,.T.);
#637=ORIENTED_EDGE('',*,*,#2461,.F.);
#638=ORIENTED_EDGE('',*,*,#2462,.T.);
#639=ORIENTED_EDGE('',*,*,#2463,.F.);
#640=ORIENTED_EDGE('',*,*,#2464,.T.);
#641=ORIENTED_EDGE('',*,*,#2465,.F.);
#642=ORIENTED_EDGE('',*,*,#2466,.T.);
#643=ORIENTED_EDGE('',*,*,#2467,.F.);
#644=ORIENTED_EDGE('',*,*,#2468,.T.);
#645=ORIENTED_EDGE('',*,*,#2469,.F.);
#646=ORIENTED_EDGE('',*,*,#2470,.T.);
#647=ORIENTED_EDGE('',*,*,#2471,.F.);
#648=ORIENTED_EDGE('',*,*,#2472,.T.);
#649=ORIENTED_EDGE('',*,*,#2473,.F.);
#650=ORIENTED_EDGE('',*,*,#2474,.T.);
#651=ORIENTED_EDGE('',*,*,#2475,.F.);
#652=ORIENTED_EDGE('',*,*,#2476,.T.);
#653=ORIENTED_EDGE('',*,*,#2477,.F.);
#654=ORIENTED_EDGE('',*,*,#2478,.T.);
#655=ORIENTED_EDGE('',*,*,#2479,.F.);
#656=ORIENTED_EDGE('',*,*,#2480,.T.);
#657=ORIENTED_EDGE('',*,*,#2481,.F.);
#658=ORIENTED_EDGE('',*,*,#2482,.T.);
#659=ORIENTED_EDGE('',*,*,#2483,.F.);
#660=ORIENTED_EDGE('',*,*,#2484,.T.);
#661=ORIENTED_EDGE('',*,*,#2485,.F.);
#662=ORIENTED_EDGE('',*,*,#2486,.T.);
#663=ORIENTED_EDGE('',*,*,#2487,.F.);
#664=ORIENTED_EDGE('',*,*,#2488,.T.);
#665=ORIENTED_EDGE('',*,*,#2489,.F.);
#666=ORIENTED_EDGE('',*,*,#2490,.T.);
#667=ORIENTED_EDGE('',*,*,#2491,.F.);
#668=ORIENTED_EDGE('',*,*,#2492,.T.);
#669=ORIENTED_EDGE('',*,*,#2431,.T.);
#670=ORIENTED_EDGE('',*,*,#2493,.T.);
#671=ORIENTED_EDGE('',*,*,#2494,.T.);
#672=ORIENTED_EDGE('',*,*,#2495,.F.);
#673=ORIENTED_EDGE('',*,*,#2496,.T.);
#674=ORIENTED_EDGE('',*,*,#2497,.F.);
#675=ORIENTED_EDGE('',*,*,#2429,.T.);
#676=ORIENTED_EDGE('',*,*,#2498,.T.);
#677=ORIENTED_EDGE('',*,*,#2499,.T.);
#678=ORIENTED_EDGE('',*,*,#2500,.F.);
#679=ORIENTED_EDGE('',*,*,#2427,.T.);
#680=ORIENTED_EDGE('',*,*,#2501,.T.);
#681=ORIENTED_EDGE('',*,*,#2502,.T.);
#682=ORIENTED_EDGE('',*,*,#2503,.F.);
#683=ORIENTED_EDGE('',*,*,#2425,.T.);
#684=ORIENTED_EDGE('',*,*,#2504,.T.);
#685=ORIENTED_EDGE('',*,*,#2505,.T.);
#686=ORIENTED_EDGE('',*,*,#2506,.F.);
#687=ORIENTED_EDGE('',*,*,#2423,.T.);
#688=ORIENTED_EDGE('',*,*,#2507,.T.);
#689=ORIENTED_EDGE('',*,*,#2508,.T.);
#690=ORIENTED_EDGE('',*,*,#2509,.F.);
#691=ORIENTED_EDGE('',*,*,#2421,.T.);
#692=ORIENTED_EDGE('',*,*,#2510,.T.);
#693=ORIENTED_EDGE('',*,*,#2511,.T.);
#694=ORIENTED_EDGE('',*,*,#2512,.F.);
#695=ORIENTED_EDGE('',*,*,#2419,.T.);
#696=ORIENTED_EDGE('',*,*,#2513,.T.);
#697=ORIENTED_EDGE('',*,*,#2514,.T.);
#698=ORIENTED_EDGE('',*,*,#2515,.F.);
#699=ORIENTED_EDGE('',*,*,#2417,.T.);
#700=ORIENTED_EDGE('',*,*,#2516,.T.);
#701=ORIENTED_EDGE('',*,*,#2517,.T.);
#702=ORIENTED_EDGE('',*,*,#2518,.F.);
#703=ORIENTED_EDGE('',*,*,#2415,.T.);
#704=ORIENTED_EDGE('',*,*,#2519,.T.);
#705=ORIENTED_EDGE('',*,*,#2520,.T.);
#706=ORIENTED_EDGE('',*,*,#2521,.F.);
#707=ORIENTED_EDGE('',*,*,#2413,.T.);
#708=ORIENTED_EDGE('',*,*,#2522,.T.);
#709=ORIENTED_EDGE('',*,*,#2523,.T.);
#710=ORIENTED_EDGE('',*,*,#2524,.F.);
#711=ORIENTED_EDGE('',*,*,#2411,.T.);
#712=ORIENTED_EDGE('',*,*,#2525,.T.);
#713=ORIENTED_EDGE('',*,*,#2526,.T.);
#714=ORIENTED_EDGE('',*,*,#2527,.F.);
#715=ORIENTED_EDGE('',*,*,#2409,.T.);
#716=ORIENTED_EDGE('',*,*,#2528,.T.);
#717=ORIENTED_EDGE('',*,*,#2529,.T.);
#718=ORIENTED_EDGE('',*,*,#2530,.F.);
#719=ORIENTED_EDGE('',*,*,#2407,.T.);
#720=ORIENTED_EDGE('',*,*,#2531,.T.);
#721=ORIENTED_EDGE('',*,*,#2532,.T.);
#722=ORIENTED_EDGE('',*,*,#2533,.F.);
#723=ORIENTED_EDGE('',*,*,#2405,.T.);
#724=ORIENTED_EDGE('',*,*,#2534,.T.);
#725=ORIENTED_EDGE('',*,*,#2535,.T.);
#726=ORIENTED_EDGE('',*,*,#2536,.F.);
#727=ORIENTED_EDGE('',*,*,#2403,.T.);
#728=ORIENTED_EDGE('',*,*,#2537,.T.);
#729=ORIENTED_EDGE('',*,*,#2538,.T.);
#730=ORIENTED_EDGE('',*,*,#2539,.F.);
#731=ORIENTED_EDGE('',*,*,#2401,.T.);
#732=ORIENTED_EDGE('',*,*,#2540,.T.);
#733=ORIENTED_EDGE('',*,*,#2541,.T.);
#734=ORIENTED_EDGE('',*,*,#2542,.F.);
#735=ORIENTED_EDGE('',*,*,#2399,.T.);
#736=ORIENTED_EDGE('',*,*,#2543,.T.);
#737=ORIENTED_EDGE('',*,*,#2544,.T.);
#738=ORIENTED_EDGE('',*,*,#2545,.F.);
#739=ORIENTED_EDGE('',*,*,#2491,.T.);
#740=ORIENTED_EDGE('',*,*,#2546,.T.);
#741=ORIENTED_EDGE('',*,*,#2547,.T.);
#742=ORIENTED_EDGE('',*,*,#2548,.F.);
#743=ORIENTED_EDGE('',*,*,#2489,.T.);
#744=ORIENTED_EDGE('',*,*,#2549,.T.);
#745=ORIENTED_EDGE('',*,*,#2550,.T.);
#746=ORIENTED_EDGE('',*,*,#2551,.F.);
#747=ORIENTED_EDGE('',*,*,#2487,.T.);
#748=ORIENTED_EDGE('',*,*,#2552,.T.);
#749=ORIENTED_EDGE('',*,*,#2553,.T.);
#750=ORIENTED_EDGE('',*,*,#2554,.F.);
#751=ORIENTED_EDGE('',*,*,#2485,.T.);
#752=ORIENTED_EDGE('',*,*,#2555,.T.);
#753=ORIENTED_EDGE('',*,*,#2556,.T.);
#754=ORIENTED_EDGE('',*,*,#2557,.F.);
#755=ORIENTED_EDGE('',*,*,#2483,.T.);
#756=ORIENTED_EDGE('',*,*,#2558,.T.);
#757=ORIENTED_EDGE('',*,*,#2559,.T.);
#758=ORIENTED_EDGE('',*,*,#2560,.F.);
#759=ORIENTED_EDGE('',*,*,#2481,.T.);
#760=ORIENTED_EDGE('',*,*,#2561,.T.);
#761=ORIENTED_EDGE('',*,*,#2562,.T.);
#762=ORIENTED_EDGE('',*,*,#2563,.F.);
#763=ORIENTED_EDGE('',*,*,#2479,.T.);
#764=ORIENTED_EDGE('',*,*,#2564,.T.);
#765=ORIENTED_EDGE('',*,*,#2565,.T.);
#766=ORIENTED_EDGE('',*,*,#2566,.F.);
#767=ORIENTED_EDGE('',*,*,#2477,.T.);
#768=ORIENTED_EDGE('',*,*,#2567,.T.);
#769=ORIENTED_EDGE('',*,*,#2568,.T.);
#770=ORIENTED_EDGE('',*,*,#2569,.F.);
#771=ORIENTED_EDGE('',*,*,#2475,.T.);
#772=ORIENTED_EDGE('',*,*,#2570,.T.);
#773=ORIENTED_EDGE('',*,*,#2571,.T.);
#774=ORIENTED_EDGE('',*,*,#2572,.F.);
#775=ORIENTED_EDGE('',*,*,#2473,.T.);
#776=ORIENTED_EDGE('',*,*,#2573,.T.);
#777=ORIENTED_EDGE('',*,*,#2574,.T.);
#778=ORIENTED_EDGE('',*,*,#2575,.F.);
#779=ORIENTED_EDGE('',*,*,#2471,.T.);
#780=ORIENTED_EDGE('',*,*,#2576,.T.);
#781=ORIENTED_EDGE('',*,*,#2577,.T.);
#782=ORIENTED_EDGE('',*,*,#2578,.F.);
#783=ORIENTED_EDGE('',*,*,#2469,.T.);
#784=ORIENTED_EDGE('',*,*,#2579,.T.);
#785=ORIENTED_EDGE('',*,*,#2580,.T.);
#786=ORIENTED_EDGE('',*,*,#2581,.F.);
#787=ORIENTED_EDGE('',*,*,#2467,.T.);
#788=ORIENTED_EDGE('',*,*,#2582,.T.);
#789=ORIENTED_EDGE('',*,*,#2583,.T.);
#790=ORIENTED_EDGE('',*,*,#2584,.F.);
#791=ORIENTED_EDGE('',*,*,#2465,.T.);
#792=ORIENTED_EDGE('',*,*,#2585,.T.);
#793=ORIENTED_EDGE('',*,*,#2586,.T.);
#794=ORIENTED_EDGE('',*,*,#2587,.F.);
#795=ORIENTED_EDGE('',*,*,#2463,.T.);
#796=ORIENTED_EDGE('',*,*,#2588,.T.);
#797=ORIENTED_EDGE('',*,*,#2589,.T.);
#798=ORIENTED_EDGE('',*,*,#2590,.F.);
#799=ORIENTED_EDGE('',*,*,#2461,.T.);
#800=ORIENTED_EDGE('',*,*,#2591,.T.);
#801=ORIENTED_EDGE('',*,*,#2592,.T.);
#802=ORIENTED_EDGE('',*,*,#2593,.F.);
#803=ORIENTED_EDGE('',*,*,#2459,.T.);
#804=ORIENTED_EDGE('',*,*,#2594,.T.);
#805=ORIENTED_EDGE('',*,*,#2595,.T.);
#806=ORIENTED_EDGE('',*,*,#2596,.F.);
#807=ORIENTED_EDGE('',*,*,#2457,.T.);
#808=ORIENTED_EDGE('',*,*,#2597,.T.);
#809=ORIENTED_EDGE('',*,*,#2598,.T.);
#810=ORIENTED_EDGE('',*,*,#2599,.F.);
#811=ORIENTED_EDGE('',*,*,#2455,.T.);
#812=ORIENTED_EDGE('',*,*,#2600,.T.);
#813=ORIENTED_EDGE('',*,*,#2601,.T.);
#814=ORIENTED_EDGE('',*,*,#2602,.F.);
#815=ORIENTED_EDGE('',*,*,#2453,.T.);
#816=ORIENTED_EDGE('',*,*,#2603,.T.);
#817=ORIENTED_EDGE('',*,*,#2604,.T.);
#818=ORIENTED_EDGE('',*,*,#2605,.F.);
#819=ORIENTED_EDGE('',*,*,#2451,.T.);
#820=ORIENTED_EDGE('',*,*,#2606,.T.);
#821=ORIENTED_EDGE('',*,*,#2607,.T.);
#822=ORIENTED_EDGE('',*,*,#2608,.F.);
#823=ORIENTED_EDGE('',*,*,#2449,.T.);
#824=ORIENTED_EDGE('',*,*,#2609,.T.);
#825=ORIENTED_EDGE('',*,*,#2610,.T.);
#826=ORIENTED_EDGE('',*,*,#2611,.F.);
#827=ORIENTED_EDGE('',*,*,#2447,.T.);
#828=ORIENTED_EDGE('',*,*,#2612,.T.);
#829=ORIENTED_EDGE('',*,*,#2613,.T.);
#830=ORIENTED_EDGE('',*,*,#2614,.F.);
#831=ORIENTED_EDGE('',*,*,#2445,.T.);
#832=ORIENTED_EDGE('',*,*,#2615,.T.);
#833=ORIENTED_EDGE('',*,*,#2616,.T.);
#834=ORIENTED_EDGE('',*,*,#2617,.F.);
#835=ORIENTED_EDGE('',*,*,#2443,.T.);
#836=ORIENTED_EDGE('',*,*,#2618,.T.);
#837=ORIENTED_EDGE('',*,*,#2619,.T.);
#838=ORIENTED_EDGE('',*,*,#2620,.F.);
#839=ORIENTED_EDGE('',*,*,#2441,.T.);
#840=ORIENTED_EDGE('',*,*,#2621,.T.);
#841=ORIENTED_EDGE('',*,*,#2622,.T.);
#842=ORIENTED_EDGE('',*,*,#2623,.F.);
#843=ORIENTED_EDGE('',*,*,#2439,.T.);
#844=ORIENTED_EDGE('',*,*,#2624,.T.);
#845=ORIENTED_EDGE('',*,*,#2625,.T.);
#846=ORIENTED_EDGE('',*,*,#2626,.F.);
#847=ORIENTED_EDGE('',*,*,#2437,.T.);
#848=ORIENTED_EDGE('',*,*,#2627,.T.);
#849=ORIENTED_EDGE('',*,*,#2628,.T.);
#850=ORIENTED_EDGE('',*,*,#2629,.F.);
#851=ORIENTED_EDGE('',*,*,#2435,.T.);
#852=ORIENTED_EDGE('',*,*,#2630,.T.);
#853=ORIENTED_EDGE('',*,*,#2631,.F.);
#854=ORIENTED_EDGE('',*,*,#2632,.F.);
#855=ORIENTED_EDGE('',*,*,#2633,.T.);
#856=ORIENTED_EDGE('',*,*,#2634,.F.);
#857=ORIENTED_EDGE('',*,*,#2635,.T.);
#858=ORIENTED_EDGE('',*,*,#2636,.F.);
#859=ORIENTED_EDGE('',*,*,#2637,.T.);
#860=ORIENTED_EDGE('',*,*,#2638,.F.);
#861=ORIENTED_EDGE('',*,*,#2639,.T.);
#862=ORIENTED_EDGE('',*,*,#2640,.T.);
#863=ORIENTED_EDGE('',*,*,#2641,.T.);
#864=ORIENTED_EDGE('',*,*,#2642,.T.);
#865=ORIENTED_EDGE('',*,*,#2643,.F.);
#866=ORIENTED_EDGE('',*,*,#2644,.F.);
#867=ORIENTED_EDGE('',*,*,#2645,.T.);
#868=ORIENTED_EDGE('',*,*,#2646,.T.);
#869=ORIENTED_EDGE('',*,*,#2647,.T.);
#870=ORIENTED_EDGE('',*,*,#2648,.F.);
#871=ORIENTED_EDGE('',*,*,#2639,.F.);
#872=ORIENTED_EDGE('',*,*,#2649,.F.);
#873=ORIENTED_EDGE('',*,*,#2650,.T.);
#874=ORIENTED_EDGE('',*,*,#2651,.F.);
#875=ORIENTED_EDGE('',*,*,#2652,.F.);
#876=ORIENTED_EDGE('',*,*,#2653,.F.);
#877=ORIENTED_EDGE('',*,*,#2654,.F.);
#878=ORIENTED_EDGE('',*,*,#2655,.F.);
#879=ORIENTED_EDGE('',*,*,#2656,.T.);
#880=ORIENTED_EDGE('',*,*,#2634,.T.);
#881=ORIENTED_EDGE('',*,*,#2657,.T.);
#882=ORIENTED_EDGE('',*,*,#2658,.T.);
#883=ORIENTED_EDGE('',*,*,#2659,.T.);
#884=ORIENTED_EDGE('',*,*,#2660,.T.);
#885=ORIENTED_EDGE('',*,*,#2661,.T.);
#886=ORIENTED_EDGE('',*,*,#2662,.F.);
#887=ORIENTED_EDGE('',*,*,#2663,.T.);
#888=ORIENTED_EDGE('',*,*,#2664,.T.);
#889=ORIENTED_EDGE('',*,*,#2665,.F.);
#890=ORIENTED_EDGE('',*,*,#2653,.T.);
#891=ORIENTED_EDGE('',*,*,#2666,.T.);
#892=ORIENTED_EDGE('',*,*,#2667,.T.);
#893=ORIENTED_EDGE('',*,*,#2668,.T.);
#894=ORIENTED_EDGE('',*,*,#2657,.F.);
#895=ORIENTED_EDGE('',*,*,#2633,.F.);
#896=ORIENTED_EDGE('',*,*,#2640,.F.);
#897=ORIENTED_EDGE('',*,*,#2655,.T.);
#898=ORIENTED_EDGE('',*,*,#2669,.T.);
#899=ORIENTED_EDGE('',*,*,#2670,.F.);
#900=ORIENTED_EDGE('',*,*,#2665,.T.);
#901=ORIENTED_EDGE('',*,*,#2671,.T.);
#902=ORIENTED_EDGE('',*,*,#2669,.F.);
#903=ORIENTED_EDGE('',*,*,#2654,.T.);
#904=ORIENTED_EDGE('',*,*,#2672,.T.);
#905=ORIENTED_EDGE('',*,*,#2663,.F.);
#906=ORIENTED_EDGE('',*,*,#2652,.T.);
#907=ORIENTED_EDGE('',*,*,#2673,.T.);
#908=ORIENTED_EDGE('',*,*,#2674,.T.);
#909=ORIENTED_EDGE('',*,*,#2675,.T.);
#910=ORIENTED_EDGE('',*,*,#2673,.F.);
#911=ORIENTED_EDGE('',*,*,#2651,.T.);
#912=ORIENTED_EDGE('',*,*,#2676,.F.);
#913=ORIENTED_EDGE('',*,*,#2674,.F.);
#914=ORIENTED_EDGE('',*,*,#2650,.F.);
#915=ORIENTED_EDGE('',*,*,#2677,.T.);
#916=ORIENTED_EDGE('',*,*,#2678,.F.);
#917=ORIENTED_EDGE('',*,*,#2679,.T.);
#918=ORIENTED_EDGE('',*,*,#2390,.F.);
#919=ORIENTED_EDGE('',*,*,#2680,.F.);
#920=ORIENTED_EDGE('',*,*,#2681,.T.);
#921=ORIENTED_EDGE('',*,*,#2682,.F.);
#922=ORIENTED_EDGE('',*,*,#2683,.T.);
#923=ORIENTED_EDGE('',*,*,#2684,.F.);
#924=ORIENTED_EDGE('',*,*,#2685,.F.);
#925=ORIENTED_EDGE('',*,*,#2686,.F.);
#926=ORIENTED_EDGE('',*,*,#2687,.T.);
#927=ORIENTED_EDGE('',*,*,#2688,.T.);
#928=ORIENTED_EDGE('',*,*,#2689,.F.);
#929=ORIENTED_EDGE('',*,*,#2690,.F.);
#930=ORIENTED_EDGE('',*,*,#2691,.T.);
#931=ORIENTED_EDGE('',*,*,#2692,.T.);
#932=ORIENTED_EDGE('',*,*,#2688,.F.);
#933=ORIENTED_EDGE('',*,*,#2691,.F.);
#934=ORIENTED_EDGE('',*,*,#2693,.T.);
#935=ORIENTED_EDGE('',*,*,#2685,.T.);
#936=ORIENTED_EDGE('',*,*,#2694,.F.);
#937=ORIENTED_EDGE('',*,*,#2646,.F.);
#938=ORIENTED_EDGE('',*,*,#2695,.T.);
#939=ORIENTED_EDGE('',*,*,#2696,.T.);
#940=ORIENTED_EDGE('',*,*,#2697,.T.);
#941=ORIENTED_EDGE('',*,*,#2396,.F.);
#942=ORIENTED_EDGE('',*,*,#2698,.F.);
#943=ORIENTED_EDGE('',*,*,#2699,.T.);
#944=ORIENTED_EDGE('',*,*,#2700,.F.);
#945=ORIENTED_EDGE('',*,*,#2701,.F.);
#946=ORIENTED_EDGE('',*,*,#2386,.T.);
#947=ORIENTED_EDGE('',*,*,#2702,.T.);
#948=ORIENTED_EDGE('',*,*,#2703,.F.);
#949=ORIENTED_EDGE('',*,*,#2704,.F.);
#950=ORIENTED_EDGE('',*,*,#2705,.T.);
#951=ORIENTED_EDGE('',*,*,#2398,.F.);
#952=ORIENTED_EDGE('',*,*,#2706,.F.);
#953=ORIENTED_EDGE('',*,*,#2707,.T.);
#954=ORIENTED_EDGE('',*,*,#2708,.T.);
#955=ORIENTED_EDGE('',*,*,#2709,.F.);
#956=ORIENTED_EDGE('',*,*,#2710,.T.);
#957=ORIENTED_EDGE('',*,*,#2711,.F.);
#958=ORIENTED_EDGE('',*,*,#2712,.T.);
#959=ORIENTED_EDGE('',*,*,#2713,.F.);
#960=ORIENTED_EDGE('',*,*,#2703,.T.);
#961=ORIENTED_EDGE('',*,*,#2714,.T.);
#962=ORIENTED_EDGE('',*,*,#2715,.T.);
#963=ORIENTED_EDGE('',*,*,#2716,.T.);
#964=ORIENTED_EDGE('',*,*,#2717,.F.);
#965=ORIENTED_EDGE('',*,*,#2718,.F.);
#966=ORIENTED_EDGE('',*,*,#2719,.T.);
#967=ORIENTED_EDGE('',*,*,#2707,.F.);
#968=ORIENTED_EDGE('',*,*,#2720,.F.);
#969=ORIENTED_EDGE('',*,*,#2721,.F.);
#970=ORIENTED_EDGE('',*,*,#2722,.F.);
#971=ORIENTED_EDGE('',*,*,#2723,.F.);
#972=ORIENTED_EDGE('',*,*,#2724,.T.);
#973=ORIENTED_EDGE('',*,*,#2658,.F.);
#974=ORIENTED_EDGE('',*,*,#2668,.F.);
#975=ORIENTED_EDGE('',*,*,#2725,.F.);
#976=ORIENTED_EDGE('',*,*,#2726,.T.);
#977=ORIENTED_EDGE('',*,*,#2659,.F.);
#978=ORIENTED_EDGE('',*,*,#2724,.F.);
#979=ORIENTED_EDGE('',*,*,#2727,.F.);
#980=ORIENTED_EDGE('',*,*,#2728,.T.);
#981=ORIENTED_EDGE('',*,*,#2660,.F.);
#982=ORIENTED_EDGE('',*,*,#2726,.F.);
#983=ORIENTED_EDGE('',*,*,#2729,.F.);
#984=ORIENTED_EDGE('',*,*,#2730,.T.);
#985=ORIENTED_EDGE('',*,*,#2661,.F.);
#986=ORIENTED_EDGE('',*,*,#2728,.F.);
#987=ORIENTED_EDGE('',*,*,#2730,.F.);
#988=ORIENTED_EDGE('',*,*,#2731,.T.);
#989=ORIENTED_EDGE('',*,*,#2732,.T.);
#990=ORIENTED_EDGE('',*,*,#2662,.T.);
#991=ORIENTED_EDGE('',*,*,#2733,.F.);
#992=ORIENTED_EDGE('',*,*,#2734,.T.);
#993=ORIENTED_EDGE('',*,*,#2735,.T.);
#994=ORIENTED_EDGE('',*,*,#2677,.F.);
#995=ORIENTED_EDGE('',*,*,#2649,.T.);
#996=ORIENTED_EDGE('',*,*,#2638,.T.);
#997=ORIENTED_EDGE('',*,*,#2736,.F.);
#998=ORIENTED_EDGE('',*,*,#2643,.T.);
#999=ORIENTED_EDGE('',*,*,#2737,.T.);
#1000=ORIENTED_EDGE('',*,*,#2635,.F.);
#1001=ORIENTED_EDGE('',*,*,#2656,.F.);
#1002=ORIENTED_EDGE('',*,*,#2732,.F.);
#1003=ORIENTED_EDGE('',*,*,#2738,.T.);
#1004=ORIENTED_EDGE('',*,*,#2384,.T.);
#1005=ORIENTED_EDGE('',*,*,#2739,.F.);
#1006=ORIENTED_EDGE('',*,*,#2641,.F.);
#1007=ORIENTED_EDGE('',*,*,#2740,.T.);
#1008=ORIENTED_EDGE('',*,*,#2686,.T.);
#1009=ORIENTED_EDGE('',*,*,#2741,.F.);
#1010=ORIENTED_EDGE('',*,*,#2681,.F.);
#1011=ORIENTED_EDGE('',*,*,#2742,.T.);
#1012=ORIENTED_EDGE('',*,*,#2743,.T.);
#1013=ORIENTED_EDGE('',*,*,#2744,.T.);
#1014=ORIENTED_EDGE('',*,*,#2745,.T.);
#1015=ORIENTED_EDGE('',*,*,#2743,.F.);
#1016=ORIENTED_EDGE('',*,*,#2746,.F.);
#1017=ORIENTED_EDGE('',*,*,#2747,.F.);
#1018=ORIENTED_EDGE('',*,*,#2744,.F.);
#1019=ORIENTED_EDGE('',*,*,#2748,.T.);
#1020=ORIENTED_EDGE('',*,*,#2749,.T.);
#1021=ORIENTED_EDGE('',*,*,#2750,.F.);
#1022=ORIENTED_EDGE('',*,*,#2749,.F.);
#1023=ORIENTED_EDGE('',*,*,#2751,.T.);
#1024=ORIENTED_EDGE('',*,*,#2752,.T.);
#1025=ORIENTED_EDGE('',*,*,#2753,.T.);
#1026=ORIENTED_EDGE('',*,*,#2683,.F.);
#1027=ORIENTED_EDGE('',*,*,#2754,.F.);
#1028=ORIENTED_EDGE('',*,*,#2755,.T.);
#1029=ORIENTED_EDGE('',*,*,#2756,.T.);
#1030=ORIENTED_EDGE('',*,*,#2752,.F.);
#1031=ORIENTED_EDGE('',*,*,#2757,.F.);
#1032=ORIENTED_EDGE('',*,*,#2717,.T.);
#1033=ORIENTED_EDGE('',*,*,#2758,.T.);
#1034=ORIENTED_EDGE('',*,*,#2719,.F.);
#1035=ORIENTED_EDGE('',*,*,#2759,.F.);
#1036=ORIENTED_EDGE('',*,*,#2760,.T.);
#1037=ORIENTED_EDGE('',*,*,#2761,.F.);
#1038=ORIENTED_EDGE('',*,*,#2760,.F.);
#1039=ORIENTED_EDGE('',*,*,#2762,.T.);
#1040=ORIENTED_EDGE('',*,*,#2763,.F.);
#1041=ORIENTED_EDGE('',*,*,#2388,.T.);
#1042=ORIENTED_EDGE('',*,*,#2764,.T.);
#1043=ORIENTED_EDGE('',*,*,#2712,.F.);
#1044=ORIENTED_EDGE('',*,*,#2765,.F.);
#1045=ORIENTED_EDGE('',*,*,#2680,.T.);
#1046=ORIENTED_EDGE('',*,*,#2389,.F.);
#1047=ORIENTED_EDGE('',*,*,#2765,.T.);
#1048=ORIENTED_EDGE('',*,*,#2711,.T.);
#1049=ORIENTED_EDGE('',*,*,#2766,.F.);
#1050=ORIENTED_EDGE('',*,*,#2762,.F.);
#1051=ORIENTED_EDGE('',*,*,#2759,.T.);
#1052=ORIENTED_EDGE('',*,*,#2718,.T.);
#1053=ORIENTED_EDGE('',*,*,#2757,.T.);
#1054=ORIENTED_EDGE('',*,*,#2751,.F.);
#1055=ORIENTED_EDGE('',*,*,#2748,.F.);
#1056=ORIENTED_EDGE('',*,*,#2746,.T.);
#1057=ORIENTED_EDGE('',*,*,#2742,.F.);
#1058=ORIENTED_EDGE('',*,*,#2385,.T.);
#1059=ORIENTED_EDGE('',*,*,#2738,.F.);
#1060=ORIENTED_EDGE('',*,*,#2689,.T.);
#1061=ORIENTED_EDGE('',*,*,#2692,.F.);
#1062=ORIENTED_EDGE('',*,*,#2694,.T.);
#1063=ORIENTED_EDGE('',*,*,#2684,.T.);
#1064=ORIENTED_EDGE('',*,*,#2753,.F.);
#1065=ORIENTED_EDGE('',*,*,#2716,.F.);
#1066=ORIENTED_EDGE('',*,*,#2758,.F.);
#1067=ORIENTED_EDGE('',*,*,#2761,.T.);
#1068=ORIENTED_EDGE('',*,*,#2767,.T.);
#1069=ORIENTED_EDGE('',*,*,#2714,.F.);
#1070=ORIENTED_EDGE('',*,*,#2702,.F.);
#1071=ORIENTED_EDGE('',*,*,#2768,.T.);
#1072=ORIENTED_EDGE('',*,*,#2769,.F.);
#1073=ORIENTED_EDGE('',*,*,#2433,.T.);
#1074=ORIENTED_EDGE('',*,*,#2770,.T.);
#1075=ORIENTED_EDGE('',*,*,#2720,.T.);
#1076=ORIENTED_EDGE('',*,*,#2706,.T.);
#1077=ORIENTED_EDGE('',*,*,#2397,.F.);
#1078=ORIENTED_EDGE('',*,*,#2697,.F.);
#1079=ORIENTED_EDGE('',*,*,#2771,.T.);
#1080=ORIENTED_EDGE('',*,*,#2772,.F.);
#1081=ORIENTED_EDGE('',*,*,#2773,.F.);
#1082=ORIENTED_EDGE('',*,*,#2774,.F.);
#1083=ORIENTED_EDGE('',*,*,#2721,.T.);
#1084=ORIENTED_EDGE('',*,*,#2772,.T.);
#1085=ORIENTED_EDGE('',*,*,#2722,.T.);
#1086=ORIENTED_EDGE('',*,*,#2774,.T.);
#1087=ORIENTED_EDGE('',*,*,#2775,.T.);
#1088=ORIENTED_EDGE('',*,*,#2698,.T.);
#1089=ORIENTED_EDGE('',*,*,#2395,.F.);
#1090=ORIENTED_EDGE('',*,*,#2776,.F.);
#1091=ORIENTED_EDGE('',*,*,#2777,.F.);
#1092=ORIENTED_EDGE('',*,*,#2708,.F.);
#1093=ORIENTED_EDGE('',*,*,#2715,.F.);
#1094=ORIENTED_EDGE('',*,*,#2767,.F.);
#1095=ORIENTED_EDGE('',*,*,#2763,.T.);
#1096=ORIENTED_EDGE('',*,*,#2766,.T.);
#1097=ORIENTED_EDGE('',*,*,#2710,.F.);
#1098=ORIENTED_EDGE('',*,*,#2778,.F.);
#1099=ORIENTED_EDGE('',*,*,#2779,.T.);
#1100=ORIENTED_EDGE('',*,*,#2780,.F.);
#1101=ORIENTED_EDGE('',*,*,#2781,.F.);
#1102=ORIENTED_EDGE('',*,*,#2778,.T.);
#1103=ORIENTED_EDGE('',*,*,#2709,.T.);
#1104=ORIENTED_EDGE('',*,*,#2764,.F.);
#1105=ORIENTED_EDGE('',*,*,#2387,.T.);
#1106=ORIENTED_EDGE('',*,*,#2701,.T.);
#1107=ORIENTED_EDGE('',*,*,#2713,.T.);
#1108=ORIENTED_EDGE('',*,*,#2780,.T.);
#1109=ORIENTED_EDGE('',*,*,#2782,.F.);
#1110=ORIENTED_EDGE('',*,*,#2496,.F.);
#1111=ORIENTED_EDGE('',*,*,#2783,.F.);
#1112=ORIENTED_EDGE('',*,*,#2499,.F.);
#1113=ORIENTED_EDGE('',*,*,#2784,.F.);
#1114=ORIENTED_EDGE('',*,*,#2502,.F.);
#1115=ORIENTED_EDGE('',*,*,#2785,.F.);
#1116=ORIENTED_EDGE('',*,*,#2505,.F.);
#1117=ORIENTED_EDGE('',*,*,#2786,.F.);
#1118=ORIENTED_EDGE('',*,*,#2508,.F.);
#1119=ORIENTED_EDGE('',*,*,#2787,.F.);
#1120=ORIENTED_EDGE('',*,*,#2511,.F.);
#1121=ORIENTED_EDGE('',*,*,#2788,.F.);
#1122=ORIENTED_EDGE('',*,*,#2514,.F.);
#1123=ORIENTED_EDGE('',*,*,#2789,.F.);
#1124=ORIENTED_EDGE('',*,*,#2517,.F.);
#1125=ORIENTED_EDGE('',*,*,#2790,.F.);
#1126=ORIENTED_EDGE('',*,*,#2520,.F.);
#1127=ORIENTED_EDGE('',*,*,#2791,.F.);
#1128=ORIENTED_EDGE('',*,*,#2523,.F.);
#1129=ORIENTED_EDGE('',*,*,#2792,.F.);
#1130=ORIENTED_EDGE('',*,*,#2526,.F.);
#1131=ORIENTED_EDGE('',*,*,#2793,.F.);
#1132=ORIENTED_EDGE('',*,*,#2529,.F.);
#1133=ORIENTED_EDGE('',*,*,#2794,.F.);
#1134=ORIENTED_EDGE('',*,*,#2532,.F.);
#1135=ORIENTED_EDGE('',*,*,#2795,.F.);
#1136=ORIENTED_EDGE('',*,*,#2535,.F.);
#1137=ORIENTED_EDGE('',*,*,#2796,.F.);
#1138=ORIENTED_EDGE('',*,*,#2538,.F.);
#1139=ORIENTED_EDGE('',*,*,#2797,.F.);
#1140=ORIENTED_EDGE('',*,*,#2541,.F.);
#1141=ORIENTED_EDGE('',*,*,#2798,.F.);
#1142=ORIENTED_EDGE('',*,*,#2544,.F.);
#1143=ORIENTED_EDGE('',*,*,#2799,.F.);
#1144=ORIENTED_EDGE('',*,*,#2547,.F.);
#1145=ORIENTED_EDGE('',*,*,#2800,.F.);
#1146=ORIENTED_EDGE('',*,*,#2550,.F.);
#1147=ORIENTED_EDGE('',*,*,#2801,.F.);
#1148=ORIENTED_EDGE('',*,*,#2553,.F.);
#1149=ORIENTED_EDGE('',*,*,#2802,.F.);
#1150=ORIENTED_EDGE('',*,*,#2556,.F.);
#1151=ORIENTED_EDGE('',*,*,#2803,.F.);
#1152=ORIENTED_EDGE('',*,*,#2559,.F.);
#1153=ORIENTED_EDGE('',*,*,#2804,.F.);
#1154=ORIENTED_EDGE('',*,*,#2562,.F.);
#1155=ORIENTED_EDGE('',*,*,#2805,.F.);
#1156=ORIENTED_EDGE('',*,*,#2565,.F.);
#1157=ORIENTED_EDGE('',*,*,#2806,.F.);
#1158=ORIENTED_EDGE('',*,*,#2568,.F.);
#1159=ORIENTED_EDGE('',*,*,#2807,.F.);
#1160=ORIENTED_EDGE('',*,*,#2571,.F.);
#1161=ORIENTED_EDGE('',*,*,#2808,.F.);
#1162=ORIENTED_EDGE('',*,*,#2574,.F.);
#1163=ORIENTED_EDGE('',*,*,#2809,.F.);
#1164=ORIENTED_EDGE('',*,*,#2577,.F.);
#1165=ORIENTED_EDGE('',*,*,#2810,.F.);
#1166=ORIENTED_EDGE('',*,*,#2580,.F.);
#1167=ORIENTED_EDGE('',*,*,#2811,.F.);
#1168=ORIENTED_EDGE('',*,*,#2583,.F.);
#1169=ORIENTED_EDGE('',*,*,#2812,.F.);
#1170=ORIENTED_EDGE('',*,*,#2586,.F.);
#1171=ORIENTED_EDGE('',*,*,#2813,.F.);
#1172=ORIENTED_EDGE('',*,*,#2589,.F.);
#1173=ORIENTED_EDGE('',*,*,#2814,.F.);
#1174=ORIENTED_EDGE('',*,*,#2592,.F.);
#1175=ORIENTED_EDGE('',*,*,#2815,.F.);
#1176=ORIENTED_EDGE('',*,*,#2595,.F.);
#1177=ORIENTED_EDGE('',*,*,#2816,.F.);
#1178=ORIENTED_EDGE('',*,*,#2598,.F.);
#1179=ORIENTED_EDGE('',*,*,#2817,.F.);
#1180=ORIENTED_EDGE('',*,*,#2601,.F.);
#1181=ORIENTED_EDGE('',*,*,#2818,.F.);
#1182=ORIENTED_EDGE('',*,*,#2604,.F.);
#1183=ORIENTED_EDGE('',*,*,#2819,.F.);
#1184=ORIENTED_EDGE('',*,*,#2607,.F.);
#1185=ORIENTED_EDGE('',*,*,#2820,.F.);
#1186=ORIENTED_EDGE('',*,*,#2610,.F.);
#1187=ORIENTED_EDGE('',*,*,#2821,.F.);
#1188=ORIENTED_EDGE('',*,*,#2613,.F.);
#1189=ORIENTED_EDGE('',*,*,#2822,.F.);
#1190=ORIENTED_EDGE('',*,*,#2616,.F.);
#1191=ORIENTED_EDGE('',*,*,#2823,.F.);
#1192=ORIENTED_EDGE('',*,*,#2619,.F.);
#1193=ORIENTED_EDGE('',*,*,#2824,.F.);
#1194=ORIENTED_EDGE('',*,*,#2622,.F.);
#1195=ORIENTED_EDGE('',*,*,#2825,.F.);
#1196=ORIENTED_EDGE('',*,*,#2625,.F.);
#1197=ORIENTED_EDGE('',*,*,#2826,.F.);
#1198=ORIENTED_EDGE('',*,*,#2628,.F.);
#1199=ORIENTED_EDGE('',*,*,#2827,.F.);
#1200=ORIENTED_EDGE('',*,*,#2768,.F.);
#1201=ORIENTED_EDGE('',*,*,#2828,.F.);
#1202=ORIENTED_EDGE('',*,*,#2494,.F.);
#1203=ORIENTED_EDGE('',*,*,#2779,.F.);
#1204=ORIENTED_EDGE('',*,*,#2781,.T.);
#1205=ORIENTED_EDGE('',*,*,#2775,.F.);
#1206=ORIENTED_EDGE('',*,*,#2773,.T.);
#1207=ORIENTED_EDGE('',*,*,#2771,.F.);
#1208=ORIENTED_EDGE('',*,*,#2696,.F.);
#1209=ORIENTED_EDGE('',*,*,#2755,.F.);
#1210=ORIENTED_EDGE('',*,*,#2699,.F.);
#1211=ORIENTED_EDGE('',*,*,#2393,.T.);
#1212=ORIENTED_EDGE('',*,*,#2705,.F.);
#1213=ORIENTED_EDGE('',*,*,#2829,.F.);
#1214=ORIENTED_EDGE('',*,*,#2830,.T.);
#1215=ORIENTED_EDGE('',*,*,#2394,.T.);
#1216=ORIENTED_EDGE('',*,*,#2830,.F.);
#1217=ORIENTED_EDGE('',*,*,#2831,.F.);
#1218=ORIENTED_EDGE('',*,*,#2776,.T.);
#1219=ORIENTED_EDGE('',*,*,#2829,.T.);
#1220=ORIENTED_EDGE('',*,*,#2704,.T.);
#1221=ORIENTED_EDGE('',*,*,#2777,.T.);
#1222=ORIENTED_EDGE('',*,*,#2831,.T.);
#1223=ORIENTED_EDGE('',*,*,#2682,.T.);
#1224=ORIENTED_EDGE('',*,*,#2693,.F.);
#1225=ORIENTED_EDGE('',*,*,#2832,.F.);
#1226=ORIENTED_EDGE('',*,*,#2647,.F.);
#1227=ORIENTED_EDGE('',*,*,#2700,.T.);
#1228=ORIENTED_EDGE('',*,*,#2754,.T.);
#1229=ORIENTED_EDGE('',*,*,#2740,.F.);
#1230=ORIENTED_EDGE('',*,*,#2648,.T.);
#1231=ORIENTED_EDGE('',*,*,#2832,.T.);
#1232=ORIENTED_EDGE('',*,*,#2690,.T.);
#1233=ORIENTED_EDGE('',*,*,#2687,.F.);
#1234=ORIENTED_EDGE('',*,*,#2741,.T.);
#1235=ORIENTED_EDGE('',*,*,#2745,.F.);
#1236=ORIENTED_EDGE('',*,*,#2747,.T.);
#1237=ORIENTED_EDGE('',*,*,#2750,.T.);
#1238=ORIENTED_EDGE('',*,*,#2756,.F.);
#1239=ORIENTED_EDGE('',*,*,#2695,.F.);
#1240=ORIENTED_EDGE('',*,*,#2645,.F.);
#1241=ORIENTED_EDGE('',*,*,#2678,.T.);
#1242=ORIENTED_EDGE('',*,*,#2723,.T.);
#1243=ORIENTED_EDGE('',*,*,#2667,.F.);
#1244=ORIENTED_EDGE('',*,*,#2833,.F.);
#1245=ORIENTED_EDGE('',*,*,#2733,.T.);
#1246=ORIENTED_EDGE('',*,*,#2731,.F.);
#1247=ORIENTED_EDGE('',*,*,#2729,.T.);
#1248=ORIENTED_EDGE('',*,*,#2727,.T.);
#1249=ORIENTED_EDGE('',*,*,#2725,.T.);
#1250=ORIENTED_EDGE('',*,*,#2664,.F.);
#1251=ORIENTED_EDGE('',*,*,#2672,.F.);
#1252=ORIENTED_EDGE('',*,*,#2675,.F.);
#1253=ORIENTED_EDGE('',*,*,#2676,.T.);
#1254=ORIENTED_EDGE('',*,*,#2735,.F.);
#1255=ORIENTED_EDGE('',*,*,#2834,.T.);
#1256=ORIENTED_EDGE('',*,*,#2670,.T.);
#1257=ORIENTED_EDGE('',*,*,#2671,.F.);
#1258=ORIENTED_EDGE('',*,*,#2833,.T.);
#1259=ORIENTED_EDGE('',*,*,#2666,.F.);
#1260=ORIENTED_EDGE('',*,*,#2834,.F.);
#1261=ORIENTED_EDGE('',*,*,#2734,.F.);
#1262=ORIENTED_EDGE('',*,*,#2736,.T.);
#1263=ORIENTED_EDGE('',*,*,#2637,.F.);
#1264=ORIENTED_EDGE('',*,*,#2835,.F.);
#1265=ORIENTED_EDGE('',*,*,#2836,.F.);
#1266=ORIENTED_EDGE('',*,*,#2837,.F.);
#1267=ORIENTED_EDGE('',*,*,#2838,.T.);
#1268=ORIENTED_EDGE('',*,*,#2839,.T.);
#1269=ORIENTED_EDGE('',*,*,#2840,.T.);
#1270=ORIENTED_EDGE('',*,*,#2841,.T.);
#1271=ORIENTED_EDGE('',*,*,#2391,.F.);
#1272=ORIENTED_EDGE('',*,*,#2679,.F.);
#1273=ORIENTED_EDGE('',*,*,#2644,.T.);
#1274=ORIENTED_EDGE('',*,*,#2739,.T.);
#1275=ORIENTED_EDGE('',*,*,#2383,.T.);
#1276=ORIENTED_EDGE('',*,*,#2842,.F.);
#1277=ORIENTED_EDGE('',*,*,#2843,.F.);
#1278=ORIENTED_EDGE('',*,*,#2844,.F.);
#1279=ORIENTED_EDGE('',*,*,#2845,.F.);
#1280=ORIENTED_EDGE('',*,*,#2846,.T.);
#1281=ORIENTED_EDGE('',*,*,#2847,.T.);
#1282=ORIENTED_EDGE('',*,*,#2848,.T.);
#1283=ORIENTED_EDGE('',*,*,#2631,.T.);
#1284=ORIENTED_EDGE('',*,*,#2737,.F.);
#1285=ORIENTED_EDGE('',*,*,#2642,.F.);
#1286=ORIENTED_EDGE('',*,*,#2392,.T.);
#1287=ORIENTED_EDGE('',*,*,#2841,.F.);
#1288=ORIENTED_EDGE('',*,*,#2849,.F.);
#1289=ORIENTED_EDGE('',*,*,#2842,.T.);
#1290=ORIENTED_EDGE('',*,*,#2636,.T.);
#1291=ORIENTED_EDGE('',*,*,#2632,.T.);
#1292=ORIENTED_EDGE('',*,*,#2848,.F.);
#1293=ORIENTED_EDGE('',*,*,#2850,.F.);
#1294=ORIENTED_EDGE('',*,*,#2835,.T.);
#1295=ORIENTED_EDGE('',*,*,#2851,.F.);
#1296=ORIENTED_EDGE('',*,*,#2852,.F.);
#1297=ORIENTED_EDGE('',*,*,#2843,.T.);
#1298=ORIENTED_EDGE('',*,*,#2849,.T.);
#1299=ORIENTED_EDGE('',*,*,#2840,.F.);
#1300=ORIENTED_EDGE('',*,*,#2853,.F.);
#1301=ORIENTED_EDGE('',*,*,#2836,.T.);
#1302=ORIENTED_EDGE('',*,*,#2850,.T.);
#1303=ORIENTED_EDGE('',*,*,#2847,.F.);
#1304=ORIENTED_EDGE('',*,*,#2854,.F.);
#1305=ORIENTED_EDGE('',*,*,#2852,.T.);
#1306=ORIENTED_EDGE('',*,*,#2855,.F.);
#1307=ORIENTED_EDGE('',*,*,#2856,.F.);
#1308=ORIENTED_EDGE('',*,*,#2844,.T.);
#1309=ORIENTED_EDGE('',*,*,#2855,.T.);
#1310=ORIENTED_EDGE('',*,*,#2851,.T.);
#1311=ORIENTED_EDGE('',*,*,#2857,.F.);
#1312=ORIENTED_EDGE('',*,*,#2858,.T.);
#1313=ORIENTED_EDGE('',*,*,#2859,.F.);
#1314=ORIENTED_EDGE('',*,*,#2853,.T.);
#1315=ORIENTED_EDGE('',*,*,#2839,.F.);
#1316=ORIENTED_EDGE('',*,*,#2860,.F.);
#1317=ORIENTED_EDGE('',*,*,#2857,.T.);
#1318=ORIENTED_EDGE('',*,*,#2854,.T.);
#1319=ORIENTED_EDGE('',*,*,#2846,.F.);
#1320=ORIENTED_EDGE('',*,*,#2861,.F.);
#1321=ORIENTED_EDGE('',*,*,#2837,.T.);
#1322=ORIENTED_EDGE('',*,*,#2845,.T.);
#1323=ORIENTED_EDGE('',*,*,#2856,.T.);
#1324=ORIENTED_EDGE('',*,*,#2858,.F.);
#1325=ORIENTED_EDGE('',*,*,#2860,.T.);
#1326=ORIENTED_EDGE('',*,*,#2838,.F.);
#1327=ORIENTED_EDGE('',*,*,#2861,.T.);
#1328=ORIENTED_EDGE('',*,*,#2859,.T.);
#1329=ORIENTED_EDGE('',*,*,#2432,.F.);
#1330=ORIENTED_EDGE('',*,*,#2495,.T.);
#1331=ORIENTED_EDGE('',*,*,#2828,.T.);
#1332=ORIENTED_EDGE('',*,*,#2770,.F.);
#1333=ORIENTED_EDGE('',*,*,#2434,.F.);
#1334=ORIENTED_EDGE('',*,*,#2769,.T.);
#1335=ORIENTED_EDGE('',*,*,#2827,.T.);
#1336=ORIENTED_EDGE('',*,*,#2630,.F.);
#1337=ORIENTED_EDGE('',*,*,#2436,.F.);
#1338=ORIENTED_EDGE('',*,*,#2629,.T.);
#1339=ORIENTED_EDGE('',*,*,#2826,.T.);
#1340=ORIENTED_EDGE('',*,*,#2627,.F.);
#1341=ORIENTED_EDGE('',*,*,#2438,.F.);
#1342=ORIENTED_EDGE('',*,*,#2626,.T.);
#1343=ORIENTED_EDGE('',*,*,#2825,.T.);
#1344=ORIENTED_EDGE('',*,*,#2624,.F.);
#1345=ORIENTED_EDGE('',*,*,#2440,.F.);
#1346=ORIENTED_EDGE('',*,*,#2623,.T.);
#1347=ORIENTED_EDGE('',*,*,#2824,.T.);
#1348=ORIENTED_EDGE('',*,*,#2621,.F.);
#1349=ORIENTED_EDGE('',*,*,#2442,.F.);
#1350=ORIENTED_EDGE('',*,*,#2620,.T.);
#1351=ORIENTED_EDGE('',*,*,#2823,.T.);
#1352=ORIENTED_EDGE('',*,*,#2618,.F.);
#1353=ORIENTED_EDGE('',*,*,#2444,.F.);
#1354=ORIENTED_EDGE('',*,*,#2617,.T.);
#1355=ORIENTED_EDGE('',*,*,#2822,.T.);
#1356=ORIENTED_EDGE('',*,*,#2615,.F.);
#1357=ORIENTED_EDGE('',*,*,#2446,.F.);
#1358=ORIENTED_EDGE('',*,*,#2614,.T.);
#1359=ORIENTED_EDGE('',*,*,#2821,.T.);
#1360=ORIENTED_EDGE('',*,*,#2612,.F.);
#1361=ORIENTED_EDGE('',*,*,#2448,.F.);
#1362=ORIENTED_EDGE('',*,*,#2611,.T.);
#1363=ORIENTED_EDGE('',*,*,#2820,.T.);
#1364=ORIENTED_EDGE('',*,*,#2609,.F.);
#1365=ORIENTED_EDGE('',*,*,#2450,.F.);
#1366=ORIENTED_EDGE('',*,*,#2608,.T.);
#1367=ORIENTED_EDGE('',*,*,#2819,.T.);
#1368=ORIENTED_EDGE('',*,*,#2606,.F.);
#1369=ORIENTED_EDGE('',*,*,#2452,.F.);
#1370=ORIENTED_EDGE('',*,*,#2605,.T.);
#1371=ORIENTED_EDGE('',*,*,#2818,.T.);
#1372=ORIENTED_EDGE('',*,*,#2603,.F.);
#1373=ORIENTED_EDGE('',*,*,#2454,.F.);
#1374=ORIENTED_EDGE('',*,*,#2602,.T.);
#1375=ORIENTED_EDGE('',*,*,#2817,.T.);
#1376=ORIENTED_EDGE('',*,*,#2600,.F.);
#1377=ORIENTED_EDGE('',*,*,#2456,.F.);
#1378=ORIENTED_EDGE('',*,*,#2599,.T.);
#1379=ORIENTED_EDGE('',*,*,#2816,.T.);
#1380=ORIENTED_EDGE('',*,*,#2597,.F.);
#1381=ORIENTED_EDGE('',*,*,#2458,.F.);
#1382=ORIENTED_EDGE('',*,*,#2596,.T.);
#1383=ORIENTED_EDGE('',*,*,#2815,.T.);
#1384=ORIENTED_EDGE('',*,*,#2594,.F.);
#1385=ORIENTED_EDGE('',*,*,#2460,.F.);
#1386=ORIENTED_EDGE('',*,*,#2593,.T.);
#1387=ORIENTED_EDGE('',*,*,#2814,.T.);
#1388=ORIENTED_EDGE('',*,*,#2591,.F.);
#1389=ORIENTED_EDGE('',*,*,#2462,.F.);
#1390=ORIENTED_EDGE('',*,*,#2590,.T.);
#1391=ORIENTED_EDGE('',*,*,#2813,.T.);
#1392=ORIENTED_EDGE('',*,*,#2588,.F.);
#1393=ORIENTED_EDGE('',*,*,#2464,.F.);
#1394=ORIENTED_EDGE('',*,*,#2587,.T.);
#1395=ORIENTED_EDGE('',*,*,#2812,.T.);
#1396=ORIENTED_EDGE('',*,*,#2585,.F.);
#1397=ORIENTED_EDGE('',*,*,#2466,.F.);
#1398=ORIENTED_EDGE('',*,*,#2584,.T.);
#1399=ORIENTED_EDGE('',*,*,#2811,.T.);
#1400=ORIENTED_EDGE('',*,*,#2582,.F.);
#1401=ORIENTED_EDGE('',*,*,#2468,.F.);
#1402=ORIENTED_EDGE('',*,*,#2581,.T.);
#1403=ORIENTED_EDGE('',*,*,#2810,.T.);
#1404=ORIENTED_EDGE('',*,*,#2579,.F.);
#1405=ORIENTED_EDGE('',*,*,#2470,.F.);
#1406=ORIENTED_EDGE('',*,*,#2578,.T.);
#1407=ORIENTED_EDGE('',*,*,#2809,.T.);
#1408=ORIENTED_EDGE('',*,*,#2576,.F.);
#1409=ORIENTED_EDGE('',*,*,#2472,.F.);
#1410=ORIENTED_EDGE('',*,*,#2575,.T.);
#1411=ORIENTED_EDGE('',*,*,#2808,.T.);
#1412=ORIENTED_EDGE('',*,*,#2573,.F.);
#1413=ORIENTED_EDGE('',*,*,#2474,.F.);
#1414=ORIENTED_EDGE('',*,*,#2572,.T.);
#1415=ORIENTED_EDGE('',*,*,#2807,.T.);
#1416=ORIENTED_EDGE('',*,*,#2570,.F.);
#1417=ORIENTED_EDGE('',*,*,#2476,.F.);
#1418=ORIENTED_EDGE('',*,*,#2569,.T.);
#1419=ORIENTED_EDGE('',*,*,#2806,.T.);
#1420=ORIENTED_EDGE('',*,*,#2567,.F.);
#1421=ORIENTED_EDGE('',*,*,#2478,.F.);
#1422=ORIENTED_EDGE('',*,*,#2566,.T.);
#1423=ORIENTED_EDGE('',*,*,#2805,.T.);
#1424=ORIENTED_EDGE('',*,*,#2564,.F.);
#1425=ORIENTED_EDGE('',*,*,#2480,.F.);
#1426=ORIENTED_EDGE('',*,*,#2563,.T.);
#1427=ORIENTED_EDGE('',*,*,#2804,.T.);
#1428=ORIENTED_EDGE('',*,*,#2561,.F.);
#1429=ORIENTED_EDGE('',*,*,#2482,.F.);
#1430=ORIENTED_EDGE('',*,*,#2560,.T.);
#1431=ORIENTED_EDGE('',*,*,#2803,.T.);
#1432=ORIENTED_EDGE('',*,*,#2558,.F.);
#1433=ORIENTED_EDGE('',*,*,#2484,.F.);
#1434=ORIENTED_EDGE('',*,*,#2557,.T.);
#1435=ORIENTED_EDGE('',*,*,#2802,.T.);
#1436=ORIENTED_EDGE('',*,*,#2555,.F.);
#1437=ORIENTED_EDGE('',*,*,#2486,.F.);
#1438=ORIENTED_EDGE('',*,*,#2554,.T.);
#1439=ORIENTED_EDGE('',*,*,#2801,.T.);
#1440=ORIENTED_EDGE('',*,*,#2552,.F.);
#1441=ORIENTED_EDGE('',*,*,#2488,.F.);
#1442=ORIENTED_EDGE('',*,*,#2551,.T.);
#1443=ORIENTED_EDGE('',*,*,#2800,.T.);
#1444=ORIENTED_EDGE('',*,*,#2549,.F.);
#1445=ORIENTED_EDGE('',*,*,#2490,.F.);
#1446=ORIENTED_EDGE('',*,*,#2548,.T.);
#1447=ORIENTED_EDGE('',*,*,#2799,.T.);
#1448=ORIENTED_EDGE('',*,*,#2546,.F.);
#1449=ORIENTED_EDGE('',*,*,#2492,.F.);
#1450=ORIENTED_EDGE('',*,*,#2545,.T.);
#1451=ORIENTED_EDGE('',*,*,#2798,.T.);
#1452=ORIENTED_EDGE('',*,*,#2543,.F.);
#1453=ORIENTED_EDGE('',*,*,#2400,.F.);
#1454=ORIENTED_EDGE('',*,*,#2542,.T.);
#1455=ORIENTED_EDGE('',*,*,#2797,.T.);
#1456=ORIENTED_EDGE('',*,*,#2540,.F.);
#1457=ORIENTED_EDGE('',*,*,#2402,.F.);
#1458=ORIENTED_EDGE('',*,*,#2539,.T.);
#1459=ORIENTED_EDGE('',*,*,#2796,.T.);
#1460=ORIENTED_EDGE('',*,*,#2537,.F.);
#1461=ORIENTED_EDGE('',*,*,#2404,.F.);
#1462=ORIENTED_EDGE('',*,*,#2536,.T.);
#1463=ORIENTED_EDGE('',*,*,#2795,.T.);
#1464=ORIENTED_EDGE('',*,*,#2534,.F.);
#1465=ORIENTED_EDGE('',*,*,#2406,.F.);
#1466=ORIENTED_EDGE('',*,*,#2533,.T.);
#1467=ORIENTED_EDGE('',*,*,#2794,.T.);
#1468=ORIENTED_EDGE('',*,*,#2531,.F.);
#1469=ORIENTED_EDGE('',*,*,#2408,.F.);
#1470=ORIENTED_EDGE('',*,*,#2530,.T.);
#1471=ORIENTED_EDGE('',*,*,#2793,.T.);
#1472=ORIENTED_EDGE('',*,*,#2528,.F.);
#1473=ORIENTED_EDGE('',*,*,#2410,.F.);
#1474=ORIENTED_EDGE('',*,*,#2527,.T.);
#1475=ORIENTED_EDGE('',*,*,#2792,.T.);
#1476=ORIENTED_EDGE('',*,*,#2525,.F.);
#1477=ORIENTED_EDGE('',*,*,#2412,.F.);
#1478=ORIENTED_EDGE('',*,*,#2524,.T.);
#1479=ORIENTED_EDGE('',*,*,#2791,.T.);
#1480=ORIENTED_EDGE('',*,*,#2522,.F.);
#1481=ORIENTED_EDGE('',*,*,#2414,.F.);
#1482=ORIENTED_EDGE('',*,*,#2521,.T.);
#1483=ORIENTED_EDGE('',*,*,#2790,.T.);
#1484=ORIENTED_EDGE('',*,*,#2519,.F.);
#1485=ORIENTED_EDGE('',*,*,#2416,.F.);
#1486=ORIENTED_EDGE('',*,*,#2518,.T.);
#1487=ORIENTED_EDGE('',*,*,#2789,.T.);
#1488=ORIENTED_EDGE('',*,*,#2516,.F.);
#1489=ORIENTED_EDGE('',*,*,#2418,.F.);
#1490=ORIENTED_EDGE('',*,*,#2515,.T.);
#1491=ORIENTED_EDGE('',*,*,#2788,.T.);
#1492=ORIENTED_EDGE('',*,*,#2513,.F.);
#1493=ORIENTED_EDGE('',*,*,#2420,.F.);
#1494=ORIENTED_EDGE('',*,*,#2512,.T.);
#1495=ORIENTED_EDGE('',*,*,#2787,.T.);
#1496=ORIENTED_EDGE('',*,*,#2510,.F.);
#1497=ORIENTED_EDGE('',*,*,#2422,.F.);
#1498=ORIENTED_EDGE('',*,*,#2509,.T.);
#1499=ORIENTED_EDGE('',*,*,#2786,.T.);
#1500=ORIENTED_EDGE('',*,*,#2507,.F.);
#1501=ORIENTED_EDGE('',*,*,#2424,.F.);
#1502=ORIENTED_EDGE('',*,*,#2506,.T.);
#1503=ORIENTED_EDGE('',*,*,#2785,.T.);
#1504=ORIENTED_EDGE('',*,*,#2504,.F.);
#1505=ORIENTED_EDGE('',*,*,#2426,.F.);
#1506=ORIENTED_EDGE('',*,*,#2503,.T.);
#1507=ORIENTED_EDGE('',*,*,#2784,.T.);
#1508=ORIENTED_EDGE('',*,*,#2501,.F.);
#1509=ORIENTED_EDGE('',*,*,#2428,.F.);
#1510=ORIENTED_EDGE('',*,*,#2500,.T.);
#1511=ORIENTED_EDGE('',*,*,#2783,.T.);
#1512=ORIENTED_EDGE('',*,*,#2498,.F.);
#1513=ORIENTED_EDGE('',*,*,#2430,.F.);
#1514=ORIENTED_EDGE('',*,*,#2497,.T.);
#1515=ORIENTED_EDGE('',*,*,#2782,.T.);
#1516=ORIENTED_EDGE('',*,*,#2493,.F.);
#1517=ORIENTED_EDGE('',*,*,#2862,.F.);
#1518=ORIENTED_EDGE('',*,*,#2863,.F.);
#1519=ORIENTED_EDGE('',*,*,#2864,.F.);
#1520=ORIENTED_EDGE('',*,*,#2865,.F.);
#1521=ORIENTED_EDGE('',*,*,#2866,.T.);
#1522=ORIENTED_EDGE('',*,*,#2867,.T.);
#1523=ORIENTED_EDGE('',*,*,#2868,.T.);
#1524=ORIENTED_EDGE('',*,*,#2869,.T.);
#1525=ORIENTED_EDGE('',*,*,#2870,.T.);
#1526=ORIENTED_EDGE('',*,*,#2871,.T.);
#1527=ORIENTED_EDGE('',*,*,#2872,.T.);
#1528=ORIENTED_EDGE('',*,*,#2873,.T.);
#1529=ORIENTED_EDGE('',*,*,#2874,.T.);
#1530=ORIENTED_EDGE('',*,*,#2875,.T.);
#1531=ORIENTED_EDGE('',*,*,#2876,.T.);
#1532=ORIENTED_EDGE('',*,*,#2877,.T.);
#1533=ORIENTED_EDGE('',*,*,#2878,.T.);
#1534=ORIENTED_EDGE('',*,*,#2879,.T.);
#1535=ORIENTED_EDGE('',*,*,#2880,.T.);
#1536=ORIENTED_EDGE('',*,*,#2881,.T.);
#1537=ORIENTED_EDGE('',*,*,#2882,.T.);
#1538=ORIENTED_EDGE('',*,*,#2883,.T.);
#1539=ORIENTED_EDGE('',*,*,#2884,.T.);
#1540=ORIENTED_EDGE('',*,*,#2885,.T.);
#1541=ORIENTED_EDGE('',*,*,#2886,.T.);
#1542=ORIENTED_EDGE('',*,*,#2887,.T.);
#1543=ORIENTED_EDGE('',*,*,#2888,.T.);
#1544=ORIENTED_EDGE('',*,*,#2889,.T.);
#1545=ORIENTED_EDGE('',*,*,#2890,.T.);
#1546=ORIENTED_EDGE('',*,*,#2891,.T.);
#1547=ORIENTED_EDGE('',*,*,#2892,.T.);
#1548=ORIENTED_EDGE('',*,*,#2893,.T.);
#1549=ORIENTED_EDGE('',*,*,#2894,.T.);
#1550=ORIENTED_EDGE('',*,*,#2895,.T.);
#1551=ORIENTED_EDGE('',*,*,#2896,.T.);
#1552=ORIENTED_EDGE('',*,*,#2897,.T.);
#1553=ORIENTED_EDGE('',*,*,#2898,.T.);
#1554=ORIENTED_EDGE('',*,*,#2899,.T.);
#1555=ORIENTED_EDGE('',*,*,#2900,.T.);
#1556=ORIENTED_EDGE('',*,*,#2901,.T.);
#1557=ORIENTED_EDGE('',*,*,#2902,.T.);
#1558=ORIENTED_EDGE('',*,*,#2903,.T.);
#1559=ORIENTED_EDGE('',*,*,#2904,.T.);
#1560=ORIENTED_EDGE('',*,*,#2905,.T.);
#1561=ORIENTED_EDGE('',*,*,#2906,.T.);
#1562=ORIENTED_EDGE('',*,*,#2907,.T.);
#1563=ORIENTED_EDGE('',*,*,#2908,.T.);
#1564=ORIENTED_EDGE('',*,*,#2909,.T.);
#1565=ORIENTED_EDGE('',*,*,#2910,.T.);
#1566=ORIENTED_EDGE('',*,*,#2911,.T.);
#1567=ORIENTED_EDGE('',*,*,#2912,.T.);
#1568=ORIENTED_EDGE('',*,*,#2913,.T.);
#1569=ORIENTED_EDGE('',*,*,#2914,.T.);
#1570=ORIENTED_EDGE('',*,*,#2915,.T.);
#1571=ORIENTED_EDGE('',*,*,#2916,.T.);
#1572=ORIENTED_EDGE('',*,*,#2917,.T.);
#1573=ORIENTED_EDGE('',*,*,#2918,.T.);
#1574=ORIENTED_EDGE('',*,*,#2919,.T.);
#1575=ORIENTED_EDGE('',*,*,#2920,.T.);
#1576=ORIENTED_EDGE('',*,*,#2921,.T.);
#1577=ORIENTED_EDGE('',*,*,#2922,.T.);
#1578=ORIENTED_EDGE('',*,*,#2923,.T.);
#1579=ORIENTED_EDGE('',*,*,#2924,.T.);
#1580=ORIENTED_EDGE('',*,*,#2925,.T.);
#1581=ORIENTED_EDGE('',*,*,#2926,.T.);
#1582=ORIENTED_EDGE('',*,*,#2927,.T.);
#1583=ORIENTED_EDGE('',*,*,#2928,.T.);
#1584=ORIENTED_EDGE('',*,*,#2929,.T.);
#1585=ORIENTED_EDGE('',*,*,#2930,.T.);
#1586=ORIENTED_EDGE('',*,*,#2931,.T.);
#1587=ORIENTED_EDGE('',*,*,#2932,.T.);
#1588=ORIENTED_EDGE('',*,*,#2933,.T.);
#1589=ORIENTED_EDGE('',*,*,#2934,.T.);
#1590=ORIENTED_EDGE('',*,*,#2935,.T.);
#1591=ORIENTED_EDGE('',*,*,#2936,.T.);
#1592=ORIENTED_EDGE('',*,*,#2937,.T.);
#1593=ORIENTED_EDGE('',*,*,#2938,.T.);
#1594=ORIENTED_EDGE('',*,*,#2939,.T.);
#1595=ORIENTED_EDGE('',*,*,#2940,.T.);
#1596=ORIENTED_EDGE('',*,*,#2941,.T.);
#1597=ORIENTED_EDGE('',*,*,#2942,.T.);
#1598=ORIENTED_EDGE('',*,*,#2943,.T.);
#1599=ORIENTED_EDGE('',*,*,#2944,.T.);
#1600=ORIENTED_EDGE('',*,*,#2945,.T.);
#1601=ORIENTED_EDGE('',*,*,#2946,.T.);
#1602=ORIENTED_EDGE('',*,*,#2947,.T.);
#1603=ORIENTED_EDGE('',*,*,#2948,.T.);
#1604=ORIENTED_EDGE('',*,*,#2949,.T.);
#1605=ORIENTED_EDGE('',*,*,#2950,.T.);
#1606=ORIENTED_EDGE('',*,*,#2951,.T.);
#1607=ORIENTED_EDGE('',*,*,#2952,.T.);
#1608=ORIENTED_EDGE('',*,*,#2953,.T.);
#1609=ORIENTED_EDGE('',*,*,#2954,.T.);
#1610=ORIENTED_EDGE('',*,*,#2955,.T.);
#1611=ORIENTED_EDGE('',*,*,#2956,.T.);
#1612=ORIENTED_EDGE('',*,*,#2957,.T.);
#1613=ORIENTED_EDGE('',*,*,#2958,.T.);
#1614=ORIENTED_EDGE('',*,*,#2959,.T.);
#1615=ORIENTED_EDGE('',*,*,#2960,.F.);
#1616=ORIENTED_EDGE('',*,*,#2961,.F.);
#1617=ORIENTED_EDGE('',*,*,#2962,.F.);
#1618=ORIENTED_EDGE('',*,*,#2963,.F.);
#1619=ORIENTED_EDGE('',*,*,#2964,.F.);
#1620=ORIENTED_EDGE('',*,*,#2965,.F.);
#1621=ORIENTED_EDGE('',*,*,#2966,.F.);
#1622=ORIENTED_EDGE('',*,*,#2967,.F.);
#1623=ORIENTED_EDGE('',*,*,#2968,.F.);
#1624=ORIENTED_EDGE('',*,*,#2969,.F.);
#1625=ORIENTED_EDGE('',*,*,#2970,.F.);
#1626=ORIENTED_EDGE('',*,*,#2971,.F.);
#1627=ORIENTED_EDGE('',*,*,#2972,.F.);
#1628=ORIENTED_EDGE('',*,*,#2973,.F.);
#1629=ORIENTED_EDGE('',*,*,#2974,.F.);
#1630=ORIENTED_EDGE('',*,*,#2975,.F.);
#1631=ORIENTED_EDGE('',*,*,#2976,.F.);
#1632=ORIENTED_EDGE('',*,*,#2977,.F.);
#1633=ORIENTED_EDGE('',*,*,#2978,.F.);
#1634=ORIENTED_EDGE('',*,*,#2979,.F.);
#1635=ORIENTED_EDGE('',*,*,#2980,.F.);
#1636=ORIENTED_EDGE('',*,*,#2981,.F.);
#1637=ORIENTED_EDGE('',*,*,#2982,.F.);
#1638=ORIENTED_EDGE('',*,*,#2983,.F.);
#1639=ORIENTED_EDGE('',*,*,#2984,.F.);
#1640=ORIENTED_EDGE('',*,*,#2985,.F.);
#1641=ORIENTED_EDGE('',*,*,#2986,.F.);
#1642=ORIENTED_EDGE('',*,*,#2987,.F.);
#1643=ORIENTED_EDGE('',*,*,#2988,.F.);
#1644=ORIENTED_EDGE('',*,*,#2989,.F.);
#1645=ORIENTED_EDGE('',*,*,#2990,.F.);
#1646=ORIENTED_EDGE('',*,*,#2991,.F.);
#1647=ORIENTED_EDGE('',*,*,#2992,.F.);
#1648=ORIENTED_EDGE('',*,*,#2993,.F.);
#1649=ORIENTED_EDGE('',*,*,#2994,.F.);
#1650=ORIENTED_EDGE('',*,*,#2995,.F.);
#1651=ORIENTED_EDGE('',*,*,#2996,.F.);
#1652=ORIENTED_EDGE('',*,*,#2997,.F.);
#1653=ORIENTED_EDGE('',*,*,#2998,.F.);
#1654=ORIENTED_EDGE('',*,*,#2999,.F.);
#1655=ORIENTED_EDGE('',*,*,#3000,.F.);
#1656=ORIENTED_EDGE('',*,*,#3001,.F.);
#1657=ORIENTED_EDGE('',*,*,#3002,.F.);
#1658=ORIENTED_EDGE('',*,*,#3003,.F.);
#1659=ORIENTED_EDGE('',*,*,#3004,.F.);
#1660=ORIENTED_EDGE('',*,*,#3005,.F.);
#1661=ORIENTED_EDGE('',*,*,#3006,.F.);
#1662=ORIENTED_EDGE('',*,*,#3007,.F.);
#1663=ORIENTED_EDGE('',*,*,#3008,.F.);
#1664=ORIENTED_EDGE('',*,*,#3009,.F.);
#1665=ORIENTED_EDGE('',*,*,#3010,.F.);
#1666=ORIENTED_EDGE('',*,*,#3011,.F.);
#1667=ORIENTED_EDGE('',*,*,#3012,.F.);
#1668=ORIENTED_EDGE('',*,*,#3013,.F.);
#1669=ORIENTED_EDGE('',*,*,#3014,.F.);
#1670=ORIENTED_EDGE('',*,*,#3015,.F.);
#1671=ORIENTED_EDGE('',*,*,#3016,.F.);
#1672=ORIENTED_EDGE('',*,*,#3017,.F.);
#1673=ORIENTED_EDGE('',*,*,#3018,.F.);
#1674=ORIENTED_EDGE('',*,*,#3019,.F.);
#1675=ORIENTED_EDGE('',*,*,#3020,.F.);
#1676=ORIENTED_EDGE('',*,*,#3021,.F.);
#1677=ORIENTED_EDGE('',*,*,#3022,.F.);
#1678=ORIENTED_EDGE('',*,*,#3023,.F.);
#1679=ORIENTED_EDGE('',*,*,#3024,.F.);
#1680=ORIENTED_EDGE('',*,*,#3025,.F.);
#1681=ORIENTED_EDGE('',*,*,#3026,.F.);
#1682=ORIENTED_EDGE('',*,*,#3027,.F.);
#1683=ORIENTED_EDGE('',*,*,#3028,.F.);
#1684=ORIENTED_EDGE('',*,*,#3029,.F.);
#1685=ORIENTED_EDGE('',*,*,#3030,.F.);
#1686=ORIENTED_EDGE('',*,*,#3031,.F.);
#1687=ORIENTED_EDGE('',*,*,#3032,.F.);
#1688=ORIENTED_EDGE('',*,*,#3033,.F.);
#1689=ORIENTED_EDGE('',*,*,#3034,.F.);
#1690=ORIENTED_EDGE('',*,*,#3035,.F.);
#1691=ORIENTED_EDGE('',*,*,#3036,.F.);
#1692=ORIENTED_EDGE('',*,*,#3037,.F.);
#1693=ORIENTED_EDGE('',*,*,#3038,.F.);
#1694=ORIENTED_EDGE('',*,*,#3039,.F.);
#1695=ORIENTED_EDGE('',*,*,#3040,.F.);
#1696=ORIENTED_EDGE('',*,*,#3041,.F.);
#1697=ORIENTED_EDGE('',*,*,#3042,.F.);
#1698=ORIENTED_EDGE('',*,*,#3043,.F.);
#1699=ORIENTED_EDGE('',*,*,#3044,.F.);
#1700=ORIENTED_EDGE('',*,*,#3045,.F.);
#1701=ORIENTED_EDGE('',*,*,#3046,.F.);
#1702=ORIENTED_EDGE('',*,*,#3047,.F.);
#1703=ORIENTED_EDGE('',*,*,#3048,.F.);
#1704=ORIENTED_EDGE('',*,*,#3049,.F.);
#1705=ORIENTED_EDGE('',*,*,#3050,.F.);
#1706=ORIENTED_EDGE('',*,*,#3051,.F.);
#1707=ORIENTED_EDGE('',*,*,#3052,.F.);
#1708=ORIENTED_EDGE('',*,*,#3053,.F.);
#1709=ORIENTED_EDGE('',*,*,#3054,.F.);
#1710=ORIENTED_EDGE('',*,*,#3055,.F.);
#1711=ORIENTED_EDGE('',*,*,#2960,.T.);
#1712=ORIENTED_EDGE('',*,*,#3056,.T.);
#1713=ORIENTED_EDGE('',*,*,#3057,.T.);
#1714=ORIENTED_EDGE('',*,*,#3058,.F.);
#1715=ORIENTED_EDGE('',*,*,#3059,.T.);
#1716=ORIENTED_EDGE('',*,*,#3055,.T.);
#1717=ORIENTED_EDGE('',*,*,#3060,.T.);
#1718=ORIENTED_EDGE('',*,*,#3061,.F.);
#1719=ORIENTED_EDGE('',*,*,#2865,.T.);
#1720=ORIENTED_EDGE('',*,*,#3062,.T.);
#1721=ORIENTED_EDGE('',*,*,#3063,.F.);
#1722=ORIENTED_EDGE('',*,*,#2863,.T.);
#1723=ORIENTED_EDGE('',*,*,#3064,.T.);
#1724=ORIENTED_EDGE('',*,*,#3056,.F.);
#1725=ORIENTED_EDGE('',*,*,#3057,.F.);
#1726=ORIENTED_EDGE('',*,*,#3064,.F.);
#1727=ORIENTED_EDGE('',*,*,#2862,.T.);
#1728=ORIENTED_EDGE('',*,*,#3061,.T.);
#1729=ORIENTED_EDGE('',*,*,#3065,.F.);
#1730=ORIENTED_EDGE('',*,*,#3062,.F.);
#1731=ORIENTED_EDGE('',*,*,#2864,.T.);
#1732=ORIENTED_EDGE('',*,*,#3063,.T.);
#1733=ORIENTED_EDGE('',*,*,#3059,.F.);
#1734=ORIENTED_EDGE('',*,*,#3066,.F.);
#1735=ORIENTED_EDGE('',*,*,#3058,.T.);
#1736=ORIENTED_EDGE('',*,*,#3065,.T.);
#1737=ORIENTED_EDGE('',*,*,#3060,.F.);
#1738=ORIENTED_EDGE('',*,*,#3066,.T.);
#1739=ORIENTED_EDGE('',*,*,#3025,.T.);
#1740=ORIENTED_EDGE('',*,*,#3067,.T.);
#1741=ORIENTED_EDGE('',*,*,#2868,.F.);
#1742=ORIENTED_EDGE('',*,*,#3068,.F.);
#1743=ORIENTED_EDGE('',*,*,#3027,.T.);
#1744=ORIENTED_EDGE('',*,*,#3069,.T.);
#1745=ORIENTED_EDGE('',*,*,#2866,.F.);
#1746=ORIENTED_EDGE('',*,*,#3070,.F.);
#1747=ORIENTED_EDGE('',*,*,#3029,.T.);
#1748=ORIENTED_EDGE('',*,*,#3071,.T.);
#1749=ORIENTED_EDGE('',*,*,#2958,.F.);
#1750=ORIENTED_EDGE('',*,*,#3072,.F.);
#1751=ORIENTED_EDGE('',*,*,#3031,.T.);
#1752=ORIENTED_EDGE('',*,*,#3073,.T.);
#1753=ORIENTED_EDGE('',*,*,#2956,.F.);
#1754=ORIENTED_EDGE('',*,*,#3074,.F.);
#1755=ORIENTED_EDGE('',*,*,#3033,.T.);
#1756=ORIENTED_EDGE('',*,*,#3075,.T.);
#1757=ORIENTED_EDGE('',*,*,#2954,.F.);
#1758=ORIENTED_EDGE('',*,*,#3076,.F.);
#1759=ORIENTED_EDGE('',*,*,#3035,.T.);
#1760=ORIENTED_EDGE('',*,*,#3077,.T.);
#1761=ORIENTED_EDGE('',*,*,#2952,.F.);
#1762=ORIENTED_EDGE('',*,*,#3078,.F.);
#1763=ORIENTED_EDGE('',*,*,#3037,.T.);
#1764=ORIENTED_EDGE('',*,*,#3079,.T.);
#1765=ORIENTED_EDGE('',*,*,#2950,.F.);
#1766=ORIENTED_EDGE('',*,*,#3080,.F.);
#1767=ORIENTED_EDGE('',*,*,#3039,.T.);
#1768=ORIENTED_EDGE('',*,*,#3081,.T.);
#1769=ORIENTED_EDGE('',*,*,#2948,.F.);
#1770=ORIENTED_EDGE('',*,*,#3082,.F.);
#1771=ORIENTED_EDGE('',*,*,#3041,.T.);
#1772=ORIENTED_EDGE('',*,*,#3083,.T.);
#1773=ORIENTED_EDGE('',*,*,#2946,.F.);
#1774=ORIENTED_EDGE('',*,*,#3084,.F.);
#1775=ORIENTED_EDGE('',*,*,#3043,.T.);
#1776=ORIENTED_EDGE('',*,*,#3085,.T.);
#1777=ORIENTED_EDGE('',*,*,#2944,.F.);
#1778=ORIENTED_EDGE('',*,*,#3086,.F.);
#1779=ORIENTED_EDGE('',*,*,#3045,.T.);
#1780=ORIENTED_EDGE('',*,*,#3087,.T.);
#1781=ORIENTED_EDGE('',*,*,#2942,.F.);
#1782=ORIENTED_EDGE('',*,*,#3088,.F.);
#1783=ORIENTED_EDGE('',*,*,#3047,.T.);
#1784=ORIENTED_EDGE('',*,*,#3089,.T.);
#1785=ORIENTED_EDGE('',*,*,#2940,.F.);
#1786=ORIENTED_EDGE('',*,*,#3090,.F.);
#1787=ORIENTED_EDGE('',*,*,#3049,.T.);
#1788=ORIENTED_EDGE('',*,*,#3091,.T.);
#1789=ORIENTED_EDGE('',*,*,#2938,.F.);
#1790=ORIENTED_EDGE('',*,*,#3092,.F.);
#1791=ORIENTED_EDGE('',*,*,#3051,.T.);
#1792=ORIENTED_EDGE('',*,*,#3093,.T.);
#1793=ORIENTED_EDGE('',*,*,#2936,.F.);
#1794=ORIENTED_EDGE('',*,*,#3094,.F.);
#1795=ORIENTED_EDGE('',*,*,#3053,.T.);
#1796=ORIENTED_EDGE('',*,*,#3095,.T.);
#1797=ORIENTED_EDGE('',*,*,#2934,.F.);
#1798=ORIENTED_EDGE('',*,*,#3096,.F.);
#1799=ORIENTED_EDGE('',*,*,#2961,.T.);
#1800=ORIENTED_EDGE('',*,*,#3097,.T.);
#1801=ORIENTED_EDGE('',*,*,#2932,.F.);
#1802=ORIENTED_EDGE('',*,*,#3098,.F.);
#1803=ORIENTED_EDGE('',*,*,#2963,.T.);
#1804=ORIENTED_EDGE('',*,*,#3099,.T.);
#1805=ORIENTED_EDGE('',*,*,#2930,.F.);
#1806=ORIENTED_EDGE('',*,*,#3100,.F.);
#1807=ORIENTED_EDGE('',*,*,#2965,.T.);
#1808=ORIENTED_EDGE('',*,*,#3101,.T.);
#1809=ORIENTED_EDGE('',*,*,#2928,.F.);
#1810=ORIENTED_EDGE('',*,*,#3102,.F.);
#1811=ORIENTED_EDGE('',*,*,#2967,.T.);
#1812=ORIENTED_EDGE('',*,*,#3103,.T.);
#1813=ORIENTED_EDGE('',*,*,#2926,.F.);
#1814=ORIENTED_EDGE('',*,*,#3104,.F.);
#1815=ORIENTED_EDGE('',*,*,#2969,.T.);
#1816=ORIENTED_EDGE('',*,*,#3105,.T.);
#1817=ORIENTED_EDGE('',*,*,#2924,.F.);
#1818=ORIENTED_EDGE('',*,*,#3106,.F.);
#1819=ORIENTED_EDGE('',*,*,#2971,.T.);
#1820=ORIENTED_EDGE('',*,*,#3107,.T.);
#1821=ORIENTED_EDGE('',*,*,#2922,.F.);
#1822=ORIENTED_EDGE('',*,*,#3108,.F.);
#1823=ORIENTED_EDGE('',*,*,#2973,.T.);
#1824=ORIENTED_EDGE('',*,*,#3109,.T.);
#1825=ORIENTED_EDGE('',*,*,#2920,.F.);
#1826=ORIENTED_EDGE('',*,*,#3110,.F.);
#1827=ORIENTED_EDGE('',*,*,#2975,.T.);
#1828=ORIENTED_EDGE('',*,*,#3111,.T.);
#1829=ORIENTED_EDGE('',*,*,#2918,.F.);
#1830=ORIENTED_EDGE('',*,*,#3112,.F.);
#1831=ORIENTED_EDGE('',*,*,#2977,.T.);
#1832=ORIENTED_EDGE('',*,*,#3113,.T.);
#1833=ORIENTED_EDGE('',*,*,#2916,.F.);
#1834=ORIENTED_EDGE('',*,*,#3114,.F.);
#1835=ORIENTED_EDGE('',*,*,#2979,.T.);
#1836=ORIENTED_EDGE('',*,*,#3115,.T.);
#1837=ORIENTED_EDGE('',*,*,#2914,.F.);
#1838=ORIENTED_EDGE('',*,*,#3116,.F.);
#1839=ORIENTED_EDGE('',*,*,#2981,.T.);
#1840=ORIENTED_EDGE('',*,*,#3117,.T.);
#1841=ORIENTED_EDGE('',*,*,#2912,.F.);
#1842=ORIENTED_EDGE('',*,*,#3118,.F.);
#1843=ORIENTED_EDGE('',*,*,#2983,.T.);
#1844=ORIENTED_EDGE('',*,*,#3119,.T.);
#1845=ORIENTED_EDGE('',*,*,#2910,.F.);
#1846=ORIENTED_EDGE('',*,*,#3120,.F.);
#1847=ORIENTED_EDGE('',*,*,#2985,.T.);
#1848=ORIENTED_EDGE('',*,*,#3121,.T.);
#1849=ORIENTED_EDGE('',*,*,#2908,.F.);
#1850=ORIENTED_EDGE('',*,*,#3122,.F.);
#1851=ORIENTED_EDGE('',*,*,#2987,.T.);
#1852=ORIENTED_EDGE('',*,*,#3123,.T.);
#1853=ORIENTED_EDGE('',*,*,#2906,.F.);
#1854=ORIENTED_EDGE('',*,*,#3124,.F.);
#1855=ORIENTED_EDGE('',*,*,#2989,.T.);
#1856=ORIENTED_EDGE('',*,*,#3125,.T.);
#1857=ORIENTED_EDGE('',*,*,#2904,.F.);
#1858=ORIENTED_EDGE('',*,*,#3126,.F.);
#1859=ORIENTED_EDGE('',*,*,#2991,.T.);
#1860=ORIENTED_EDGE('',*,*,#3127,.T.);
#1861=ORIENTED_EDGE('',*,*,#2902,.F.);
#1862=ORIENTED_EDGE('',*,*,#3128,.F.);
#1863=ORIENTED_EDGE('',*,*,#2993,.T.);
#1864=ORIENTED_EDGE('',*,*,#3129,.T.);
#1865=ORIENTED_EDGE('',*,*,#2900,.F.);
#1866=ORIENTED_EDGE('',*,*,#3130,.F.);
#1867=ORIENTED_EDGE('',*,*,#2995,.T.);
#1868=ORIENTED_EDGE('',*,*,#3131,.T.);
#1869=ORIENTED_EDGE('',*,*,#2898,.F.);
#1870=ORIENTED_EDGE('',*,*,#3132,.F.);
#1871=ORIENTED_EDGE('',*,*,#2997,.T.);
#1872=ORIENTED_EDGE('',*,*,#3133,.T.);
#1873=ORIENTED_EDGE('',*,*,#2896,.F.);
#1874=ORIENTED_EDGE('',*,*,#3134,.F.);
#1875=ORIENTED_EDGE('',*,*,#2999,.T.);
#1876=ORIENTED_EDGE('',*,*,#3135,.T.);
#1877=ORIENTED_EDGE('',*,*,#2894,.F.);
#1878=ORIENTED_EDGE('',*,*,#3136,.F.);
#1879=ORIENTED_EDGE('',*,*,#3001,.T.);
#1880=ORIENTED_EDGE('',*,*,#3137,.T.);
#1881=ORIENTED_EDGE('',*,*,#2892,.F.);
#1882=ORIENTED_EDGE('',*,*,#3138,.F.);
#1883=ORIENTED_EDGE('',*,*,#3003,.T.);
#1884=ORIENTED_EDGE('',*,*,#3139,.T.);
#1885=ORIENTED_EDGE('',*,*,#2890,.F.);
#1886=ORIENTED_EDGE('',*,*,#3140,.F.);
#1887=ORIENTED_EDGE('',*,*,#3005,.T.);
#1888=ORIENTED_EDGE('',*,*,#3141,.T.);
#1889=ORIENTED_EDGE('',*,*,#2888,.F.);
#1890=ORIENTED_EDGE('',*,*,#3142,.F.);
#1891=ORIENTED_EDGE('',*,*,#3007,.T.);
#1892=ORIENTED_EDGE('',*,*,#3143,.T.);
#1893=ORIENTED_EDGE('',*,*,#2886,.F.);
#1894=ORIENTED_EDGE('',*,*,#3144,.F.);
#1895=ORIENTED_EDGE('',*,*,#3009,.T.);
#1896=ORIENTED_EDGE('',*,*,#3145,.T.);
#1897=ORIENTED_EDGE('',*,*,#2884,.F.);
#1898=ORIENTED_EDGE('',*,*,#3146,.F.);
#1899=ORIENTED_EDGE('',*,*,#3011,.T.);
#1900=ORIENTED_EDGE('',*,*,#3147,.T.);
#1901=ORIENTED_EDGE('',*,*,#2882,.F.);
#1902=ORIENTED_EDGE('',*,*,#3148,.F.);
#1903=ORIENTED_EDGE('',*,*,#3013,.T.);
#1904=ORIENTED_EDGE('',*,*,#3149,.T.);
#1905=ORIENTED_EDGE('',*,*,#2880,.F.);
#1906=ORIENTED_EDGE('',*,*,#3150,.F.);
#1907=ORIENTED_EDGE('',*,*,#3015,.T.);
#1908=ORIENTED_EDGE('',*,*,#3151,.T.);
#1909=ORIENTED_EDGE('',*,*,#2878,.F.);
#1910=ORIENTED_EDGE('',*,*,#3152,.F.);
#1911=ORIENTED_EDGE('',*,*,#3017,.T.);
#1912=ORIENTED_EDGE('',*,*,#3153,.T.);
#1913=ORIENTED_EDGE('',*,*,#2876,.F.);
#1914=ORIENTED_EDGE('',*,*,#3154,.F.);
#1915=ORIENTED_EDGE('',*,*,#3019,.T.);
#1916=ORIENTED_EDGE('',*,*,#3155,.T.);
#1917=ORIENTED_EDGE('',*,*,#2874,.F.);
#1918=ORIENTED_EDGE('',*,*,#3156,.F.);
#1919=ORIENTED_EDGE('',*,*,#3021,.T.);
#1920=ORIENTED_EDGE('',*,*,#3157,.T.);
#1921=ORIENTED_EDGE('',*,*,#2872,.F.);
#1922=ORIENTED_EDGE('',*,*,#3158,.F.);
#1923=ORIENTED_EDGE('',*,*,#3023,.T.);
#1924=ORIENTED_EDGE('',*,*,#3159,.T.);
#1925=ORIENTED_EDGE('',*,*,#2870,.F.);
#1926=ORIENTED_EDGE('',*,*,#3160,.F.);
#1927=ORIENTED_EDGE('',*,*,#3026,.T.);
#1928=ORIENTED_EDGE('',*,*,#3068,.T.);
#1929=ORIENTED_EDGE('',*,*,#2867,.F.);
#1930=ORIENTED_EDGE('',*,*,#3069,.F.);
#1931=ORIENTED_EDGE('',*,*,#3028,.T.);
#1932=ORIENTED_EDGE('',*,*,#3070,.T.);
#1933=ORIENTED_EDGE('',*,*,#2959,.F.);
#1934=ORIENTED_EDGE('',*,*,#3071,.F.);
#1935=ORIENTED_EDGE('',*,*,#3030,.T.);
#1936=ORIENTED_EDGE('',*,*,#3072,.T.);
#1937=ORIENTED_EDGE('',*,*,#2957,.F.);
#1938=ORIENTED_EDGE('',*,*,#3073,.F.);
#1939=ORIENTED_EDGE('',*,*,#3032,.T.);
#1940=ORIENTED_EDGE('',*,*,#3074,.T.);
#1941=ORIENTED_EDGE('',*,*,#2955,.F.);
#1942=ORIENTED_EDGE('',*,*,#3075,.F.);
#1943=ORIENTED_EDGE('',*,*,#3034,.T.);
#1944=ORIENTED_EDGE('',*,*,#3076,.T.);
#1945=ORIENTED_EDGE('',*,*,#2953,.F.);
#1946=ORIENTED_EDGE('',*,*,#3077,.F.);
#1947=ORIENTED_EDGE('',*,*,#3036,.T.);
#1948=ORIENTED_EDGE('',*,*,#3078,.T.);
#1949=ORIENTED_EDGE('',*,*,#2951,.F.);
#1950=ORIENTED_EDGE('',*,*,#3079,.F.);
#1951=ORIENTED_EDGE('',*,*,#3038,.T.);
#1952=ORIENTED_EDGE('',*,*,#3080,.T.);
#1953=ORIENTED_EDGE('',*,*,#2949,.F.);
#1954=ORIENTED_EDGE('',*,*,#3081,.F.);
#1955=ORIENTED_EDGE('',*,*,#3040,.T.);
#1956=ORIENTED_EDGE('',*,*,#3082,.T.);
#1957=ORIENTED_EDGE('',*,*,#2947,.F.);
#1958=ORIENTED_EDGE('',*,*,#3083,.F.);
#1959=ORIENTED_EDGE('',*,*,#3042,.T.);
#1960=ORIENTED_EDGE('',*,*,#3084,.T.);
#1961=ORIENTED_EDGE('',*,*,#2945,.F.);
#1962=ORIENTED_EDGE('',*,*,#3085,.F.);
#1963=ORIENTED_EDGE('',*,*,#3044,.T.);
#1964=ORIENTED_EDGE('',*,*,#3086,.T.);
#1965=ORIENTED_EDGE('',*,*,#2943,.F.);
#1966=ORIENTED_EDGE('',*,*,#3087,.F.);
#1967=ORIENTED_EDGE('',*,*,#3046,.T.);
#1968=ORIENTED_EDGE('',*,*,#3088,.T.);
#1969=ORIENTED_EDGE('',*,*,#2941,.F.);
#1970=ORIENTED_EDGE('',*,*,#3089,.F.);
#1971=ORIENTED_EDGE('',*,*,#3048,.T.);
#1972=ORIENTED_EDGE('',*,*,#3090,.T.);
#1973=ORIENTED_EDGE('',*,*,#2939,.F.);
#1974=ORIENTED_EDGE('',*,*,#3091,.F.);
#1975=ORIENTED_EDGE('',*,*,#3050,.T.);
#1976=ORIENTED_EDGE('',*,*,#3092,.T.);
#1977=ORIENTED_EDGE('',*,*,#2937,.F.);
#1978=ORIENTED_EDGE('',*,*,#3093,.F.);
#1979=ORIENTED_EDGE('',*,*,#3052,.T.);
#1980=ORIENTED_EDGE('',*,*,#3094,.T.);
#1981=ORIENTED_EDGE('',*,*,#2935,.F.);
#1982=ORIENTED_EDGE('',*,*,#3095,.F.);
#1983=ORIENTED_EDGE('',*,*,#3054,.T.);
#1984=ORIENTED_EDGE('',*,*,#3096,.T.);
#1985=ORIENTED_EDGE('',*,*,#2933,.F.);
#1986=ORIENTED_EDGE('',*,*,#3097,.F.);
#1987=ORIENTED_EDGE('',*,*,#2962,.T.);
#1988=ORIENTED_EDGE('',*,*,#3098,.T.);
#1989=ORIENTED_EDGE('',*,*,#2931,.F.);
#1990=ORIENTED_EDGE('',*,*,#3099,.F.);
#1991=ORIENTED_EDGE('',*,*,#2964,.T.);
#1992=ORIENTED_EDGE('',*,*,#3100,.T.);
#1993=ORIENTED_EDGE('',*,*,#2929,.F.);
#1994=ORIENTED_EDGE('',*,*,#3101,.F.);
#1995=ORIENTED_EDGE('',*,*,#2966,.T.);
#1996=ORIENTED_EDGE('',*,*,#3102,.T.);
#1997=ORIENTED_EDGE('',*,*,#2927,.F.);
#1998=ORIENTED_EDGE('',*,*,#3103,.F.);
#1999=ORIENTED_EDGE('',*,*,#2968,.T.);
#2000=ORIENTED_EDGE('',*,*,#3104,.T.);
#2001=ORIENTED_EDGE('',*,*,#2925,.F.);
#2002=ORIENTED_EDGE('',*,*,#3105,.F.);
#2003=ORIENTED_EDGE('',*,*,#2970,.T.);
#2004=ORIENTED_EDGE('',*,*,#3106,.T.);
#2005=ORIENTED_EDGE('',*,*,#2923,.F.);
#2006=ORIENTED_EDGE('',*,*,#3107,.F.);
#2007=ORIENTED_EDGE('',*,*,#2972,.T.);
#2008=ORIENTED_EDGE('',*,*,#3108,.T.);
#2009=ORIENTED_EDGE('',*,*,#2921,.F.);
#2010=ORIENTED_EDGE('',*,*,#3109,.F.);
#2011=ORIENTED_EDGE('',*,*,#2974,.T.);
#2012=ORIENTED_EDGE('',*,*,#3110,.T.);
#2013=ORIENTED_EDGE('',*,*,#2919,.F.);
#2014=ORIENTED_EDGE('',*,*,#3111,.F.);
#2015=ORIENTED_EDGE('',*,*,#2976,.T.);
#2016=ORIENTED_EDGE('',*,*,#3112,.T.);
#2017=ORIENTED_EDGE('',*,*,#2917,.F.);
#2018=ORIENTED_EDGE('',*,*,#3113,.F.);
#2019=ORIENTED_EDGE('',*,*,#2978,.T.);
#2020=ORIENTED_EDGE('',*,*,#3114,.T.);
#2021=ORIENTED_EDGE('',*,*,#2915,.F.);
#2022=ORIENTED_EDGE('',*,*,#3115,.F.);
#2023=ORIENTED_EDGE('',*,*,#2980,.T.);
#2024=ORIENTED_EDGE('',*,*,#3116,.T.);
#2025=ORIENTED_EDGE('',*,*,#2913,.F.);
#2026=ORIENTED_EDGE('',*,*,#3117,.F.);
#2027=ORIENTED_EDGE('',*,*,#2982,.T.);
#2028=ORIENTED_EDGE('',*,*,#3118,.T.);
#2029=ORIENTED_EDGE('',*,*,#2911,.F.);
#2030=ORIENTED_EDGE('',*,*,#3119,.F.);
#2031=ORIENTED_EDGE('',*,*,#2984,.T.);
#2032=ORIENTED_EDGE('',*,*,#3120,.T.);
#2033=ORIENTED_EDGE('',*,*,#2909,.F.);
#2034=ORIENTED_EDGE('',*,*,#3121,.F.);
#2035=ORIENTED_EDGE('',*,*,#2986,.T.);
#2036=ORIENTED_EDGE('',*,*,#3122,.T.);
#2037=ORIENTED_EDGE('',*,*,#2907,.F.);
#2038=ORIENTED_EDGE('',*,*,#3123,.F.);
#2039=ORIENTED_EDGE('',*,*,#2988,.T.);
#2040=ORIENTED_EDGE('',*,*,#3124,.T.);
#2041=ORIENTED_EDGE('',*,*,#2905,.F.);
#2042=ORIENTED_EDGE('',*,*,#3125,.F.);
#2043=ORIENTED_EDGE('',*,*,#2990,.T.);
#2044=ORIENTED_EDGE('',*,*,#3126,.T.);
#2045=ORIENTED_EDGE('',*,*,#2903,.F.);
#2046=ORIENTED_EDGE('',*,*,#3127,.F.);
#2047=ORIENTED_EDGE('',*,*,#2992,.T.);
#2048=ORIENTED_EDGE('',*,*,#3128,.T.);
#2049=ORIENTED_EDGE('',*,*,#2901,.F.);
#2050=ORIENTED_EDGE('',*,*,#3129,.F.);
#2051=ORIENTED_EDGE('',*,*,#2994,.T.);
#2052=ORIENTED_EDGE('',*,*,#3130,.T.);
#2053=ORIENTED_EDGE('',*,*,#2899,.F.);
#2054=ORIENTED_EDGE('',*,*,#3131,.F.);
#2055=ORIENTED_EDGE('',*,*,#2996,.T.);
#2056=ORIENTED_EDGE('',*,*,#3132,.T.);
#2057=ORIENTED_EDGE('',*,*,#2897,.F.);
#2058=ORIENTED_EDGE('',*,*,#3133,.F.);
#2059=ORIENTED_EDGE('',*,*,#2998,.T.);
#2060=ORIENTED_EDGE('',*,*,#3134,.T.);
#2061=ORIENTED_EDGE('',*,*,#2895,.F.);
#2062=ORIENTED_EDGE('',*,*,#3135,.F.);
#2063=ORIENTED_EDGE('',*,*,#3000,.T.);
#2064=ORIENTED_EDGE('',*,*,#3136,.T.);
#2065=ORIENTED_EDGE('',*,*,#2893,.F.);
#2066=ORIENTED_EDGE('',*,*,#3137,.F.);
#2067=ORIENTED_EDGE('',*,*,#3002,.T.);
#2068=ORIENTED_EDGE('',*,*,#3138,.T.);
#2069=ORIENTED_EDGE('',*,*,#2891,.F.);
#2070=ORIENTED_EDGE('',*,*,#3139,.F.);
#2071=ORIENTED_EDGE('',*,*,#3004,.T.);
#2072=ORIENTED_EDGE('',*,*,#3140,.T.);
#2073=ORIENTED_EDGE('',*,*,#2889,.F.);
#2074=ORIENTED_EDGE('',*,*,#3141,.F.);
#2075=ORIENTED_EDGE('',*,*,#3006,.T.);
#2076=ORIENTED_EDGE('',*,*,#3142,.T.);
#2077=ORIENTED_EDGE('',*,*,#2887,.F.);
#2078=ORIENTED_EDGE('',*,*,#3143,.F.);
#2079=ORIENTED_EDGE('',*,*,#3008,.T.);
#2080=ORIENTED_EDGE('',*,*,#3144,.T.);
#2081=ORIENTED_EDGE('',*,*,#2885,.F.);
#2082=ORIENTED_EDGE('',*,*,#3145,.F.);
#2083=ORIENTED_EDGE('',*,*,#3010,.T.);
#2084=ORIENTED_EDGE('',*,*,#3146,.T.);
#2085=ORIENTED_EDGE('',*,*,#2883,.F.);
#2086=ORIENTED_EDGE('',*,*,#3147,.F.);
#2087=ORIENTED_EDGE('',*,*,#3012,.T.);
#2088=ORIENTED_EDGE('',*,*,#3148,.T.);
#2089=ORIENTED_EDGE('',*,*,#2881,.F.);
#2090=ORIENTED_EDGE('',*,*,#3149,.F.);
#2091=ORIENTED_EDGE('',*,*,#3014,.T.);
#2092=ORIENTED_EDGE('',*,*,#3150,.T.);
#2093=ORIENTED_EDGE('',*,*,#2879,.F.);
#2094=ORIENTED_EDGE('',*,*,#3151,.F.);
#2095=ORIENTED_EDGE('',*,*,#3016,.T.);
#2096=ORIENTED_EDGE('',*,*,#3152,.T.);
#2097=ORIENTED_EDGE('',*,*,#2877,.F.);
#2098=ORIENTED_EDGE('',*,*,#3153,.F.);
#2099=ORIENTED_EDGE('',*,*,#3018,.T.);
#2100=ORIENTED_EDGE('',*,*,#3154,.T.);
#2101=ORIENTED_EDGE('',*,*,#2875,.F.);
#2102=ORIENTED_EDGE('',*,*,#3155,.F.);
#2103=ORIENTED_EDGE('',*,*,#3020,.T.);
#2104=ORIENTED_EDGE('',*,*,#3156,.T.);
#2105=ORIENTED_EDGE('',*,*,#2873,.F.);
#2106=ORIENTED_EDGE('',*,*,#3157,.F.);
#2107=ORIENTED_EDGE('',*,*,#3022,.T.);
#2108=ORIENTED_EDGE('',*,*,#3158,.T.);
#2109=ORIENTED_EDGE('',*,*,#2871,.F.);
#2110=ORIENTED_EDGE('',*,*,#3159,.F.);
#2111=ORIENTED_EDGE('',*,*,#3024,.T.);
#2112=ORIENTED_EDGE('',*,*,#3160,.T.);
#2113=ORIENTED_EDGE('',*,*,#2869,.F.);
#2114=ORIENTED_EDGE('',*,*,#3067,.F.);
#2115=ORIENTED_EDGE('',*,*,#3161,.T.);
#2116=ORIENTED_EDGE('',*,*,#3162,.T.);
#2117=ORIENTED_EDGE('',*,*,#3163,.T.);
#2118=ORIENTED_EDGE('',*,*,#3164,.F.);
#2119=ORIENTED_EDGE('',*,*,#3165,.T.);
#2120=ORIENTED_EDGE('',*,*,#3166,.T.);
#2121=ORIENTED_EDGE('',*,*,#3167,.F.);
#2122=ORIENTED_EDGE('',*,*,#3168,.T.);
#2123=ORIENTED_EDGE('',*,*,#3169,.F.);
#2124=ORIENTED_EDGE('',*,*,#3170,.F.);
#2125=ORIENTED_EDGE('',*,*,#3171,.F.);
#2126=ORIENTED_EDGE('',*,*,#3172,.T.);
#2127=ORIENTED_EDGE('',*,*,#3173,.T.);
#2128=ORIENTED_EDGE('',*,*,#3174,.F.);
#2129=ORIENTED_EDGE('',*,*,#3175,.T.);
#2130=ORIENTED_EDGE('',*,*,#3176,.T.);
#2131=ORIENTED_EDGE('',*,*,#3177,.F.);
#2132=ORIENTED_EDGE('',*,*,#3178,.T.);
#2133=ORIENTED_EDGE('',*,*,#3179,.F.);
#2134=ORIENTED_EDGE('',*,*,#3180,.F.);
#2135=ORIENTED_EDGE('',*,*,#3181,.T.);
#2136=ORIENTED_EDGE('',*,*,#3182,.F.);
#2137=ORIENTED_EDGE('',*,*,#3183,.F.);
#2138=ORIENTED_EDGE('',*,*,#3184,.T.);
#2139=ORIENTED_EDGE('',*,*,#3166,.F.);
#2140=ORIENTED_EDGE('',*,*,#3185,.T.);
#2141=ORIENTED_EDGE('',*,*,#3177,.T.);
#2142=ORIENTED_EDGE('',*,*,#3186,.T.);
#2143=ORIENTED_EDGE('',*,*,#3187,.F.);
#2144=ORIENTED_EDGE('',*,*,#3188,.T.);
#2145=ORIENTED_EDGE('',*,*,#3189,.T.);
#2146=ORIENTED_EDGE('',*,*,#3168,.F.);
#2147=ORIENTED_EDGE('',*,*,#3190,.T.);
#2148=ORIENTED_EDGE('',*,*,#3191,.T.);
#2149=ORIENTED_EDGE('',*,*,#3175,.F.);
#2150=ORIENTED_EDGE('',*,*,#3192,.T.);
#2151=ORIENTED_EDGE('',*,*,#3193,.F.);
#2152=ORIENTED_EDGE('',*,*,#3194,.T.);
#2153=ORIENTED_EDGE('',*,*,#3195,.F.);
#2154=ORIENTED_EDGE('',*,*,#3181,.F.);
#2155=ORIENTED_EDGE('',*,*,#3188,.F.);
#2156=ORIENTED_EDGE('',*,*,#3196,.T.);
#2157=ORIENTED_EDGE('',*,*,#3183,.T.);
#2158=ORIENTED_EDGE('',*,*,#3197,.T.);
#2159=ORIENTED_EDGE('',*,*,#3198,.F.);
#2160=ORIENTED_EDGE('',*,*,#3199,.T.);
#2161=ORIENTED_EDGE('',*,*,#3200,.T.);
#2162=ORIENTED_EDGE('',*,*,#3201,.T.);
#2163=ORIENTED_EDGE('',*,*,#3202,.F.);
#2164=ORIENTED_EDGE('',*,*,#3203,.T.);
#2165=ORIENTED_EDGE('',*,*,#3204,.T.);
#2166=ORIENTED_EDGE('',*,*,#3205,.F.);
#2167=ORIENTED_EDGE('',*,*,#3206,.F.);
#2168=ORIENTED_EDGE('',*,*,#3207,.F.);
#2169=ORIENTED_EDGE('',*,*,#3208,.T.);
#2170=ORIENTED_EDGE('',*,*,#3209,.F.);
#2171=ORIENTED_EDGE('',*,*,#3210,.F.);
#2172=ORIENTED_EDGE('',*,*,#3211,.F.);
#2173=ORIENTED_EDGE('',*,*,#3212,.T.);
#2174=ORIENTED_EDGE('',*,*,#3170,.T.);
#2175=ORIENTED_EDGE('',*,*,#3213,.F.);
#2176=ORIENTED_EDGE('',*,*,#3162,.F.);
#2177=ORIENTED_EDGE('',*,*,#3214,.T.);
#2178=ORIENTED_EDGE('',*,*,#3215,.T.);
#2179=ORIENTED_EDGE('',*,*,#3211,.T.);
#2180=ORIENTED_EDGE('',*,*,#3216,.F.);
#2181=ORIENTED_EDGE('',*,*,#3190,.F.);
#2182=ORIENTED_EDGE('',*,*,#3217,.F.);
#2183=ORIENTED_EDGE('',*,*,#3218,.F.);
#2184=ORIENTED_EDGE('',*,*,#3164,.T.);
#2185=ORIENTED_EDGE('',*,*,#3219,.F.);
#2186=ORIENTED_EDGE('',*,*,#3194,.F.);
#2187=ORIENTED_EDGE('',*,*,#3185,.F.);
#2188=ORIENTED_EDGE('',*,*,#3165,.F.);
#2189=ORIENTED_EDGE('',*,*,#3212,.F.);
#2190=ORIENTED_EDGE('',*,*,#3217,.T.);
#2191=ORIENTED_EDGE('',*,*,#3192,.F.);
#2192=ORIENTED_EDGE('',*,*,#3178,.F.);
#2193=ORIENTED_EDGE('',*,*,#3195,.T.);
#2194=ORIENTED_EDGE('',*,*,#3219,.T.);
#2195=ORIENTED_EDGE('',*,*,#3163,.F.);
#2196=ORIENTED_EDGE('',*,*,#3213,.T.);
#2197=ORIENTED_EDGE('',*,*,#3169,.T.);
#2198=ORIENTED_EDGE('',*,*,#3189,.F.);
#2199=ORIENTED_EDGE('',*,*,#3197,.F.);
#2200=ORIENTED_EDGE('',*,*,#3182,.T.);
#2201=ORIENTED_EDGE('',*,*,#3220,.F.);
#2202=ORIENTED_EDGE('',*,*,#3221,.T.);
#2203=ORIENTED_EDGE('',*,*,#3222,.T.);
#2204=ORIENTED_EDGE('',*,*,#3223,.F.);
#2205=ORIENTED_EDGE('',*,*,#3161,.F.);
#2206=ORIENTED_EDGE('',*,*,#3218,.T.);
#2207=ORIENTED_EDGE('',*,*,#3193,.T.);
#2208=ORIENTED_EDGE('',*,*,#3180,.T.);
#2209=ORIENTED_EDGE('',*,*,#3224,.F.);
#2210=ORIENTED_EDGE('',*,*,#3225,.F.);
#2211=ORIENTED_EDGE('',*,*,#3226,.F.);
#2212=ORIENTED_EDGE('',*,*,#3227,.T.);
#2213=ORIENTED_EDGE('',*,*,#3228,.F.);
#2214=ORIENTED_EDGE('',*,*,#3172,.F.);
#2215=ORIENTED_EDGE('',*,*,#3229,.F.);
#2216=ORIENTED_EDGE('',*,*,#3230,.T.);
#2217=ORIENTED_EDGE('',*,*,#3221,.F.);
#2218=ORIENTED_EDGE('',*,*,#3231,.F.);
#2219=ORIENTED_EDGE('',*,*,#3232,.T.);
#2220=ORIENTED_EDGE('',*,*,#3233,.F.);
#2221=ORIENTED_EDGE('',*,*,#3234,.T.);
#2222=ORIENTED_EDGE('',*,*,#3235,.F.);
#2223=ORIENTED_EDGE('',*,*,#3236,.F.);
#2224=ORIENTED_EDGE('',*,*,#3237,.T.);
#2225=ORIENTED_EDGE('',*,*,#3214,.F.);
#2226=ORIENTED_EDGE('',*,*,#3191,.F.);
#2227=ORIENTED_EDGE('',*,*,#3216,.T.);
#2228=ORIENTED_EDGE('',*,*,#3210,.T.);
#2229=ORIENTED_EDGE('',*,*,#3238,.F.);
#2230=ORIENTED_EDGE('',*,*,#3239,.T.);
#2231=ORIENTED_EDGE('',*,*,#3240,.T.);
#2232=ORIENTED_EDGE('',*,*,#3241,.F.);
#2233=ORIENTED_EDGE('',*,*,#3242,.T.);
#2234=ORIENTED_EDGE('',*,*,#3243,.F.);
#2235=ORIENTED_EDGE('',*,*,#3244,.T.);
#2236=ORIENTED_EDGE('',*,*,#3223,.T.);
#2237=ORIENTED_EDGE('',*,*,#3245,.F.);
#2238=ORIENTED_EDGE('',*,*,#3246,.T.);
#2239=ORIENTED_EDGE('',*,*,#3174,.T.);
#2240=ORIENTED_EDGE('',*,*,#3247,.T.);
#2241=ORIENTED_EDGE('',*,*,#3248,.F.);
#2242=ORIENTED_EDGE('',*,*,#3249,.T.);
#2243=ORIENTED_EDGE('',*,*,#3250,.T.);
#2244=ORIENTED_EDGE('',*,*,#3251,.T.);
#2245=ORIENTED_EDGE('',*,*,#3186,.F.);
#2246=ORIENTED_EDGE('',*,*,#3176,.F.);
#2247=ORIENTED_EDGE('',*,*,#3187,.T.);
#2248=ORIENTED_EDGE('',*,*,#3167,.T.);
#2249=ORIENTED_EDGE('',*,*,#3184,.F.);
#2250=ORIENTED_EDGE('',*,*,#3196,.F.);
#2251=ORIENTED_EDGE('',*,*,#3179,.T.);
#2252=ORIENTED_EDGE('',*,*,#3251,.F.);
#2253=ORIENTED_EDGE('',*,*,#3252,.F.);
#2254=ORIENTED_EDGE('',*,*,#3224,.T.);
#2255=ORIENTED_EDGE('',*,*,#3253,.F.);
#2256=ORIENTED_EDGE('',*,*,#3225,.T.);
#2257=ORIENTED_EDGE('',*,*,#3252,.T.);
#2258=ORIENTED_EDGE('',*,*,#3250,.F.);
#2259=ORIENTED_EDGE('',*,*,#3239,.F.);
#2260=ORIENTED_EDGE('',*,*,#3254,.F.);
#2261=ORIENTED_EDGE('',*,*,#3236,.T.);
#2262=ORIENTED_EDGE('',*,*,#3255,.T.);
#2263=ORIENTED_EDGE('',*,*,#3240,.F.);
#2264=ORIENTED_EDGE('',*,*,#3255,.F.);
#2265=ORIENTED_EDGE('',*,*,#3235,.T.);
#2266=ORIENTED_EDGE('',*,*,#3256,.T.);
#2267=ORIENTED_EDGE('',*,*,#3241,.T.);
#2268=ORIENTED_EDGE('',*,*,#3256,.F.);
#2269=ORIENTED_EDGE('',*,*,#3234,.F.);
#2270=ORIENTED_EDGE('',*,*,#3257,.T.);
#2271=ORIENTED_EDGE('',*,*,#3242,.F.);
#2272=ORIENTED_EDGE('',*,*,#3257,.F.);
#2273=ORIENTED_EDGE('',*,*,#3233,.T.);
#2274=ORIENTED_EDGE('',*,*,#3258,.T.);
#2275=ORIENTED_EDGE('',*,*,#3243,.T.);
#2276=ORIENTED_EDGE('',*,*,#3258,.F.);
#2277=ORIENTED_EDGE('',*,*,#3232,.F.);
#2278=ORIENTED_EDGE('',*,*,#3259,.T.);
#2279=ORIENTED_EDGE('',*,*,#3238,.T.);
#2280=ORIENTED_EDGE('',*,*,#3215,.F.);
#2281=ORIENTED_EDGE('',*,*,#3237,.F.);
#2282=ORIENTED_EDGE('',*,*,#3254,.T.);
#2283=ORIENTED_EDGE('',*,*,#3244,.F.);
#2284=ORIENTED_EDGE('',*,*,#3259,.F.);
#2285=ORIENTED_EDGE('',*,*,#3231,.T.);
#2286=ORIENTED_EDGE('',*,*,#3220,.T.);
#2287=ORIENTED_EDGE('',*,*,#3245,.T.);
#2288=ORIENTED_EDGE('',*,*,#3222,.F.);
#2289=ORIENTED_EDGE('',*,*,#3230,.F.);
#2290=ORIENTED_EDGE('',*,*,#3260,.T.);
#2291=ORIENTED_EDGE('',*,*,#3246,.F.);
#2292=ORIENTED_EDGE('',*,*,#3260,.F.);
#2293=ORIENTED_EDGE('',*,*,#3229,.T.);
#2294=ORIENTED_EDGE('',*,*,#3171,.T.);
#2295=ORIENTED_EDGE('',*,*,#3247,.F.);
#2296=ORIENTED_EDGE('',*,*,#3173,.F.);
#2297=ORIENTED_EDGE('',*,*,#3228,.T.);
#2298=ORIENTED_EDGE('',*,*,#3261,.T.);
#2299=ORIENTED_EDGE('',*,*,#3248,.T.);
#2300=ORIENTED_EDGE('',*,*,#3261,.F.);
#2301=ORIENTED_EDGE('',*,*,#3227,.F.);
#2302=ORIENTED_EDGE('',*,*,#3262,.T.);
#2303=ORIENTED_EDGE('',*,*,#3249,.F.);
#2304=ORIENTED_EDGE('',*,*,#3262,.F.);
#2305=ORIENTED_EDGE('',*,*,#3226,.T.);
#2306=ORIENTED_EDGE('',*,*,#3253,.T.);
#2307=ORIENTED_EDGE('',*,*,#3198,.T.);
#2308=ORIENTED_EDGE('',*,*,#3263,.F.);
#2309=ORIENTED_EDGE('',*,*,#3264,.F.);
#2310=ORIENTED_EDGE('',*,*,#3265,.T.);
#2311=ORIENTED_EDGE('',*,*,#3209,.T.);
#2312=ORIENTED_EDGE('',*,*,#3266,.F.);
#2313=ORIENTED_EDGE('',*,*,#3267,.F.);
#2314=ORIENTED_EDGE('',*,*,#3263,.T.);
#2315=ORIENTED_EDGE('',*,*,#3208,.F.);
#2316=ORIENTED_EDGE('',*,*,#3268,.F.);
#2317=ORIENTED_EDGE('',*,*,#3269,.T.);
#2318=ORIENTED_EDGE('',*,*,#3266,.T.);
#2319=ORIENTED_EDGE('',*,*,#3207,.T.);
#2320=ORIENTED_EDGE('',*,*,#3270,.F.);
#2321=ORIENTED_EDGE('',*,*,#3271,.F.);
#2322=ORIENTED_EDGE('',*,*,#3268,.T.);
#2323=ORIENTED_EDGE('',*,*,#3206,.T.);
#2324=ORIENTED_EDGE('',*,*,#3272,.F.);
#2325=ORIENTED_EDGE('',*,*,#3273,.F.);
#2326=ORIENTED_EDGE('',*,*,#3270,.T.);
#2327=ORIENTED_EDGE('',*,*,#3205,.T.);
#2328=ORIENTED_EDGE('',*,*,#3274,.F.);
#2329=ORIENTED_EDGE('',*,*,#3275,.F.);
#2330=ORIENTED_EDGE('',*,*,#3272,.T.);
#2331=ORIENTED_EDGE('',*,*,#3204,.F.);
#2332=ORIENTED_EDGE('',*,*,#3276,.F.);
#2333=ORIENTED_EDGE('',*,*,#3277,.T.);
#2334=ORIENTED_EDGE('',*,*,#3274,.T.);
#2335=ORIENTED_EDGE('',*,*,#3203,.F.);
#2336=ORIENTED_EDGE('',*,*,#3278,.F.);
#2337=ORIENTED_EDGE('',*,*,#3279,.T.);
#2338=ORIENTED_EDGE('',*,*,#3276,.T.);
#2339=ORIENTED_EDGE('',*,*,#3202,.T.);
#2340=ORIENTED_EDGE('',*,*,#3280,.F.);
#2341=ORIENTED_EDGE('',*,*,#3281,.F.);
#2342=ORIENTED_EDGE('',*,*,#3278,.T.);
#2343=ORIENTED_EDGE('',*,*,#3201,.F.);
#2344=ORIENTED_EDGE('',*,*,#3282,.F.);
#2345=ORIENTED_EDGE('',*,*,#3283,.T.);
#2346=ORIENTED_EDGE('',*,*,#3280,.T.);
#2347=ORIENTED_EDGE('',*,*,#3200,.F.);
#2348=ORIENTED_EDGE('',*,*,#3284,.F.);
#2349=ORIENTED_EDGE('',*,*,#3285,.T.);
#2350=ORIENTED_EDGE('',*,*,#3282,.T.);
#2351=ORIENTED_EDGE('',*,*,#3199,.F.);
#2352=ORIENTED_EDGE('',*,*,#3265,.F.);
#2353=ORIENTED_EDGE('',*,*,#3286,.T.);
#2354=ORIENTED_EDGE('',*,*,#3284,.T.);
#2355=ORIENTED_EDGE('',*,*,#3264,.T.);
#2356=ORIENTED_EDGE('',*,*,#3267,.T.);
#2357=ORIENTED_EDGE('',*,*,#3269,.F.);
#2358=ORIENTED_EDGE('',*,*,#3271,.T.);
#2359=ORIENTED_EDGE('',*,*,#3273,.T.);
#2360=ORIENTED_EDGE('',*,*,#3275,.T.);
#2361=ORIENTED_EDGE('',*,*,#3277,.F.);
#2362=ORIENTED_EDGE('',*,*,#3279,.F.);
#2363=ORIENTED_EDGE('',*,*,#3281,.T.);
#2364=ORIENTED_EDGE('',*,*,#3283,.F.);
#2365=ORIENTED_EDGE('',*,*,#3285,.F.);
#2366=ORIENTED_EDGE('',*,*,#3286,.F.);
#2367=ORIENTED_EDGE('',*,*,#3287,.T.);
#2368=ORIENTED_EDGE('',*,*,#3288,.T.);
#2369=ORIENTED_EDGE('',*,*,#3288,.F.);
#2370=ORIENTED_EDGE('',*,*,#3289,.T.);
#2371=ORIENTED_EDGE('',*,*,#3290,.T.);
#2372=ORIENTED_EDGE('',*,*,#3289,.F.);
#2373=ORIENTED_EDGE('',*,*,#3290,.F.);
#2374=ORIENTED_EDGE('',*,*,#3291,.T.);
#2375=ORIENTED_EDGE('',*,*,#3292,.T.);
#2376=ORIENTED_EDGE('',*,*,#3291,.F.);
#2377=ORIENTED_EDGE('',*,*,#3293,.T.);
#2378=ORIENTED_EDGE('',*,*,#3294,.T.);
#2379=ORIENTED_EDGE('',*,*,#3287,.F.);
#2380=ORIENTED_EDGE('',*,*,#3293,.F.);
#2381=ORIENTED_EDGE('',*,*,#3294,.F.);
#2382=ORIENTED_EDGE('',*,*,#3292,.F.);
#2383=EDGE_CURVE('',#3295,#3296,#3905,.T.);
#2384=EDGE_CURVE('',#3297,#3295,#3906,.T.);
#2385=EDGE_CURVE('',#3298,#3297,#3907,.T.);
#2386=EDGE_CURVE('',#3299,#3298,#3908,.T.);
#2387=EDGE_CURVE('',#3300,#3299,#233,.T.);
#2388=EDGE_CURVE('',#3301,#3300,#3909,.T.);
#2389=EDGE_CURVE('',#3301,#3302,#3910,.T.);
#2390=EDGE_CURVE('',#3302,#3303,#3911,.T.);
#2391=EDGE_CURVE('',#3303,#3304,#3912,.T.);
#2392=EDGE_CURVE('',#3296,#3304,#234,.T.);
#2393=EDGE_CURVE('',#3305,#3306,#3913,.T.);
#2394=EDGE_CURVE('',#3307,#3305,#3914,.T.);
#2395=EDGE_CURVE('',#3307,#3308,#3915,.T.);
#2396=EDGE_CURVE('',#3308,#3309,#3916,.T.);
#2397=EDGE_CURVE('',#3309,#3310,#3917,.T.);
#2398=EDGE_CURVE('',#3310,#3306,#3918,.T.);
#2399=EDGE_CURVE('',#3311,#3312,#235,.T.);
#2400=EDGE_CURVE('',#3311,#3313,#236,.T.);
#2401=EDGE_CURVE('',#3314,#3313,#237,.T.);
#2402=EDGE_CURVE('',#3314,#3315,#238,.T.);
#2403=EDGE_CURVE('',#3316,#3315,#239,.T.);
#2404=EDGE_CURVE('',#3316,#3317,#240,.T.);
#2405=EDGE_CURVE('',#3318,#3317,#241,.T.);
#2406=EDGE_CURVE('',#3318,#3319,#242,.T.);
#2407=EDGE_CURVE('',#3320,#3319,#243,.T.);
#2408=EDGE_CURVE('',#3320,#3321,#244,.T.);
#2409=EDGE_CURVE('',#3322,#3321,#245,.T.);
#2410=EDGE_CURVE('',#3322,#3323,#246,.T.);
#2411=EDGE_CURVE('',#3324,#3323,#247,.T.);
#2412=EDGE_CURVE('',#3324,#3325,#248,.T.);
#2413=EDGE_CURVE('',#3326,#3325,#249,.T.);
#2414=EDGE_CURVE('',#3326,#3327,#250,.T.);
#2415=EDGE_CURVE('',#3328,#3327,#251,.T.);
#2416=EDGE_CURVE('',#3328,#3329,#252,.T.);
#2417=EDGE_CURVE('',#3330,#3329,#253,.T.);
#2418=EDGE_CURVE('',#3330,#3331,#254,.T.);
#2419=EDGE_CURVE('',#3332,#3331,#255,.T.);
#2420=EDGE_CURVE('',#3332,#3333,#256,.T.);
#2421=EDGE_CURVE('',#3334,#3333,#257,.T.);
#2422=EDGE_CURVE('',#3334,#3335,#258,.T.);
#2423=EDGE_CURVE('',#3336,#3335,#259,.T.);
#2424=EDGE_CURVE('',#3336,#3337,#260,.T.);
#2425=EDGE_CURVE('',#3338,#3337,#261,.T.);
#2426=EDGE_CURVE('',#3338,#3339,#262,.T.);
#2427=EDGE_CURVE('',#3340,#3339,#263,.T.);
#2428=EDGE_CURVE('',#3340,#3341,#264,.T.);
#2429=EDGE_CURVE('',#3342,#3341,#265,.T.);
#2430=EDGE_CURVE('',#3342,#3343,#266,.T.);
#2431=EDGE_CURVE('',#3344,#3343,#267,.T.);
#2432=EDGE_CURVE('',#3344,#3345,#268,.T.);
#2433=EDGE_CURVE('',#3346,#3345,#269,.T.);
#2434=EDGE_CURVE('',#3346,#3347,#270,.T.);
#2435=EDGE_CURVE('',#3348,#3347,#271,.T.);
#2436=EDGE_CURVE('',#3348,#3349,#272,.T.);
#2437=EDGE_CURVE('',#3350,#3349,#273,.T.);
#2438=EDGE_CURVE('',#3350,#3351,#274,.T.);
#2439=EDGE_CURVE('',#3352,#3351,#275,.T.);
#2440=EDGE_CURVE('',#3352,#3353,#276,.T.);
#2441=EDGE_CURVE('',#3354,#3353,#277,.T.);
#2442=EDGE_CURVE('',#3354,#3355,#278,.T.);
#2443=EDGE_CURVE('',#3356,#3355,#279,.T.);
#2444=EDGE_CURVE('',#3356,#3357,#280,.T.);
#2445=EDGE_CURVE('',#3358,#3357,#281,.T.);
#2446=EDGE_CURVE('',#3358,#3359,#282,.T.);
#2447=EDGE_CURVE('',#3360,#3359,#283,.T.);
#2448=EDGE_CURVE('',#3360,#3361,#284,.T.);
#2449=EDGE_CURVE('',#3362,#3361,#285,.T.);
#2450=EDGE_CURVE('',#3362,#3363,#286,.T.);
#2451=EDGE_CURVE('',#3364,#3363,#287,.T.);
#2452=EDGE_CURVE('',#3364,#3365,#288,.T.);
#2453=EDGE_CURVE('',#3366,#3365,#289,.T.);
#2454=EDGE_CURVE('',#3366,#3367,#290,.T.);
#2455=EDGE_CURVE('',#3368,#3367,#291,.T.);
#2456=EDGE_CURVE('',#3368,#3369,#292,.T.);
#2457=EDGE_CURVE('',#3370,#3369,#293,.T.);
#2458=EDGE_CURVE('',#3370,#3371,#294,.T.);
#2459=EDGE_CURVE('',#3372,#3371,#295,.T.);
#2460=EDGE_CURVE('',#3372,#3373,#296,.T.);
#2461=EDGE_CURVE('',#3374,#3373,#297,.T.);
#2462=EDGE_CURVE('',#3374,#3375,#298,.T.);
#2463=EDGE_CURVE('',#3376,#3375,#299,.T.);
#2464=EDGE_CURVE('',#3376,#3377,#300,.T.);
#2465=EDGE_CURVE('',#3378,#3377,#301,.T.);
#2466=EDGE_CURVE('',#3378,#3379,#302,.T.);
#2467=EDGE_CURVE('',#3380,#3379,#303,.T.);
#2468=EDGE_CURVE('',#3380,#3381,#304,.T.);
#2469=EDGE_CURVE('',#3382,#3381,#305,.T.);
#2470=EDGE_CURVE('',#3382,#3383,#306,.T.);
#2471=EDGE_CURVE('',#3384,#3383,#307,.T.);
#2472=EDGE_CURVE('',#3384,#3385,#308,.T.);
#2473=EDGE_CURVE('',#3386,#3385,#309,.T.);
#2474=EDGE_CURVE('',#3386,#3387,#310,.T.);
#2475=EDGE_CURVE('',#3388,#3387,#311,.T.);
#2476=EDGE_CURVE('',#3388,#3389,#312,.T.);
#2477=EDGE_CURVE('',#3390,#3389,#313,.T.);
#2478=EDGE_CURVE('',#3390,#3391,#314,.T.);
#2479=EDGE_CURVE('',#3392,#3391,#315,.T.);
#2480=EDGE_CURVE('',#3392,#3393,#316,.T.);
#2481=EDGE_CURVE('',#3394,#3393,#317,.T.);
#2482=EDGE_CURVE('',#3394,#3395,#318,.T.);
#2483=EDGE_CURVE('',#3396,#3395,#319,.T.);
#2484=EDGE_CURVE('',#3396,#3397,#320,.T.);
#2485=EDGE_CURVE('',#3398,#3397,#321,.T.);
#2486=EDGE_CURVE('',#3398,#3399,#322,.T.);
#2487=EDGE_CURVE('',#3400,#3399,#323,.T.);
#2488=EDGE_CURVE('',#3400,#3401,#324,.T.);
#2489=EDGE_CURVE('',#3402,#3401,#325,.T.);
#2490=EDGE_CURVE('',#3402,#3403,#326,.T.);
#2491=EDGE_CURVE('',#3404,#3403,#327,.T.);
#2492=EDGE_CURVE('',#3404,#3312,#328,.T.);
#2493=EDGE_CURVE('',#3343,#3405,#3919,.T.);
#2494=EDGE_CURVE('',#3405,#3406,#329,.T.);
#2495=EDGE_CURVE('',#3344,#3406,#3920,.T.);
#2496=EDGE_CURVE('',#3407,#3408,#330,.T.);
#2497=EDGE_CURVE('',#3342,#3408,#3921,.T.);
#2498=EDGE_CURVE('',#3341,#3407,#3922,.T.);
#2499=EDGE_CURVE('',#3409,#3410,#331,.T.);
#2500=EDGE_CURVE('',#3340,#3410,#3923,.T.);
#2501=EDGE_CURVE('',#3339,#3409,#3924,.T.);
#2502=EDGE_CURVE('',#3411,#3412,#332,.T.);
#2503=EDGE_CURVE('',#3338,#3412,#3925,.T.);
#2504=EDGE_CURVE('',#3337,#3411,#3926,.T.);
#2505=EDGE_CURVE('',#3413,#3414,#333,.T.);
#2506=EDGE_CURVE('',#3336,#3414,#3927,.T.);
#2507=EDGE_CURVE('',#3335,#3413,#3928,.T.);
#2508=EDGE_CURVE('',#3415,#3416,#334,.T.);
#2509=EDGE_CURVE('',#3334,#3416,#3929,.T.);
#2510=EDGE_CURVE('',#3333,#3415,#3930,.T.);
#2511=EDGE_CURVE('',#3417,#3418,#335,.T.);
#2512=EDGE_CURVE('',#3332,#3418,#3931,.T.);
#2513=EDGE_CURVE('',#3331,#3417,#3932,.T.);
#2514=EDGE_CURVE('',#3419,#3420,#336,.T.);
#2515=EDGE_CURVE('',#3330,#3420,#3933,.T.);
#2516=EDGE_CURVE('',#3329,#3419,#3934,.T.);
#2517=EDGE_CURVE('',#3421,#3422,#337,.T.);
#2518=EDGE_CURVE('',#3328,#3422,#3935,.T.);
#2519=EDGE_CURVE('',#3327,#3421,#3936,.T.);
#2520=EDGE_CURVE('',#3423,#3424,#338,.T.);
#2521=EDGE_CURVE('',#3326,#3424,#3937,.T.);
#2522=EDGE_CURVE('',#3325,#3423,#3938,.T.);
#2523=EDGE_CURVE('',#3425,#3426,#339,.T.);
#2524=EDGE_CURVE('',#3324,#3426,#3939,.T.);
#2525=EDGE_CURVE('',#3323,#3425,#3940,.T.);
#2526=EDGE_CURVE('',#3427,#3428,#340,.T.);
#2527=EDGE_CURVE('',#3322,#3428,#3941,.T.);
#2528=EDGE_CURVE('',#3321,#3427,#3942,.T.);
#2529=EDGE_CURVE('',#3429,#3430,#341,.T.);
#2530=EDGE_CURVE('',#3320,#3430,#3943,.T.);
#2531=EDGE_CURVE('',#3319,#3429,#3944,.T.);
#2532=EDGE_CURVE('',#3431,#3432,#342,.T.);
#2533=EDGE_CURVE('',#3318,#3432,#3945,.T.);
#2534=EDGE_CURVE('',#3317,#3431,#3946,.T.);
#2535=EDGE_CURVE('',#3433,#3434,#343,.T.);
#2536=EDGE_CURVE('',#3316,#3434,#3947,.T.);
#2537=EDGE_CURVE('',#3315,#3433,#3948,.T.);
#2538=EDGE_CURVE('',#3435,#3436,#344,.T.);
#2539=EDGE_CURVE('',#3314,#3436,#3949,.T.);
#2540=EDGE_CURVE('',#3313,#3435,#3950,.T.);
#2541=EDGE_CURVE('',#3437,#3438,#345,.T.);
#2542=EDGE_CURVE('',#3311,#3438,#3951,.T.);
#2543=EDGE_CURVE('',#3312,#3437,#3952,.T.);
#2544=EDGE_CURVE('',#3439,#3440,#346,.T.);
#2545=EDGE_CURVE('',#3404,#3440,#3953,.T.);
#2546=EDGE_CURVE('',#3403,#3439,#3954,.T.);
#2547=EDGE_CURVE('',#3441,#3442,#347,.T.);
#2548=EDGE_CURVE('',#3402,#3442,#3955,.T.);
#2549=EDGE_CURVE('',#3401,#3441,#3956,.T.);
#2550=EDGE_CURVE('',#3443,#3444,#348,.T.);
#2551=EDGE_CURVE('',#3400,#3444,#3957,.T.);
#2552=EDGE_CURVE('',#3399,#3443,#3958,.T.);
#2553=EDGE_CURVE('',#3445,#3446,#349,.T.);
#2554=EDGE_CURVE('',#3398,#3446,#3959,.T.);
#2555=EDGE_CURVE('',#3397,#3445,#3960,.T.);
#2556=EDGE_CURVE('',#3447,#3448,#350,.T.);
#2557=EDGE_CURVE('',#3396,#3448,#3961,.T.);
#2558=EDGE_CURVE('',#3395,#3447,#3962,.T.);
#2559=EDGE_CURVE('',#3449,#3450,#351,.T.);
#2560=EDGE_CURVE('',#3394,#3450,#3963,.T.);
#2561=EDGE_CURVE('',#3393,#3449,#3964,.T.);
#2562=EDGE_CURVE('',#3451,#3452,#352,.T.);
#2563=EDGE_CURVE('',#3392,#3452,#3965,.T.);
#2564=EDGE_CURVE('',#3391,#3451,#3966,.T.);
#2565=EDGE_CURVE('',#3453,#3454,#353,.T.);
#2566=EDGE_CURVE('',#3390,#3454,#3967,.T.);
#2567=EDGE_CURVE('',#3389,#3453,#3968,.T.);
#2568=EDGE_CURVE('',#3455,#3456,#354,.T.);
#2569=EDGE_CURVE('',#3388,#3456,#3969,.T.);
#2570=EDGE_CURVE('',#3387,#3455,#3970,.T.);
#2571=EDGE_CURVE('',#3457,#3458,#355,.T.);
#2572=EDGE_CURVE('',#3386,#3458,#3971,.T.);
#2573=EDGE_CURVE('',#3385,#3457,#3972,.T.);
#2574=EDGE_CURVE('',#3459,#3460,#356,.T.);
#2575=EDGE_CURVE('',#3384,#3460,#3973,.T.);
#2576=EDGE_CURVE('',#3383,#3459,#3974,.T.);
#2577=EDGE_CURVE('',#3461,#3462,#357,.T.);
#2578=EDGE_CURVE('',#3382,#3462,#3975,.T.);
#2579=EDGE_CURVE('',#3381,#3461,#3976,.T.);
#2580=EDGE_CURVE('',#3463,#3464,#358,.T.);
#2581=EDGE_CURVE('',#3380,#3464,#3977,.T.);
#2582=EDGE_CURVE('',#3379,#3463,#3978,.T.);
#2583=EDGE_CURVE('',#3465,#3466,#359,.T.);
#2584=EDGE_CURVE('',#3378,#3466,#3979,.T.);
#2585=EDGE_CURVE('',#3377,#3465,#3980,.T.);
#2586=EDGE_CURVE('',#3467,#3468,#360,.T.);
#2587=EDGE_CURVE('',#3376,#3468,#3981,.T.);
#2588=EDGE_CURVE('',#3375,#3467,#3982,.T.);
#2589=EDGE_CURVE('',#3469,#3470,#361,.T.);
#2590=EDGE_CURVE('',#3374,#3470,#3983,.T.);
#2591=EDGE_CURVE('',#3373,#3469,#3984,.T.);
#2592=EDGE_CURVE('',#3471,#3472,#362,.T.);
#2593=EDGE_CURVE('',#3372,#3472,#3985,.T.);
#2594=EDGE_CURVE('',#3371,#3471,#3986,.T.);
#2595=EDGE_CURVE('',#3473,#3474,#363,.T.);
#2596=EDGE_CURVE('',#3370,#3474,#3987,.T.);
#2597=EDGE_CURVE('',#3369,#3473,#3988,.T.);
#2598=EDGE_CURVE('',#3475,#3476,#364,.T.);
#2599=EDGE_CURVE('',#3368,#3476,#3989,.T.);
#2600=EDGE_CURVE('',#3367,#3475,#3990,.T.);
#2601=EDGE_CURVE('',#3477,#3478,#365,.T.);
#2602=EDGE_CURVE('',#3366,#3478,#3991,.T.);
#2603=EDGE_CURVE('',#3365,#3477,#3992,.T.);
#2604=EDGE_CURVE('',#3479,#3480,#366,.T.);
#2605=EDGE_CURVE('',#3364,#3480,#3993,.T.);
#2606=EDGE_CURVE('',#3363,#3479,#3994,.T.);
#2607=EDGE_CURVE('',#3481,#3482,#367,.T.);
#2608=EDGE_CURVE('',#3362,#3482,#3995,.T.);
#2609=EDGE_CURVE('',#3361,#3481,#3996,.T.);
#2610=EDGE_CURVE('',#3483,#3484,#368,.T.);
#2611=EDGE_CURVE('',#3360,#3484,#3997,.T.);
#2612=EDGE_CURVE('',#3359,#3483,#3998,.T.);
#2613=EDGE_CURVE('',#3485,#3486,#369,.T.);
#2614=EDGE_CURVE('',#3358,#3486,#3999,.T.);
#2615=EDGE_CURVE('',#3357,#3485,#4000,.T.);
#2616=EDGE_CURVE('',#3487,#3488,#370,.T.);
#2617=EDGE_CURVE('',#3356,#3488,#4001,.T.);
#2618=EDGE_CURVE('',#3355,#3487,#4002,.T.);
#2619=EDGE_CURVE('',#3489,#3490,#371,.T.);
#2620=EDGE_CURVE('',#3354,#3490,#4003,.T.);
#2621=EDGE_CURVE('',#3353,#3489,#4004,.T.);
#2622=EDGE_CURVE('',#3491,#3492,#372,.T.);
#2623=EDGE_CURVE('',#3352,#3492,#4005,.T.);
#2624=EDGE_CURVE('',#3351,#3491,#4006,.T.);
#2625=EDGE_CURVE('',#3493,#3494,#373,.T.);
#2626=EDGE_CURVE('',#3350,#3494,#4007,.T.);
#2627=EDGE_CURVE('',#3349,#3493,#4008,.T.);
#2628=EDGE_CURVE('',#3495,#3496,#374,.T.);
#2629=EDGE_CURVE('',#3348,#3496,#4009,.T.);
#2630=EDGE_CURVE('',#3347,#3495,#4010,.T.);
#2631=EDGE_CURVE('',#3497,#3498,#4011,.T.);
#2632=EDGE_CURVE('',#3499,#3497,#375,.T.);
#2633=EDGE_CURVE('',#3499,#3500,#4012,.T.);
#2634=EDGE_CURVE('',#3501,#3500,#4013,.T.);
#2635=EDGE_CURVE('',#3501,#3498,#4014,.T.);
#2636=EDGE_CURVE('',#3502,#3499,#376,.T.);
#2637=EDGE_CURVE('',#3502,#3503,#4015,.T.);
#2638=EDGE_CURVE('',#3504,#3503,#4016,.T.);
#2639=EDGE_CURVE('',#3504,#3505,#4017,.T.);
#2640=EDGE_CURVE('',#3505,#3499,#4018,.T.);
#2641=EDGE_CURVE('',#3506,#3507,#4019,.T.);
#2642=EDGE_CURVE('',#3507,#3508,#4020,.T.);
#2643=EDGE_CURVE('',#3509,#3508,#4021,.T.);
#2644=EDGE_CURVE('',#3510,#3509,#4022,.T.);
#2645=EDGE_CURVE('',#3510,#3511,#4023,.T.);
#2646=EDGE_CURVE('',#3511,#3512,#4024,.T.);
#2647=EDGE_CURVE('',#3512,#3513,#4025,.T.);
#2648=EDGE_CURVE('',#3506,#3513,#4026,.T.);
#2649=EDGE_CURVE('',#3514,#3504,#4027,.T.);
#2650=EDGE_CURVE('',#3514,#3515,#377,.T.);
#2651=EDGE_CURVE('',#3516,#3515,#4028,.T.);
#2652=EDGE_CURVE('',#3517,#3516,#378,.T.);
#2653=EDGE_CURVE('',#3518,#3517,#4029,.T.);
#2654=EDGE_CURVE('',#3519,#3518,#379,.T.);
#2655=EDGE_CURVE('',#3505,#3519,#4030,.T.);
#2656=EDGE_CURVE('',#3520,#3501,#4031,.T.);
#2657=EDGE_CURVE('',#3500,#3521,#4032,.T.);
#2658=EDGE_CURVE('',#3521,#3522,#380,.T.);
#2659=EDGE_CURVE('',#3522,#3523,#4033,.T.);
#2660=EDGE_CURVE('',#3523,#3524,#381,.T.);
#2661=EDGE_CURVE('',#3524,#3525,#4034,.T.);
#2662=EDGE_CURVE('',#3520,#3525,#382,.T.);
#2663=EDGE_CURVE('',#3517,#3526,#4035,.T.);
#2664=EDGE_CURVE('',#3526,#3527,#4036,.T.);
#2665=EDGE_CURVE('',#3518,#3527,#4037,.T.);
#2666=EDGE_CURVE('',#3528,#3529,#4038,.T.);
#2667=EDGE_CURVE('',#3529,#3530,#4039,.T.);
#2668=EDGE_CURVE('',#3530,#3521,#4040,.T.);
#2669=EDGE_CURVE('',#3519,#3531,#4041,.T.);
#2670=EDGE_CURVE('',#3528,#3531,#4042,.T.);
#2671=EDGE_CURVE('',#3527,#3531,#383,.F.);
#2672=EDGE_CURVE('',#3532,#3526,#384,.F.);
#2673=EDGE_CURVE('',#3516,#3532,#4043,.T.);
#2674=EDGE_CURVE('',#3515,#3533,#4044,.T.);
#2675=EDGE_CURVE('',#3533,#3532,#4045,.T.);
#2676=EDGE_CURVE('',#3533,#3534,#385,.F.);
#2677=EDGE_CURVE('',#3514,#3534,#4046,.T.);
#2678=EDGE_CURVE('',#3510,#3535,#4047,.T.);
#2679=EDGE_CURVE('',#3510,#3303,#4048,.T.);
#2680=EDGE_CURVE('',#3536,#3302,#4049,.T.);
#2681=EDGE_CURVE('',#3536,#3535,#4050,.T.);
#2682=EDGE_CURVE('',#3537,#3538,#4051,.T.);
#2683=EDGE_CURVE('',#3537,#3539,#4052,.T.);
#2684=EDGE_CURVE('',#3540,#3539,#4053,.T.);
#2685=EDGE_CURVE('',#3538,#3540,#4054,.T.);
#2686=EDGE_CURVE('',#3541,#3542,#4055,.T.);
#2687=EDGE_CURVE('',#3541,#3543,#66,.F.);
#2688=EDGE_CURVE('',#3543,#3544,#4056,.T.);
#2689=EDGE_CURVE('',#3542,#3544,#386,.T.);
#2690=EDGE_CURVE('',#3545,#3543,#4057,.T.);
#2691=EDGE_CURVE('',#3545,#3546,#4058,.T.);
#2692=EDGE_CURVE('',#3546,#3544,#4059,.T.);
#2693=EDGE_CURVE('',#3545,#3538,#4060,.T.);
#2694=EDGE_CURVE('',#3546,#3540,#4061,.T.);
#2695=EDGE_CURVE('',#3511,#3547,#4062,.T.);
#2696=EDGE_CURVE('',#3547,#3548,#4063,.T.);
#2697=EDGE_CURVE('',#3548,#3309,#4064,.T.);
#2698=EDGE_CURVE('',#3549,#3308,#4065,.T.);
#2699=EDGE_CURVE('',#3549,#3550,#4066,.T.);
#2700=EDGE_CURVE('',#3512,#3550,#4067,.T.);
#2701=EDGE_CURVE('',#3299,#3551,#4068,.T.);
#2702=EDGE_CURVE('',#3298,#3552,#4069,.T.);
#2703=EDGE_CURVE('',#3551,#3552,#4070,.T.);
#2704=EDGE_CURVE('',#3553,#3554,#4071,.T.);
#2705=EDGE_CURVE('',#3553,#3306,#4072,.T.);
#2706=EDGE_CURVE('',#3555,#3310,#4073,.T.);
#2707=EDGE_CURVE('',#3555,#3556,#4074,.T.);
#2708=EDGE_CURVE('',#3556,#3554,#4075,.T.);
#2709=EDGE_CURVE('',#3557,#3558,#387,.T.);
#2710=EDGE_CURVE('',#3557,#3559,#4076,.T.);
#2711=EDGE_CURVE('',#3560,#3559,#4077,.T.);
#2712=EDGE_CURVE('',#3560,#3558,#4078,.T.);
#2713=EDGE_CURVE('',#3551,#3561,#388,.T.);
#2714=EDGE_CURVE('',#3552,#3562,#4079,.T.);
#2715=EDGE_CURVE('',#3562,#3561,#4080,.T.);
#2716=EDGE_CURVE('',#3563,#3564,#4081,.T.);
#2717=EDGE_CURVE('',#3565,#3564,#4082,.T.);
#2718=EDGE_CURVE('',#3566,#3565,#4083,.T.);
#2719=EDGE_CURVE('',#3566,#3563,#4084,.T.);
#2720=EDGE_CURVE('',#3567,#3555,#4085,.T.);
#2721=EDGE_CURVE('',#3568,#3567,#4086,.T.);
#2722=EDGE_CURVE('',#3556,#3568,#4087,.T.);
#2723=EDGE_CURVE('',#3569,#3530,#389,.F.);
#2724=EDGE_CURVE('',#3569,#3522,#4088,.T.);
#2725=EDGE_CURVE('',#3570,#3569,#4089,.T.);
#2726=EDGE_CURVE('',#3570,#3523,#4090,.T.);
#2727=EDGE_CURVE('',#3571,#3570,#390,.F.);
#2728=EDGE_CURVE('',#3571,#3524,#4091,.T.);
#2729=EDGE_CURVE('',#3572,#3571,#4092,.T.);
#2730=EDGE_CURVE('',#3572,#3525,#4093,.T.);
#2731=EDGE_CURVE('',#3572,#3573,#391,.F.);
#2732=EDGE_CURVE('',#3573,#3520,#4094,.T.);
#2733=EDGE_CURVE('',#3574,#3573,#4095,.T.);
#2734=EDGE_CURVE('',#3574,#3575,#4096,.T.);
#2735=EDGE_CURVE('',#3575,#3534,#4097,.T.);
#2736=EDGE_CURVE('',#3509,#3503,#4098,.T.);
#2737=EDGE_CURVE('',#3508,#3498,#4099,.T.);
#2738=EDGE_CURVE('',#3542,#3297,#4100,.T.);
#2739=EDGE_CURVE('',#3507,#3295,#4101,.T.);
#2740=EDGE_CURVE('',#3506,#3541,#4102,.T.);
#2741=EDGE_CURVE('',#3535,#3576,#392,.F.);
#2742=EDGE_CURVE('',#3536,#3577,#393,.T.);
#2743=EDGE_CURVE('',#3577,#3576,#4103,.T.);
#2744=EDGE_CURVE('',#3578,#3579,#4104,.T.);
#2745=EDGE_CURVE('',#3579,#3576,#4105,.T.);
#2746=EDGE_CURVE('',#3578,#3577,#4106,.T.);
#2747=EDGE_CURVE('',#3579,#3580,#4107,.T.);
#2748=EDGE_CURVE('',#3578,#3581,#4108,.T.);
#2749=EDGE_CURVE('',#3581,#3580,#4109,.T.);
#2750=EDGE_CURVE('',#3580,#3582,#4110,.T.);
#2751=EDGE_CURVE('',#3581,#3583,#4111,.T.);
#2752=EDGE_CURVE('',#3583,#3582,#4112,.T.);
#2753=EDGE_CURVE('',#3564,#3539,#4113,.T.);
#2754=EDGE_CURVE('',#3550,#3537,#4114,.T.);
#2755=EDGE_CURVE('',#3550,#3547,#4115,.T.);
#2756=EDGE_CURVE('',#3547,#3582,#4116,.T.);
#2757=EDGE_CURVE('',#3565,#3583,#4117,.T.);
#2758=EDGE_CURVE('',#3584,#3563,#4118,.T.);
#2759=EDGE_CURVE('',#3585,#3566,#4119,.T.);
#2760=EDGE_CURVE('',#3585,#3584,#4120,.T.);
#2761=EDGE_CURVE('',#3584,#3586,#4121,.T.);
#2762=EDGE_CURVE('',#3585,#3587,#4122,.T.);
#2763=EDGE_CURVE('',#3586,#3587,#4123,.T.);
#2764=EDGE_CURVE('',#3300,#3558,#4124,.T.);
#2765=EDGE_CURVE('',#3301,#3560,#4125,.T.);
#2766=EDGE_CURVE('',#3587,#3559,#4126,.T.);
#2767=EDGE_CURVE('',#3586,#3562,#4127,.T.);
#2768=EDGE_CURVE('',#3588,#3589,#394,.T.);
#2769=EDGE_CURVE('',#3346,#3589,#4128,.T.);
#2770=EDGE_CURVE('',#3345,#3588,#4129,.T.);
#2771=EDGE_CURVE('',#3548,#3590,#4130,.T.);
#2772=EDGE_CURVE('',#3567,#3590,#4131,.T.);
#2773=EDGE_CURVE('',#3591,#3590,#4132,.T.);
#2774=EDGE_CURVE('',#3568,#3591,#4133,.T.);
#2775=EDGE_CURVE('',#3591,#3549,#4134,.T.);
#2776=EDGE_CURVE('',#3592,#3307,#4135,.T.);
#2777=EDGE_CURVE('',#3554,#3592,#4136,.T.);
#2778=EDGE_CURVE('',#3593,#3557,#4137,.T.);
#2779=EDGE_CURVE('',#3593,#3594,#4138,.T.);
#2780=EDGE_CURVE('',#3561,#3594,#4139,.F.);
#2781=EDGE_CURVE('',#3593,#3594,#395,.T.);
#2782=EDGE_CURVE('',#3408,#3405,#396,.T.);
#2783=EDGE_CURVE('',#3410,#3407,#397,.T.);
#2784=EDGE_CURVE('',#3412,#3409,#398,.T.);
#2785=EDGE_CURVE('',#3414,#3411,#399,.T.);
#2786=EDGE_CURVE('',#3416,#3413,#400,.T.);
#2787=EDGE_CURVE('',#3418,#3415,#401,.T.);
#2788=EDGE_CURVE('',#3420,#3417,#402,.T.);
#2789=EDGE_CURVE('',#3422,#3419,#403,.T.);
#2790=EDGE_CURVE('',#3424,#3421,#404,.T.);
#2791=EDGE_CURVE('',#3426,#3423,#405,.T.);
#2792=EDGE_CURVE('',#3428,#3425,#406,.T.);
#2793=EDGE_CURVE('',#3430,#3427,#407,.T.);
#2794=EDGE_CURVE('',#3432,#3429,#408,.T.);
#2795=EDGE_CURVE('',#3434,#3431,#409,.T.);
#2796=EDGE_CURVE('',#3436,#3433,#410,.T.);
#2797=EDGE_CURVE('',#3438,#3435,#411,.T.);
#2798=EDGE_CURVE('',#3440,#3437,#412,.T.);
#2799=EDGE_CURVE('',#3442,#3439,#413,.T.);
#2800=EDGE_CURVE('',#3444,#3441,#414,.T.);
#2801=EDGE_CURVE('',#3446,#3443,#415,.T.);
#2802=EDGE_CURVE('',#3448,#3445,#416,.T.);
#2803=EDGE_CURVE('',#3450,#3447,#417,.T.);
#2804=EDGE_CURVE('',#3452,#3449,#418,.T.);
#2805=EDGE_CURVE('',#3454,#3451,#419,.T.);
#2806=EDGE_CURVE('',#3456,#3453,#420,.T.);
#2807=EDGE_CURVE('',#3458,#3455,#421,.T.);
#2808=EDGE_CURVE('',#3460,#3457,#422,.T.);
#2809=EDGE_CURVE('',#3462,#3459,#423,.T.);
#2810=EDGE_CURVE('',#3464,#3461,#424,.T.);
#2811=EDGE_CURVE('',#3466,#3463,#425,.T.);
#2812=EDGE_CURVE('',#3468,#3465,#426,.T.);
#2813=EDGE_CURVE('',#3470,#3467,#427,.T.);
#2814=EDGE_CURVE('',#3472,#3469,#428,.T.);
#2815=EDGE_CURVE('',#3474,#3471,#429,.T.);
#2816=EDGE_CURVE('',#3476,#3473,#430,.T.);
#2817=EDGE_CURVE('',#3478,#3475,#431,.T.);
#2818=EDGE_CURVE('',#3480,#3477,#432,.T.);
#2819=EDGE_CURVE('',#3482,#3479,#433,.T.);
#2820=EDGE_CURVE('',#3484,#3481,#434,.T.);
#2821=EDGE_CURVE('',#3486,#3483,#435,.T.);
#2822=EDGE_CURVE('',#3488,#3485,#436,.T.);
#2823=EDGE_CURVE('',#3490,#3487,#437,.T.);
#2824=EDGE_CURVE('',#3492,#3489,#438,.T.);
#2825=EDGE_CURVE('',#3494,#3491,#439,.T.);
#2826=EDGE_CURVE('',#3496,#3493,#440,.T.);
#2827=EDGE_CURVE('',#3589,#3495,#441,.T.);
#2828=EDGE_CURVE('',#3406,#3588,#442,.T.);
#2829=EDGE_CURVE('',#3595,#3553,#4140,.T.);
#2830=EDGE_CURVE('',#3595,#3305,#4141,.T.);
#2831=EDGE_CURVE('',#3592,#3595,#4142,.T.);
#2832=EDGE_CURVE('',#3513,#3545,#4143,.T.);
#2833=EDGE_CURVE('',#3574,#3529,#4144,.T.);
#2834=EDGE_CURVE('',#3575,#3528,#4145,.T.);
#2835=EDGE_CURVE('',#3596,#3502,#4146,.T.);
#2836=EDGE_CURVE('',#3597,#3596,#4147,.F.);
#2837=EDGE_CURVE('',#3598,#3597,#4148,.T.);
#2838=EDGE_CURVE('',#3598,#3599,#4149,.T.);
#2839=EDGE_CURVE('',#3599,#3600,#4150,.T.);
#2840=EDGE_CURVE('',#3600,#3601,#4151,.T.);
#2841=EDGE_CURVE('',#3601,#3304,#4152,.T.);
#2842=EDGE_CURVE('',#3602,#3296,#4153,.T.);
#2843=EDGE_CURVE('',#3603,#3602,#4154,.T.);
#2844=EDGE_CURVE('',#3604,#3603,#4155,.T.);
#2845=EDGE_CURVE('',#3605,#3604,#4156,.T.);
#2846=EDGE_CURVE('',#3605,#3606,#4157,.T.);
#2847=EDGE_CURVE('',#3606,#3607,#4158,.F.);
#2848=EDGE_CURVE('',#3607,#3497,#4159,.T.);
#2849=EDGE_CURVE('',#3602,#3601,#443,.T.);
#2850=EDGE_CURVE('',#3596,#3607,#67,.F.);
#2851=EDGE_CURVE('',#3608,#3609,#444,.T.);
#2852=EDGE_CURVE('',#3603,#3608,#4160,.T.);
#2853=EDGE_CURVE('',#3609,#3600,#4161,.T.);
#2854=EDGE_CURVE('',#3597,#3606,#68,.F.);
#2855=EDGE_CURVE('',#3610,#3608,#4162,.T.);
#2856=EDGE_CURVE('',#3604,#3610,#4163,.T.);
#2857=EDGE_CURVE('',#3611,#3609,#4164,.T.);
#2858=EDGE_CURVE('',#3611,#3610,#69,.T.);
#2859=EDGE_CURVE('',#3612,#3612,#445,.T.);
#2860=EDGE_CURVE('',#3611,#3599,#4165,.T.);
#2861=EDGE_CURVE('',#3598,#3605,#70,.T.);
#2862=EDGE_CURVE('',#3613,#3614,#22,.T.);
#2863=EDGE_CURVE('',#3615,#3613,#23,.T.);
#2864=EDGE_CURVE('',#3616,#3615,#24,.T.);
#2865=EDGE_CURVE('',#3614,#3616,#446,.T.);
#2866=EDGE_CURVE('',#3617,#3618,#4166,.T.);
#2867=EDGE_CURVE('',#3618,#3619,#447,.T.);
#2868=EDGE_CURVE('',#3619,#3620,#4167,.T.);
#2869=EDGE_CURVE('',#3620,#3621,#448,.T.);
#2870=EDGE_CURVE('',#3621,#3622,#4168,.T.);
#2871=EDGE_CURVE('',#3622,#3623,#449,.T.);
#2872=EDGE_CURVE('',#3623,#3624,#4169,.T.);
#2873=EDGE_CURVE('',#3624,#3625,#450,.T.);
#2874=EDGE_CURVE('',#3625,#3626,#4170,.T.);
#2875=EDGE_CURVE('',#3626,#3627,#451,.T.);
#2876=EDGE_CURVE('',#3627,#3628,#4171,.T.);
#2877=EDGE_CURVE('',#3628,#3629,#452,.T.);
#2878=EDGE_CURVE('',#3629,#3630,#4172,.T.);
#2879=EDGE_CURVE('',#3630,#3631,#453,.T.);
#2880=EDGE_CURVE('',#3631,#3632,#4173,.T.);
#2881=EDGE_CURVE('',#3632,#3633,#454,.T.);
#2882=EDGE_CURVE('',#3633,#3634,#4174,.T.);
#2883=EDGE_CURVE('',#3634,#3635,#455,.T.);
#2884=EDGE_CURVE('',#3635,#3636,#4175,.T.);
#2885=EDGE_CURVE('',#3636,#3637,#456,.T.);
#2886=EDGE_CURVE('',#3637,#3638,#4176,.T.);
#2887=EDGE_CURVE('',#3638,#3639,#457,.T.);
#2888=EDGE_CURVE('',#3639,#3640,#4177,.T.);
#2889=EDGE_CURVE('',#3640,#3641,#458,.T.);
#2890=EDGE_CURVE('',#3641,#3642,#4178,.T.);
#2891=EDGE_CURVE('',#3642,#3643,#459,.T.);
#2892=EDGE_CURVE('',#3643,#3644,#4179,.T.);
#2893=EDGE_CURVE('',#3644,#3645,#460,.T.);
#2894=EDGE_CURVE('',#3645,#3646,#4180,.T.);
#2895=EDGE_CURVE('',#3646,#3647,#461,.T.);
#2896=EDGE_CURVE('',#3647,#3648,#4181,.T.);
#2897=EDGE_CURVE('',#3648,#3649,#462,.T.);
#2898=EDGE_CURVE('',#3649,#3650,#4182,.T.);
#2899=EDGE_CURVE('',#3650,#3651,#463,.T.);
#2900=EDGE_CURVE('',#3651,#3652,#4183,.T.);
#2901=EDGE_CURVE('',#3652,#3653,#464,.T.);
#2902=EDGE_CURVE('',#3653,#3654,#4184,.T.);
#2903=EDGE_CURVE('',#3654,#3655,#465,.T.);
#2904=EDGE_CURVE('',#3655,#3656,#4185,.T.);
#2905=EDGE_CURVE('',#3656,#3657,#466,.T.);
#2906=EDGE_CURVE('',#3657,#3658,#4186,.T.);
#2907=EDGE_CURVE('',#3658,#3659,#467,.T.);
#2908=EDGE_CURVE('',#3659,#3660,#4187,.T.);
#2909=EDGE_CURVE('',#3660,#3661,#468,.T.);
#2910=EDGE_CURVE('',#3661,#3662,#4188,.T.);
#2911=EDGE_CURVE('',#3662,#3663,#469,.T.);
#2912=EDGE_CURVE('',#3663,#3664,#4189,.T.);
#2913=EDGE_CURVE('',#3664,#3665,#470,.T.);
#2914=EDGE_CURVE('',#3665,#3666,#4190,.T.);
#2915=EDGE_CURVE('',#3666,#3667,#471,.T.);
#2916=EDGE_CURVE('',#3667,#3668,#4191,.T.);
#2917=EDGE_CURVE('',#3668,#3669,#472,.T.);
#2918=EDGE_CURVE('',#3669,#3670,#4192,.T.);
#2919=EDGE_CURVE('',#3670,#3671,#473,.T.);
#2920=EDGE_CURVE('',#3671,#3672,#4193,.T.);
#2921=EDGE_CURVE('',#3672,#3673,#474,.T.);
#2922=EDGE_CURVE('',#3673,#3674,#4194,.T.);
#2923=EDGE_CURVE('',#3674,#3675,#475,.T.);
#2924=EDGE_CURVE('',#3675,#3676,#4195,.T.);
#2925=EDGE_CURVE('',#3676,#3677,#476,.T.);
#2926=EDGE_CURVE('',#3677,#3678,#4196,.T.);
#2927=EDGE_CURVE('',#3678,#3679,#477,.T.);
#2928=EDGE_CURVE('',#3679,#3680,#4197,.T.);
#2929=EDGE_CURVE('',#3680,#3681,#478,.T.);
#2930=EDGE_CURVE('',#3681,#3682,#4198,.T.);
#2931=EDGE_CURVE('',#3682,#3683,#479,.T.);
#2932=EDGE_CURVE('',#3683,#3684,#4199,.T.);
#2933=EDGE_CURVE('',#3684,#3685,#480,.T.);
#2934=EDGE_CURVE('',#3685,#3686,#4200,.T.);
#2935=EDGE_CURVE('',#3686,#3687,#481,.T.);
#2936=EDGE_CURVE('',#3687,#3688,#4201,.T.);
#2937=EDGE_CURVE('',#3688,#3689,#482,.T.);
#2938=EDGE_CURVE('',#3689,#3690,#4202,.T.);
#2939=EDGE_CURVE('',#3690,#3691,#483,.T.);
#2940=EDGE_CURVE('',#3691,#3692,#4203,.T.);
#2941=EDGE_CURVE('',#3692,#3693,#484,.T.);
#2942=EDGE_CURVE('',#3693,#3694,#4204,.T.);
#2943=EDGE_CURVE('',#3694,#3695,#485,.T.);
#2944=EDGE_CURVE('',#3695,#3696,#4205,.T.);
#2945=EDGE_CURVE('',#3696,#3697,#486,.T.);
#2946=EDGE_CURVE('',#3697,#3698,#4206,.T.);
#2947=EDGE_CURVE('',#3698,#3699,#487,.T.);
#2948=EDGE_CURVE('',#3699,#3700,#4207,.T.);
#2949=EDGE_CURVE('',#3700,#3701,#488,.T.);
#2950=EDGE_CURVE('',#3701,#3702,#4208,.T.);
#2951=EDGE_CURVE('',#3702,#3703,#489,.T.);
#2952=EDGE_CURVE('',#3703,#3704,#4209,.T.);
#2953=EDGE_CURVE('',#3704,#3705,#490,.T.);
#2954=EDGE_CURVE('',#3705,#3706,#4210,.T.);
#2955=EDGE_CURVE('',#3706,#3707,#491,.T.);
#2956=EDGE_CURVE('',#3707,#3708,#4211,.T.);
#2957=EDGE_CURVE('',#3708,#3709,#492,.T.);
#2958=EDGE_CURVE('',#3709,#3710,#4212,.T.);
#2959=EDGE_CURVE('',#3710,#3617,#493,.T.);
#2960=EDGE_CURVE('',#3711,#3711,#494,.T.);
#2961=EDGE_CURVE('',#3712,#3713,#4213,.T.);
#2962=EDGE_CURVE('',#3714,#3712,#495,.T.);
#2963=EDGE_CURVE('',#3715,#3714,#4214,.T.);
#2964=EDGE_CURVE('',#3716,#3715,#496,.T.);
#2965=EDGE_CURVE('',#3717,#3716,#4215,.T.);
#2966=EDGE_CURVE('',#3718,#3717,#497,.T.);
#2967=EDGE_CURVE('',#3719,#3718,#4216,.T.);
#2968=EDGE_CURVE('',#3720,#3719,#498,.T.);
#2969=EDGE_CURVE('',#3721,#3720,#4217,.T.);
#2970=EDGE_CURVE('',#3722,#3721,#499,.T.);
#2971=EDGE_CURVE('',#3723,#3722,#4218,.T.);
#2972=EDGE_CURVE('',#3724,#3723,#500,.T.);
#2973=EDGE_CURVE('',#3725,#3724,#4219,.T.);
#2974=EDGE_CURVE('',#3726,#3725,#501,.T.);
#2975=EDGE_CURVE('',#3727,#3726,#4220,.T.);
#2976=EDGE_CURVE('',#3728,#3727,#502,.T.);
#2977=EDGE_CURVE('',#3729,#3728,#4221,.T.);
#2978=EDGE_CURVE('',#3730,#3729,#503,.T.);
#2979=EDGE_CURVE('',#3731,#3730,#4222,.T.);
#2980=EDGE_CURVE('',#3732,#3731,#504,.T.);
#2981=EDGE_CURVE('',#3733,#3732,#4223,.T.);
#2982=EDGE_CURVE('',#3734,#3733,#505,.T.);
#2983=EDGE_CURVE('',#3735,#3734,#4224,.T.);
#2984=EDGE_CURVE('',#3736,#3735,#506,.T.);
#2985=EDGE_CURVE('',#3737,#3736,#4225,.T.);
#2986=EDGE_CURVE('',#3738,#3737,#507,.T.);
#2987=EDGE_CURVE('',#3739,#3738,#4226,.T.);
#2988=EDGE_CURVE('',#3740,#3739,#508,.T.);
#2989=EDGE_CURVE('',#3741,#3740,#4227,.T.);
#2990=EDGE_CURVE('',#3742,#3741,#509,.T.);
#2991=EDGE_CURVE('',#3743,#3742,#4228,.T.);
#2992=EDGE_CURVE('',#3744,#3743,#510,.T.);
#2993=EDGE_CURVE('',#3745,#3744,#4229,.T.);
#2994=EDGE_CURVE('',#3746,#3745,#511,.T.);
#2995=EDGE_CURVE('',#3747,#3746,#4230,.T.);
#2996=EDGE_CURVE('',#3748,#3747,#512,.T.);
#2997=EDGE_CURVE('',#3749,#3748,#4231,.T.);
#2998=EDGE_CURVE('',#3750,#3749,#513,.T.);
#2999=EDGE_CURVE('',#3751,#3750,#4232,.T.);
#3000=EDGE_CURVE('',#3752,#3751,#514,.T.);
#3001=EDGE_CURVE('',#3753,#3752,#4233,.T.);
#3002=EDGE_CURVE('',#3754,#3753,#515,.T.);
#3003=EDGE_CURVE('',#3755,#3754,#4234,.T.);
#3004=EDGE_CURVE('',#3756,#3755,#516,.T.);
#3005=EDGE_CURVE('',#3757,#3756,#4235,.T.);
#3006=EDGE_CURVE('',#3758,#3757,#517,.T.);
#3007=EDGE_CURVE('',#3759,#3758,#4236,.T.);
#3008=EDGE_CURVE('',#3760,#3759,#518,.T.);
#3009=EDGE_CURVE('',#3761,#3760,#4237,.T.);
#3010=EDGE_CURVE('',#3762,#3761,#519,.T.);
#3011=EDGE_CURVE('',#3763,#3762,#4238,.T.);
#3012=EDGE_CURVE('',#3764,#3763,#520,.T.);
#3013=EDGE_CURVE('',#3765,#3764,#4239,.T.);
#3014=EDGE_CURVE('',#3766,#3765,#521,.T.);
#3015=EDGE_CURVE('',#3767,#3766,#4240,.T.);
#3016=EDGE_CURVE('',#3768,#3767,#522,.T.);
#3017=EDGE_CURVE('',#3769,#3768,#4241,.T.);
#3018=EDGE_CURVE('',#3770,#3769,#523,.T.);
#3019=EDGE_CURVE('',#3771,#3770,#4242,.T.);
#3020=EDGE_CURVE('',#3772,#3771,#524,.T.);
#3021=EDGE_CURVE('',#3773,#3772,#4243,.T.);
#3022=EDGE_CURVE('',#3774,#3773,#525,.T.);
#3023=EDGE_CURVE('',#3775,#3774,#4244,.T.);
#3024=EDGE_CURVE('',#3776,#3775,#526,.T.);
#3025=EDGE_CURVE('',#3777,#3776,#4245,.T.);
#3026=EDGE_CURVE('',#3778,#3777,#527,.T.);
#3027=EDGE_CURVE('',#3779,#3778,#4246,.T.);
#3028=EDGE_CURVE('',#3780,#3779,#528,.T.);
#3029=EDGE_CURVE('',#3781,#3780,#4247,.T.);
#3030=EDGE_CURVE('',#3782,#3781,#529,.T.);
#3031=EDGE_CURVE('',#3783,#3782,#4248,.T.);
#3032=EDGE_CURVE('',#3784,#3783,#530,.T.);
#3033=EDGE_CURVE('',#3785,#3784,#4249,.T.);
#3034=EDGE_CURVE('',#3786,#3785,#531,.T.);
#3035=EDGE_CURVE('',#3787,#3786,#4250,.T.);
#3036=EDGE_CURVE('',#3788,#3787,#532,.T.);
#3037=EDGE_CURVE('',#3789,#3788,#4251,.T.);
#3038=EDGE_CURVE('',#3790,#3789,#533,.T.);
#3039=EDGE_CURVE('',#3791,#3790,#4252,.T.);
#3040=EDGE_CURVE('',#3792,#3791,#534,.T.);
#3041=EDGE_CURVE('',#3793,#3792,#4253,.T.);
#3042=EDGE_CURVE('',#3794,#3793,#535,.T.);
#3043=EDGE_CURVE('',#3795,#3794,#4254,.T.);
#3044=EDGE_CURVE('',#3796,#3795,#536,.T.);
#3045=EDGE_CURVE('',#3797,#3796,#4255,.T.);
#3046=EDGE_CURVE('',#3798,#3797,#537,.T.);
#3047=EDGE_CURVE('',#3799,#3798,#4256,.T.);
#3048=EDGE_CURVE('',#3800,#3799,#538,.T.);
#3049=EDGE_CURVE('',#3801,#3800,#4257,.T.);
#3050=EDGE_CURVE('',#3802,#3801,#539,.T.);
#3051=EDGE_CURVE('',#3803,#3802,#4258,.T.);
#3052=EDGE_CURVE('',#3804,#3803,#540,.T.);
#3053=EDGE_CURVE('',#3805,#3804,#4259,.T.);
#3054=EDGE_CURVE('',#3713,#3805,#541,.T.);
#3055=EDGE_CURVE('',#3806,#3806,#542,.T.);
#3056=EDGE_CURVE('',#3807,#3808,#25,.T.);
#3057=EDGE_CURVE('',#3808,#3809,#26,.T.);
#3058=EDGE_CURVE('',#3810,#3809,#543,.T.);
#3059=EDGE_CURVE('',#3810,#3807,#27,.T.);
#3060=EDGE_CURVE('',#3811,#3812,#544,.T.);
#3061=EDGE_CURVE('',#3614,#3812,#18,.T.);
#3062=EDGE_CURVE('',#3616,#3811,#19,.T.);
#3063=EDGE_CURVE('',#3615,#3807,#20,.T.);
#3064=EDGE_CURVE('',#3613,#3808,#21,.T.);
#3065=EDGE_CURVE('',#3809,#3812,#28,.T.);
#3066=EDGE_CURVE('',#3811,#3810,#29,.T.);
#3067=EDGE_CURVE('',#3776,#3620,#4260,.T.);
#3068=EDGE_CURVE('',#3777,#3619,#4261,.T.);
#3069=EDGE_CURVE('',#3778,#3618,#4262,.T.);
#3070=EDGE_CURVE('',#3779,#3617,#4263,.T.);
#3071=EDGE_CURVE('',#3780,#3710,#4264,.T.);
#3072=EDGE_CURVE('',#3781,#3709,#4265,.T.);
#3073=EDGE_CURVE('',#3782,#3708,#4266,.T.);
#3074=EDGE_CURVE('',#3783,#3707,#4267,.T.);
#3075=EDGE_CURVE('',#3784,#3706,#4268,.T.);
#3076=EDGE_CURVE('',#3785,#3705,#4269,.T.);
#3077=EDGE_CURVE('',#3786,#3704,#4270,.T.);
#3078=EDGE_CURVE('',#3787,#3703,#4271,.T.);
#3079=EDGE_CURVE('',#3788,#3702,#4272,.T.);
#3080=EDGE_CURVE('',#3789,#3701,#4273,.T.);
#3081=EDGE_CURVE('',#3790,#3700,#4274,.T.);
#3082=EDGE_CURVE('',#3791,#3699,#4275,.T.);
#3083=EDGE_CURVE('',#3792,#3698,#4276,.T.);
#3084=EDGE_CURVE('',#3793,#3697,#4277,.T.);
#3085=EDGE_CURVE('',#3794,#3696,#4278,.T.);
#3086=EDGE_CURVE('',#3795,#3695,#4279,.T.);
#3087=EDGE_CURVE('',#3796,#3694,#4280,.T.);
#3088=EDGE_CURVE('',#3797,#3693,#4281,.T.);
#3089=EDGE_CURVE('',#3798,#3692,#4282,.T.);
#3090=EDGE_CURVE('',#3799,#3691,#4283,.T.);
#3091=EDGE_CURVE('',#3800,#3690,#4284,.T.);
#3092=EDGE_CURVE('',#3801,#3689,#4285,.T.);
#3093=EDGE_CURVE('',#3802,#3688,#4286,.T.);
#3094=EDGE_CURVE('',#3803,#3687,#4287,.T.);
#3095=EDGE_CURVE('',#3804,#3686,#4288,.T.);
#3096=EDGE_CURVE('',#3805,#3685,#4289,.T.);
#3097=EDGE_CURVE('',#3713,#3684,#4290,.T.);
#3098=EDGE_CURVE('',#3712,#3683,#4291,.T.);
#3099=EDGE_CURVE('',#3714,#3682,#4292,.T.);
#3100=EDGE_CURVE('',#3715,#3681,#4293,.T.);
#3101=EDGE_CURVE('',#3716,#3680,#4294,.T.);
#3102=EDGE_CURVE('',#3717,#3679,#4295,.T.);
#3103=EDGE_CURVE('',#3718,#3678,#4296,.T.);
#3104=EDGE_CURVE('',#3719,#3677,#4297,.T.);
#3105=EDGE_CURVE('',#3720,#3676,#4298,.T.);
#3106=EDGE_CURVE('',#3721,#3675,#4299,.T.);
#3107=EDGE_CURVE('',#3722,#3674,#4300,.T.);
#3108=EDGE_CURVE('',#3723,#3673,#4301,.T.);
#3109=EDGE_CURVE('',#3724,#3672,#4302,.T.);
#3110=EDGE_CURVE('',#3725,#3671,#4303,.T.);
#3111=EDGE_CURVE('',#3726,#3670,#4304,.T.);
#3112=EDGE_CURVE('',#3727,#3669,#4305,.T.);
#3113=EDGE_CURVE('',#3728,#3668,#4306,.T.);
#3114=EDGE_CURVE('',#3729,#3667,#4307,.T.);
#3115=EDGE_CURVE('',#3730,#3666,#4308,.T.);
#3116=EDGE_CURVE('',#3731,#3665,#4309,.T.);
#3117=EDGE_CURVE('',#3732,#3664,#4310,.T.);
#3118=EDGE_CURVE('',#3733,#3663,#4311,.T.);
#3119=EDGE_CURVE('',#3734,#3662,#4312,.T.);
#3120=EDGE_CURVE('',#3735,#3661,#4313,.T.);
#3121=EDGE_CURVE('',#3736,#3660,#4314,.T.);
#3122=EDGE_CURVE('',#3737,#3659,#4315,.T.);
#3123=EDGE_CURVE('',#3738,#3658,#4316,.T.);
#3124=EDGE_CURVE('',#3739,#3657,#4317,.T.);
#3125=EDGE_CURVE('',#3740,#3656,#4318,.T.);
#3126=EDGE_CURVE('',#3741,#3655,#4319,.T.);
#3127=EDGE_CURVE('',#3742,#3654,#4320,.T.);
#3128=EDGE_CURVE('',#3743,#3653,#4321,.T.);
#3129=EDGE_CURVE('',#3744,#3652,#4322,.T.);
#3130=EDGE_CURVE('',#3745,#3651,#4323,.T.);
#3131=EDGE_CURVE('',#3746,#3650,#4324,.T.);
#3132=EDGE_CURVE('',#3747,#3649,#4325,.T.);
#3133=EDGE_CURVE('',#3748,#3648,#4326,.T.);
#3134=EDGE_CURVE('',#3749,#3647,#4327,.T.);
#3135=EDGE_CURVE('',#3750,#3646,#4328,.T.);
#3136=EDGE_CURVE('',#3751,#3645,#4329,.T.);
#3137=EDGE_CURVE('',#3752,#3644,#4330,.T.);
#3138=EDGE_CURVE('',#3753,#3643,#4331,.T.);
#3139=EDGE_CURVE('',#3754,#3642,#4332,.T.);
#3140=EDGE_CURVE('',#3755,#3641,#4333,.T.);
#3141=EDGE_CURVE('',#3756,#3640,#4334,.T.);
#3142=EDGE_CURVE('',#3757,#3639,#4335,.T.);
#3143=EDGE_CURVE('',#3758,#3638,#4336,.T.);
#3144=EDGE_CURVE('',#3759,#3637,#4337,.T.);
#3145=EDGE_CURVE('',#3760,#3636,#4338,.T.);
#3146=EDGE_CURVE('',#3761,#3635,#4339,.T.);
#3147=EDGE_CURVE('',#3762,#3634,#4340,.T.);
#3148=EDGE_CURVE('',#3763,#3633,#4341,.T.);
#3149=EDGE_CURVE('',#3764,#3632,#4342,.T.);
#3150=EDGE_CURVE('',#3765,#3631,#4343,.T.);
#3151=EDGE_CURVE('',#3766,#3630,#4344,.T.);
#3152=EDGE_CURVE('',#3767,#3629,#4345,.T.);
#3153=EDGE_CURVE('',#3768,#3628,#4346,.T.);
#3154=EDGE_CURVE('',#3769,#3627,#4347,.T.);
#3155=EDGE_CURVE('',#3770,#3626,#4348,.T.);
#3156=EDGE_CURVE('',#3771,#3625,#4349,.T.);
#3157=EDGE_CURVE('',#3772,#3624,#4350,.T.);
#3158=EDGE_CURVE('',#3773,#3623,#4351,.T.);
#3159=EDGE_CURVE('',#3774,#3622,#4352,.T.);
#3160=EDGE_CURVE('',#3775,#3621,#4353,.T.);
#3161=EDGE_CURVE('',#3813,#3814,#4354,.T.);
#3162=EDGE_CURVE('',#3814,#3815,#4355,.T.);
#3163=EDGE_CURVE('',#3815,#3816,#4356,.T.);
#3164=EDGE_CURVE('',#3813,#3816,#4357,.T.);
#3165=EDGE_CURVE('',#3817,#3818,#4358,.T.);
#3166=EDGE_CURVE('',#3818,#3819,#4359,.T.);
#3167=EDGE_CURVE('',#3820,#3819,#4360,.T.);
#3168=EDGE_CURVE('',#3820,#3821,#4361,.T.);
#3169=EDGE_CURVE('',#3822,#3821,#4362,.T.);
#3170=EDGE_CURVE('',#3817,#3822,#4363,.T.);
#3171=EDGE_CURVE('',#3823,#3824,#4364,.T.);
#3172=EDGE_CURVE('',#3823,#3825,#4365,.T.);
#3173=EDGE_CURVE('',#3825,#3826,#4366,.T.);
#3174=EDGE_CURVE('',#3824,#3826,#4367,.T.);
#3175=EDGE_CURVE('',#3827,#3828,#4368,.T.);
#3176=EDGE_CURVE('',#3828,#3829,#4369,.T.);
#3177=EDGE_CURVE('',#3830,#3829,#4370,.T.);
#3178=EDGE_CURVE('',#3830,#3827,#4371,.T.);
#3179=EDGE_CURVE('',#3831,#3832,#4372,.T.);
#3180=EDGE_CURVE('',#3833,#3831,#4373,.T.);
#3181=EDGE_CURVE('',#3833,#3834,#4374,.T.);
#3182=EDGE_CURVE('',#3835,#3834,#4375,.T.);
#3183=EDGE_CURVE('',#3836,#3835,#4376,.T.);
#3184=EDGE_CURVE('',#3836,#3819,#4377,.T.);
#3185=EDGE_CURVE('',#3818,#3830,#4378,.T.);
#3186=EDGE_CURVE('',#3829,#3832,#4379,.T.);
#3187=EDGE_CURVE('',#3837,#3820,#4380,.T.);
#3188=EDGE_CURVE('',#3837,#3838,#4381,.T.);
#3189=EDGE_CURVE('',#3838,#3821,#4382,.T.);
#3190=EDGE_CURVE('',#3839,#3840,#4383,.T.);
#3191=EDGE_CURVE('',#3840,#3828,#4384,.T.);
#3192=EDGE_CURVE('',#3827,#3839,#4385,.T.);
#3193=EDGE_CURVE('',#3841,#3833,#4386,.T.);
#3194=EDGE_CURVE('',#3841,#3842,#4387,.T.);
#3195=EDGE_CURVE('',#3834,#3842,#4388,.T.);
#3196=EDGE_CURVE('',#3837,#3836,#4389,.T.);
#3197=EDGE_CURVE('',#3835,#3838,#4390,.T.);
#3198=EDGE_CURVE('',#3843,#3844,#4391,.T.);
#3199=EDGE_CURVE('',#3843,#3845,#4392,.T.);
#3200=EDGE_CURVE('',#3845,#3846,#4393,.T.);
#3201=EDGE_CURVE('',#3846,#3847,#4394,.T.);
#3202=EDGE_CURVE('',#3848,#3847,#4395,.T.);
#3203=EDGE_CURVE('',#3848,#3849,#4396,.T.);
#3204=EDGE_CURVE('',#3849,#3850,#4397,.T.);
#3205=EDGE_CURVE('',#3851,#3850,#4398,.T.);
#3206=EDGE_CURVE('',#3852,#3851,#4399,.T.);
#3207=EDGE_CURVE('',#3853,#3852,#4400,.T.);
#3208=EDGE_CURVE('',#3853,#3854,#4401,.T.);
#3209=EDGE_CURVE('',#3844,#3854,#4402,.T.);
#3210=EDGE_CURVE('',#3855,#3856,#4403,.T.);
#3211=EDGE_CURVE('',#3857,#3855,#4404,.T.);
#3212=EDGE_CURVE('',#3857,#3817,#4405,.T.);
#3213=EDGE_CURVE('',#3815,#3822,#4406,.T.);
#3214=EDGE_CURVE('',#3814,#3858,#4407,.T.);
#3215=EDGE_CURVE('',#3858,#3856,#4408,.T.);
#3216=EDGE_CURVE('',#3840,#3855,#4409,.T.);
#3217=EDGE_CURVE('',#3857,#3839,#4410,.T.);
#3218=EDGE_CURVE('',#3813,#3841,#4411,.T.);
#3219=EDGE_CURVE('',#3842,#3816,#4412,.T.);
#3220=EDGE_CURVE('',#3859,#3860,#4413,.T.);
#3221=EDGE_CURVE('',#3859,#3861,#4414,.T.);
#3222=EDGE_CURVE('',#3861,#3862,#4415,.T.);
#3223=EDGE_CURVE('',#3860,#3862,#4416,.T.);
#3224=EDGE_CURVE('',#3863,#3831,#4417,.T.);
#3225=EDGE_CURVE('',#3864,#3863,#4418,.T.);
#3226=EDGE_CURVE('',#3865,#3864,#4419,.T.);
#3227=EDGE_CURVE('',#3865,#3866,#545,.T.);
#3228=EDGE_CURVE('',#3825,#3866,#4420,.T.);
#3229=EDGE_CURVE('',#3867,#3823,#4421,.T.);
#3230=EDGE_CURVE('',#3867,#3861,#546,.T.);
#3231=EDGE_CURVE('',#3868,#3859,#4422,.T.);
#3232=EDGE_CURVE('',#3868,#3869,#4423,.T.);
#3233=EDGE_CURVE('',#3870,#3869,#547,.T.);
#3234=EDGE_CURVE('',#3870,#3871,#4424,.T.);
#3235=EDGE_CURVE('',#3872,#3871,#4425,.T.);
#3236=EDGE_CURVE('',#3873,#3872,#4426,.T.);
#3237=EDGE_CURVE('',#3873,#3858,#4427,.T.);
#3238=EDGE_CURVE('',#3874,#3856,#4428,.T.);
#3239=EDGE_CURVE('',#3874,#3875,#4429,.T.);
#3240=EDGE_CURVE('',#3875,#3876,#4430,.T.);
#3241=EDGE_CURVE('',#3877,#3876,#4431,.T.);
#3242=EDGE_CURVE('',#3877,#3878,#548,.T.);
#3243=EDGE_CURVE('',#3879,#3878,#4432,.T.);
#3244=EDGE_CURVE('',#3879,#3860,#4433,.T.);
#3245=EDGE_CURVE('',#3880,#3862,#549,.T.);
#3246=EDGE_CURVE('',#3880,#3824,#4434,.T.);
#3247=EDGE_CURVE('',#3826,#3881,#4435,.T.);
#3248=EDGE_CURVE('',#3882,#3881,#550,.T.);
#3249=EDGE_CURVE('',#3882,#3883,#4436,.T.);
#3250=EDGE_CURVE('',#3883,#3884,#4437,.T.);
#3251=EDGE_CURVE('',#3884,#3832,#4438,.T.);
#3252=EDGE_CURVE('',#3863,#3884,#4439,.T.);
#3253=EDGE_CURVE('',#3864,#3883,#4440,.T.);
#3254=EDGE_CURVE('',#3873,#3874,#4441,.T.);
#3255=EDGE_CURVE('',#3872,#3875,#4442,.T.);
#3256=EDGE_CURVE('',#3871,#3876,#4443,.T.);
#3257=EDGE_CURVE('',#3870,#3877,#4444,.T.);
#3258=EDGE_CURVE('',#3869,#3878,#4445,.T.);
#3259=EDGE_CURVE('',#3868,#3879,#4446,.T.);
#3260=EDGE_CURVE('',#3867,#3880,#4447,.T.);
#3261=EDGE_CURVE('',#3866,#3881,#4448,.T.);
#3262=EDGE_CURVE('',#3865,#3882,#4449,.T.);
#3263=EDGE_CURVE('',#3885,#3844,#4450,.T.);
#3264=EDGE_CURVE('',#3886,#3885,#4451,.T.);
#3265=EDGE_CURVE('',#3886,#3843,#4452,.T.);
#3266=EDGE_CURVE('',#3887,#3854,#4453,.T.);
#3267=EDGE_CURVE('',#3885,#3887,#4454,.T.);
#3268=EDGE_CURVE('',#3888,#3853,#4455,.T.);
#3269=EDGE_CURVE('',#3888,#3887,#4456,.T.);
#3270=EDGE_CURVE('',#3889,#3852,#4457,.T.);
#3271=EDGE_CURVE('',#3888,#3889,#4458,.T.);
#3272=EDGE_CURVE('',#3890,#3851,#4459,.T.);
#3273=EDGE_CURVE('',#3889,#3890,#4460,.T.);
#3274=EDGE_CURVE('',#3891,#3850,#4461,.T.);
#3275=EDGE_CURVE('',#3890,#3891,#4462,.T.);
#3276=EDGE_CURVE('',#3892,#3849,#4463,.T.);
#3277=EDGE_CURVE('',#3892,#3891,#4464,.T.);
#3278=EDGE_CURVE('',#3893,#3848,#4465,.T.);
#3279=EDGE_CURVE('',#3893,#3892,#4466,.T.);
#3280=EDGE_CURVE('',#3894,#3847,#4467,.T.);
#3281=EDGE_CURVE('',#3893,#3894,#4468,.T.);
#3282=EDGE_CURVE('',#3895,#3846,#4469,.T.);
#3283=EDGE_CURVE('',#3895,#3894,#4470,.T.);
#3284=EDGE_CURVE('',#3896,#3845,#4471,.T.);
#3285=EDGE_CURVE('',#3896,#3895,#4472,.T.);
#3286=EDGE_CURVE('',#3886,#3896,#4473,.T.);
#3287=EDGE_CURVE('',#3897,#3897,#551,.F.);
#3288=EDGE_CURVE('',#3898,#3898,#552,.T.);
#3289=EDGE_CURVE('',#3899,#3899,#553,.T.);
#3290=EDGE_CURVE('',#3900,#3900,#554,.T.);
#3291=EDGE_CURVE('',#3901,#3901,#555,.T.);
#3292=EDGE_CURVE('',#3902,#3902,#556,.T.);
#3293=EDGE_CURVE('',#3903,#3903,#557,.T.);
#3294=EDGE_CURVE('',#3904,#3904,#558,.F.);
#3295=VERTEX_POINT('',#8767);
#3296=VERTEX_POINT('',#8768);
#3297=VERTEX_POINT('',#8770);
#3298=VERTEX_POINT('',#8772);
#3299=VERTEX_POINT('',#8774);
#3300=VERTEX_POINT('',#8776);
#3301=VERTEX_POINT('',#8778);
#3302=VERTEX_POINT('',#8780);
#3303=VERTEX_POINT('',#8782);
#3304=VERTEX_POINT('',#8784);
#3305=VERTEX_POINT('',#8787);
#3306=VERTEX_POINT('',#8788);
#3307=VERTEX_POINT('',#8790);
#3308=VERTEX_POINT('',#8792);
#3309=VERTEX_POINT('',#8794);
#3310=VERTEX_POINT('',#8796);
#3311=VERTEX_POINT('',#8799);
#3312=VERTEX_POINT('',#8800);
#3313=VERTEX_POINT('',#8802);
#3314=VERTEX_POINT('',#8804);
#3315=VERTEX_POINT('',#8806);
#3316=VERTEX_POINT('',#8808);
#3317=VERTEX_POINT('',#8810);
#3318=VERTEX_POINT('',#8812);
#3319=VERTEX_POINT('',#8814);
#3320=VERTEX_POINT('',#8816);
#3321=VERTEX_POINT('',#8818);
#3322=VERTEX_POINT('',#8820);
#3323=VERTEX_POINT('',#8822);
#3324=VERTEX_POINT('',#8824);
#3325=VERTEX_POINT('',#8826);
#3326=VERTEX_POINT('',#8828);
#3327=VERTEX_POINT('',#8830);
#3328=VERTEX_POINT('',#8832);
#3329=VERTEX_POINT('',#8834);
#3330=VERTEX_POINT('',#8836);
#3331=VERTEX_POINT('',#8838);
#3332=VERTEX_POINT('',#8840);
#3333=VERTEX_POINT('',#8842);
#3334=VERTEX_POINT('',#8844);
#3335=VERTEX_POINT('',#8846);
#3336=VERTEX_POINT('',#8848);
#3337=VERTEX_POINT('',#8850);
#3338=VERTEX_POINT('',#8852);
#3339=VERTEX_POINT('',#8854);
#3340=VERTEX_POINT('',#8856);
#3341=VERTEX_POINT('',#8858);
#3342=VERTEX_POINT('',#8860);
#3343=VERTEX_POINT('',#8862);
#3344=VERTEX_POINT('',#8864);
#3345=VERTEX_POINT('',#8866);
#3346=VERTEX_POINT('',#8868);
#3347=VERTEX_POINT('',#8870);
#3348=VERTEX_POINT('',#8872);
#3349=VERTEX_POINT('',#8874);
#3350=VERTEX_POINT('',#8876);
#3351=VERTEX_POINT('',#8878);
#3352=VERTEX_POINT('',#8880);
#3353=VERTEX_POINT('',#8882);
#3354=VERTEX_POINT('',#8884);
#3355=VERTEX_POINT('',#8886);
#3356=VERTEX_POINT('',#8888);
#3357=VERTEX_POINT('',#8890);
#3358=VERTEX_POINT('',#8892);
#3359=VERTEX_POINT('',#8894);
#3360=VERTEX_POINT('',#8896);
#3361=VERTEX_POINT('',#8898);
#3362=VERTEX_POINT('',#8900);
#3363=VERTEX_POINT('',#8902);
#3364=VERTEX_POINT('',#8904);
#3365=VERTEX_POINT('',#8906);
#3366=VERTEX_POINT('',#8908);
#3367=VERTEX_POINT('',#8910);
#3368=VERTEX_POINT('',#8912);
#3369=VERTEX_POINT('',#8914);
#3370=VERTEX_POINT('',#8916);
#3371=VERTEX_POINT('',#8918);
#3372=VERTEX_POINT('',#8920);
#3373=VERTEX_POINT('',#8922);
#3374=VERTEX_POINT('',#8924);
#3375=VERTEX_POINT('',#8926);
#3376=VERTEX_POINT('',#8928);
#3377=VERTEX_POINT('',#8930);
#3378=VERTEX_POINT('',#8932);
#3379=VERTEX_POINT('',#8934);
#3380=VERTEX_POINT('',#8936);
#3381=VERTEX_POINT('',#8938);
#3382=VERTEX_POINT('',#8940);
#3383=VERTEX_POINT('',#8942);
#3384=VERTEX_POINT('',#8944);
#3385=VERTEX_POINT('',#8946);
#3386=VERTEX_POINT('',#8948);
#3387=VERTEX_POINT('',#8950);
#3388=VERTEX_POINT('',#8952);
#3389=VERTEX_POINT('',#8954);
#3390=VERTEX_POINT('',#8956);
#3391=VERTEX_POINT('',#8958);
#3392=VERTEX_POINT('',#8960);
#3393=VERTEX_POINT('',#8962);
#3394=VERTEX_POINT('',#8964);
#3395=VERTEX_POINT('',#8966);
#3396=VERTEX_POINT('',#8968);
#3397=VERTEX_POINT('',#8970);
#3398=VERTEX_POINT('',#8972);
#3399=VERTEX_POINT('',#8974);
#3400=VERTEX_POINT('',#8976);
#3401=VERTEX_POINT('',#8978);
#3402=VERTEX_POINT('',#8980);
#3403=VERTEX_POINT('',#8982);
#3404=VERTEX_POINT('',#8984);
#3405=VERTEX_POINT('',#8988);
#3406=VERTEX_POINT('',#8990);
#3407=VERTEX_POINT('',#8994);
#3408=VERTEX_POINT('',#8995);
#3409=VERTEX_POINT('',#9000);
#3410=VERTEX_POINT('',#9001);
#3411=VERTEX_POINT('',#9006);
#3412=VERTEX_POINT('',#9007);
#3413=VERTEX_POINT('',#9012);
#3414=VERTEX_POINT('',#9013);
#3415=VERTEX_POINT('',#9018);
#3416=VERTEX_POINT('',#9019);
#3417=VERTEX_POINT('',#9024);
#3418=VERTEX_POINT('',#9025);
#3419=VERTEX_POINT('',#9030);
#3420=VERTEX_POINT('',#9031);
#3421=VERTEX_POINT('',#9036);
#3422=VERTEX_POINT('',#9037);
#3423=VERTEX_POINT('',#9042);
#3424=VERTEX_POINT('',#9043);
#3425=VERTEX_POINT('',#9048);
#3426=VERTEX_POINT('',#9049);
#3427=VERTEX_POINT('',#9054);
#3428=VERTEX_POINT('',#9055);
#3429=VERTEX_POINT('',#9060);
#3430=VERTEX_POINT('',#9061);
#3431=VERTEX_POINT('',#9066);
#3432=VERTEX_POINT('',#9067);
#3433=VERTEX_POINT('',#9072);
#3434=VERTEX_POINT('',#9073);
#3435=VERTEX_POINT('',#9078);
#3436=VERTEX_POINT('',#9079);
#3437=VERTEX_POINT('',#9084);
#3438=VERTEX_POINT('',#9085);
#3439=VERTEX_POINT('',#9090);
#3440=VERTEX_POINT('',#9091);
#3441=VERTEX_POINT('',#9096);
#3442=VERTEX_POINT('',#9097);
#3443=VERTEX_POINT('',#9102);
#3444=VERTEX_POINT('',#9103);
#3445=VERTEX_POINT('',#9108);
#3446=VERTEX_POINT('',#9109);
#3447=VERTEX_POINT('',#9114);
#3448=VERTEX_POINT('',#9115);
#3449=VERTEX_POINT('',#9120);
#3450=VERTEX_POINT('',#9121);
#3451=VERTEX_POINT('',#9126);
#3452=VERTEX_POINT('',#9127);
#3453=VERTEX_POINT('',#9132);
#3454=VERTEX_POINT('',#9133);
#3455=VERTEX_POINT('',#9138);
#3456=VERTEX_POINT('',#9139);
#3457=VERTEX_POINT('',#9144);
#3458=VERTEX_POINT('',#9145);
#3459=VERTEX_POINT('',#9150);
#3460=VERTEX_POINT('',#9151);
#3461=VERTEX_POINT('',#9156);
#3462=VERTEX_POINT('',#9157);
#3463=VERTEX_POINT('',#9162);
#3464=VERTEX_POINT('',#9163);
#3465=VERTEX_POINT('',#9168);
#3466=VERTEX_POINT('',#9169);
#3467=VERTEX_POINT('',#9174);
#3468=VERTEX_POINT('',#9175);
#3469=VERTEX_POINT('',#9180);
#3470=VERTEX_POINT('',#9181);
#3471=VERTEX_POINT('',#9186);
#3472=VERTEX_POINT('',#9187);
#3473=VERTEX_POINT('',#9192);
#3474=VERTEX_POINT('',#9193);
#3475=VERTEX_POINT('',#9198);
#3476=VERTEX_POINT('',#9199);
#3477=VERTEX_POINT('',#9204);
#3478=VERTEX_POINT('',#9205);
#3479=VERTEX_POINT('',#9210);
#3480=VERTEX_POINT('',#9211);
#3481=VERTEX_POINT('',#9216);
#3482=VERTEX_POINT('',#9217);
#3483=VERTEX_POINT('',#9222);
#3484=VERTEX_POINT('',#9223);
#3485=VERTEX_POINT('',#9228);
#3486=VERTEX_POINT('',#9229);
#3487=VERTEX_POINT('',#9234);
#3488=VERTEX_POINT('',#9235);
#3489=VERTEX_POINT('',#9240);
#3490=VERTEX_POINT('',#9241);
#3491=VERTEX_POINT('',#9246);
#3492=VERTEX_POINT('',#9247);
#3493=VERTEX_POINT('',#9252);
#3494=VERTEX_POINT('',#9253);
#3495=VERTEX_POINT('',#9258);
#3496=VERTEX_POINT('',#9259);
#3497=VERTEX_POINT('',#9264);
#3498=VERTEX_POINT('',#9265);
#3499=VERTEX_POINT('',#9267);
#3500=VERTEX_POINT('',#9269);
#3501=VERTEX_POINT('',#9271);
#3502=VERTEX_POINT('',#9275);
#3503=VERTEX_POINT('',#9277);
#3504=VERTEX_POINT('',#9279);
#3505=VERTEX_POINT('',#9281);
#3506=VERTEX_POINT('',#9285);
#3507=VERTEX_POINT('',#9286);
#3508=VERTEX_POINT('',#9288);
#3509=VERTEX_POINT('',#9290);
#3510=VERTEX_POINT('',#9292);
#3511=VERTEX_POINT('',#9294);
#3512=VERTEX_POINT('',#9296);
#3513=VERTEX_POINT('',#9298);
#3514=VERTEX_POINT('',#9302);
#3515=VERTEX_POINT('',#9304);
#3516=VERTEX_POINT('',#9306);
#3517=VERTEX_POINT('',#9308);
#3518=VERTEX_POINT('',#9310);
#3519=VERTEX_POINT('',#9312);
#3520=VERTEX_POINT('',#9316);
#3521=VERTEX_POINT('',#9318);
#3522=VERTEX_POINT('',#9320);
#3523=VERTEX_POINT('',#9322);
#3524=VERTEX_POINT('',#9324);
#3525=VERTEX_POINT('',#9326);
#3526=VERTEX_POINT('',#9330);
#3527=VERTEX_POINT('',#9332);
#3528=VERTEX_POINT('',#9336);
#3529=VERTEX_POINT('',#9337);
#3530=VERTEX_POINT('',#9339);
#3531=VERTEX_POINT('',#9342);
#3532=VERTEX_POINT('',#9348);
#3533=VERTEX_POINT('',#9352);
#3534=VERTEX_POINT('',#9356);
#3535=VERTEX_POINT('',#9360);
#3536=VERTEX_POINT('',#9363);
#3537=VERTEX_POINT('',#9367);
#3538=VERTEX_POINT('',#9368);
#3539=VERTEX_POINT('',#9370);
#3540=VERTEX_POINT('',#9372);
#3541=VERTEX_POINT('',#9376);
#3542=VERTEX_POINT('',#9377);
#3543=VERTEX_POINT('',#9379);
#3544=VERTEX_POINT('',#9381);
#3545=VERTEX_POINT('',#9385);
#3546=VERTEX_POINT('',#9387);
#3547=VERTEX_POINT('',#9394);
#3548=VERTEX_POINT('',#9396);
#3549=VERTEX_POINT('',#9399);
#3550=VERTEX_POINT('',#9401);
#3551=VERTEX_POINT('',#9405);
#3552=VERTEX_POINT('',#9407);
#3553=VERTEX_POINT('',#9411);
#3554=VERTEX_POINT('',#9412);
#3555=VERTEX_POINT('',#9415);
#3556=VERTEX_POINT('',#9417);
#3557=VERTEX_POINT('',#9421);
#3558=VERTEX_POINT('',#9422);
#3559=VERTEX_POINT('',#9424);
#3560=VERTEX_POINT('',#9426);
#3561=VERTEX_POINT('',#9430);
#3562=VERTEX_POINT('',#9432);
#3563=VERTEX_POINT('',#9436);
#3564=VERTEX_POINT('',#9437);
#3565=VERTEX_POINT('',#9439);
#3566=VERTEX_POINT('',#9441);
#3567=VERTEX_POINT('',#9444);
#3568=VERTEX_POINT('',#9446);
#3569=VERTEX_POINT('',#9450);
#3570=VERTEX_POINT('',#9454);
#3571=VERTEX_POINT('',#9458);
#3572=VERTEX_POINT('',#9462);
#3573=VERTEX_POINT('',#9466);
#3574=VERTEX_POINT('',#9470);
#3575=VERTEX_POINT('',#9472);
#3576=VERTEX_POINT('',#9482);
#3577=VERTEX_POINT('',#9484);
#3578=VERTEX_POINT('',#9488);
#3579=VERTEX_POINT('',#9489);
#3580=VERTEX_POINT('',#9494);
#3581=VERTEX_POINT('',#9496);
#3582=VERTEX_POINT('',#9500);
#3583=VERTEX_POINT('',#9502);
#3584=VERTEX_POINT('',#9512);
#3585=VERTEX_POINT('',#9514);
#3586=VERTEX_POINT('',#9518);
#3587=VERTEX_POINT('',#9520);
#3588=VERTEX_POINT('',#9531);
#3589=VERTEX_POINT('',#9532);
#3590=VERTEX_POINT('',#9537);
#3591=VERTEX_POINT('',#9541);
#3592=VERTEX_POINT('',#9546);
#3593=VERTEX_POINT('',#9550);
#3594=VERTEX_POINT('',#9552);
#3595=VERTEX_POINT('',#9607);
#3596=VERTEX_POINT('',#9623);
#3597=VERTEX_POINT('',#9625);
#3598=VERTEX_POINT('',#9627);
#3599=VERTEX_POINT('',#9629);
#3600=VERTEX_POINT('',#9631);
#3601=VERTEX_POINT('',#9633);
#3602=VERTEX_POINT('',#9637);
#3603=VERTEX_POINT('',#9639);
#3604=VERTEX_POINT('',#9641);
#3605=VERTEX_POINT('',#9643);
#3606=VERTEX_POINT('',#9645);
#3607=VERTEX_POINT('',#9647);
#3608=VERTEX_POINT('',#9655);
#3609=VERTEX_POINT('',#9656);
#3610=VERTEX_POINT('',#9663);
#3611=VERTEX_POINT('',#9667);
#3612=VERTEX_POINT('',#9670);
#3613=VERTEX_POINT('',#9731);
#3614=VERTEX_POINT('',#9732);
#3615=VERTEX_POINT('',#9738);
#3616=VERTEX_POINT('',#9744);
#3617=VERTEX_POINT('',#9747);
#3618=VERTEX_POINT('',#9748);
#3619=VERTEX_POINT('',#9750);
#3620=VERTEX_POINT('',#9752);
#3621=VERTEX_POINT('',#9754);
#3622=VERTEX_POINT('',#9756);
#3623=VERTEX_POINT('',#9758);
#3624=VERTEX_POINT('',#9760);
#3625=VERTEX_POINT('',#9762);
#3626=VERTEX_POINT('',#9764);
#3627=VERTEX_POINT('',#9766);
#3628=VERTEX_POINT('',#9768);
#3629=VERTEX_POINT('',#9770);
#3630=VERTEX_POINT('',#9772);
#3631=VERTEX_POINT('',#9774);
#3632=VERTEX_POINT('',#9776);
#3633=VERTEX_POINT('',#9778);
#3634=VERTEX_POINT('',#9780);
#3635=VERTEX_POINT('',#9782);
#3636=VERTEX_POINT('',#9784);
#3637=VERTEX_POINT('',#9786);
#3638=VERTEX_POINT('',#9788);
#3639=VERTEX_POINT('',#9790);
#3640=VERTEX_POINT('',#9792);
#3641=VERTEX_POINT('',#9794);
#3642=VERTEX_POINT('',#9796);
#3643=VERTEX_POINT('',#9798);
#3644=VERTEX_POINT('',#9800);
#3645=VERTEX_POINT('',#9802);
#3646=VERTEX_POINT('',#9804);
#3647=VERTEX_POINT('',#9806);
#3648=VERTEX_POINT('',#9808);
#3649=VERTEX_POINT('',#9810);
#3650=VERTEX_POINT('',#9812);
#3651=VERTEX_POINT('',#9814);
#3652=VERTEX_POINT('',#9816);
#3653=VERTEX_POINT('',#9818);
#3654=VERTEX_POINT('',#9820);
#3655=VERTEX_POINT('',#9822);
#3656=VERTEX_POINT('',#9824);
#3657=VERTEX_POINT('',#9826);
#3658=VERTEX_POINT('',#9828);
#3659=VERTEX_POINT('',#9830);
#3660=VERTEX_POINT('',#9832);
#3661=VERTEX_POINT('',#9834);
#3662=VERTEX_POINT('',#9836);
#3663=VERTEX_POINT('',#9838);
#3664=VERTEX_POINT('',#9840);
#3665=VERTEX_POINT('',#9842);
#3666=VERTEX_POINT('',#9844);
#3667=VERTEX_POINT('',#9846);
#3668=VERTEX_POINT('',#9848);
#3669=VERTEX_POINT('',#9850);
#3670=VERTEX_POINT('',#9852);
#3671=VERTEX_POINT('',#9854);
#3672=VERTEX_POINT('',#9856);
#3673=VERTEX_POINT('',#9858);
#3674=VERTEX_POINT('',#9860);
#3675=VERTEX_POINT('',#9862);
#3676=VERTEX_POINT('',#9864);
#3677=VERTEX_POINT('',#9866);
#3678=VERTEX_POINT('',#9868);
#3679=VERTEX_POINT('',#9870);
#3680=VERTEX_POINT('',#9872);
#3681=VERTEX_POINT('',#9874);
#3682=VERTEX_POINT('',#9876);
#3683=VERTEX_POINT('',#9878);
#3684=VERTEX_POINT('',#9880);
#3685=VERTEX_POINT('',#9882);
#3686=VERTEX_POINT('',#9884);
#3687=VERTEX_POINT('',#9886);
#3688=VERTEX_POINT('',#9888);
#3689=VERTEX_POINT('',#9890);
#3690=VERTEX_POINT('',#9892);
#3691=VERTEX_POINT('',#9894);
#3692=VERTEX_POINT('',#9896);
#3693=VERTEX_POINT('',#9898);
#3694=VERTEX_POINT('',#9900);
#3695=VERTEX_POINT('',#9902);
#3696=VERTEX_POINT('',#9904);
#3697=VERTEX_POINT('',#9906);
#3698=VERTEX_POINT('',#9908);
#3699=VERTEX_POINT('',#9910);
#3700=VERTEX_POINT('',#9912);
#3701=VERTEX_POINT('',#9914);
#3702=VERTEX_POINT('',#9916);
#3703=VERTEX_POINT('',#9918);
#3704=VERTEX_POINT('',#9920);
#3705=VERTEX_POINT('',#9922);
#3706=VERTEX_POINT('',#9924);
#3707=VERTEX_POINT('',#9926);
#3708=VERTEX_POINT('',#9928);
#3709=VERTEX_POINT('',#9930);
#3710=VERTEX_POINT('',#9932);
#3711=VERTEX_POINT('',#9936);
#3712=VERTEX_POINT('',#9938);
#3713=VERTEX_POINT('',#9939);
#3714=VERTEX_POINT('',#9941);
#3715=VERTEX_POINT('',#9943);
#3716=VERTEX_POINT('',#9945);
#3717=VERTEX_POINT('',#9947);
#3718=VERTEX_POINT('',#9949);
#3719=VERTEX_POINT('',#9951);
#3720=VERTEX_POINT('',#9953);
#3721=VERTEX_POINT('',#9955);
#3722=VERTEX_POINT('',#9957);
#3723=VERTEX_POINT('',#9959);
#3724=VERTEX_POINT('',#9961);
#3725=VERTEX_POINT('',#9963);
#3726=VERTEX_POINT('',#9965);
#3727=VERTEX_POINT('',#9967);
#3728=VERTEX_POINT('',#9969);
#3729=VERTEX_POINT('',#9971);
#3730=VERTEX_POINT('',#9973);
#3731=VERTEX_POINT('',#9975);
#3732=VERTEX_POINT('',#9977);
#3733=VERTEX_POINT('',#9979);
#3734=VERTEX_POINT('',#9981);
#3735=VERTEX_POINT('',#9983);
#3736=VERTEX_POINT('',#9985);
#3737=VERTEX_POINT('',#9987);
#3738=VERTEX_POINT('',#9989);
#3739=VERTEX_POINT('',#9991);
#3740=VERTEX_POINT('',#9993);
#3741=VERTEX_POINT('',#9995);
#3742=VERTEX_POINT('',#9997);
#3743=VERTEX_POINT('',#9999);
#3744=VERTEX_POINT('',#10001);
#3745=VERTEX_POINT('',#10003);
#3746=VERTEX_POINT('',#10005);
#3747=VERTEX_POINT('',#10007);
#3748=VERTEX_POINT('',#10009);
#3749=VERTEX_POINT('',#10011);
#3750=VERTEX_POINT('',#10013);
#3751=VERTEX_POINT('',#10015);
#3752=VERTEX_POINT('',#10017);
#3753=VERTEX_POINT('',#10019);
#3754=VERTEX_POINT('',#10021);
#3755=VERTEX_POINT('',#10023);
#3756=VERTEX_POINT('',#10025);
#3757=VERTEX_POINT('',#10027);
#3758=VERTEX_POINT('',#10029);
#3759=VERTEX_POINT('',#10031);
#3760=VERTEX_POINT('',#10033);
#3761=VERTEX_POINT('',#10035);
#3762=VERTEX_POINT('',#10037);
#3763=VERTEX_POINT('',#10039);
#3764=VERTEX_POINT('',#10041);
#3765=VERTEX_POINT('',#10043);
#3766=VERTEX_POINT('',#10045);
#3767=VERTEX_POINT('',#10047);
#3768=VERTEX_POINT('',#10049);
#3769=VERTEX_POINT('',#10051);
#3770=VERTEX_POINT('',#10053);
#3771=VERTEX_POINT('',#10055);
#3772=VERTEX_POINT('',#10057);
#3773=VERTEX_POINT('',#10059);
#3774=VERTEX_POINT('',#10061);
#3775=VERTEX_POINT('',#10063);
#3776=VERTEX_POINT('',#10065);
#3777=VERTEX_POINT('',#10067);
#3778=VERTEX_POINT('',#10069);
#3779=VERTEX_POINT('',#10071);
#3780=VERTEX_POINT('',#10073);
#3781=VERTEX_POINT('',#10075);
#3782=VERTEX_POINT('',#10077);
#3783=VERTEX_POINT('',#10079);
#3784=VERTEX_POINT('',#10081);
#3785=VERTEX_POINT('',#10083);
#3786=VERTEX_POINT('',#10085);
#3787=VERTEX_POINT('',#10087);
#3788=VERTEX_POINT('',#10089);
#3789=VERTEX_POINT('',#10091);
#3790=VERTEX_POINT('',#10093);
#3791=VERTEX_POINT('',#10095);
#3792=VERTEX_POINT('',#10097);
#3793=VERTEX_POINT('',#10099);
#3794=VERTEX_POINT('',#10101);
#3795=VERTEX_POINT('',#10103);
#3796=VERTEX_POINT('',#10105);
#3797=VERTEX_POINT('',#10107);
#3798=VERTEX_POINT('',#10109);
#3799=VERTEX_POINT('',#10111);
#3800=VERTEX_POINT('',#10113);
#3801=VERTEX_POINT('',#10115);
#3802=VERTEX_POINT('',#10117);
#3803=VERTEX_POINT('',#10119);
#3804=VERTEX_POINT('',#10121);
#3805=VERTEX_POINT('',#10123);
#3806=VERTEX_POINT('',#10127);
#3807=VERTEX_POINT('',#10134);
#3808=VERTEX_POINT('',#10135);
#3809=VERTEX_POINT('',#10140);
#3810=VERTEX_POINT('',#10142);
#3811=VERTEX_POINT('',#10149);
#3812=VERTEX_POINT('',#10150);
#3813=VERTEX_POINT('',#11995);
#3814=VERTEX_POINT('',#11996);
#3815=VERTEX_POINT('',#11998);
#3816=VERTEX_POINT('',#12000);
#3817=VERTEX_POINT('',#12004);
#3818=VERTEX_POINT('',#12005);
#3819=VERTEX_POINT('',#12007);
#3820=VERTEX_POINT('',#12009);
#3821=VERTEX_POINT('',#12011);
#3822=VERTEX_POINT('',#12013);
#3823=VERTEX_POINT('',#12016);
#3824=VERTEX_POINT('',#12017);
#3825=VERTEX_POINT('',#12019);
#3826=VERTEX_POINT('',#12021);
#3827=VERTEX_POINT('',#12025);
#3828=VERTEX_POINT('',#12026);
#3829=VERTEX_POINT('',#12028);
#3830=VERTEX_POINT('',#12030);
#3831=VERTEX_POINT('',#12034);
#3832=VERTEX_POINT('',#12035);
#3833=VERTEX_POINT('',#12037);
#3834=VERTEX_POINT('',#12039);
#3835=VERTEX_POINT('',#12041);
#3836=VERTEX_POINT('',#12043);
#3837=VERTEX_POINT('',#12049);
#3838=VERTEX_POINT('',#12051);
#3839=VERTEX_POINT('',#12055);
#3840=VERTEX_POINT('',#12056);
#3841=VERTEX_POINT('',#12061);
#3842=VERTEX_POINT('',#12063);
#3843=VERTEX_POINT('',#12070);
#3844=VERTEX_POINT('',#12071);
#3845=VERTEX_POINT('',#12073);
#3846=VERTEX_POINT('',#12075);
#3847=VERTEX_POINT('',#12077);
#3848=VERTEX_POINT('',#12079);
#3849=VERTEX_POINT('',#12081);
#3850=VERTEX_POINT('',#12083);
#3851=VERTEX_POINT('',#12085);
#3852=VERTEX_POINT('',#12087);
#3853=VERTEX_POINT('',#12089);
#3854=VERTEX_POINT('',#12091);
#3855=VERTEX_POINT('',#12094);
#3856=VERTEX_POINT('',#12095);
#3857=VERTEX_POINT('',#12097);
#3858=VERTEX_POINT('',#12101);
#3859=VERTEX_POINT('',#12113);
#3860=VERTEX_POINT('',#12114);
#3861=VERTEX_POINT('',#12116);
#3862=VERTEX_POINT('',#12118);
#3863=VERTEX_POINT('',#12122);
#3864=VERTEX_POINT('',#12124);
#3865=VERTEX_POINT('',#12126);
#3866=VERTEX_POINT('',#12128);
#3867=VERTEX_POINT('',#12131);
#3868=VERTEX_POINT('',#12134);
#3869=VERTEX_POINT('',#12136);
#3870=VERTEX_POINT('',#12138);
#3871=VERTEX_POINT('',#12140);
#3872=VERTEX_POINT('',#12142);
#3873=VERTEX_POINT('',#12144);
#3874=VERTEX_POINT('',#12148);
#3875=VERTEX_POINT('',#12150);
#3876=VERTEX_POINT('',#12152);
#3877=VERTEX_POINT('',#12154);
#3878=VERTEX_POINT('',#12156);
#3879=VERTEX_POINT('',#12158);
#3880=VERTEX_POINT('',#12161);
#3881=VERTEX_POINT('',#12164);
#3882=VERTEX_POINT('',#12166);
#3883=VERTEX_POINT('',#12168);
#3884=VERTEX_POINT('',#12170);
#3885=VERTEX_POINT('',#12200);
#3886=VERTEX_POINT('',#12202);
#3887=VERTEX_POINT('',#12206);
#3888=VERTEX_POINT('',#12210);
#3889=VERTEX_POINT('',#12214);
#3890=VERTEX_POINT('',#12218);
#3891=VERTEX_POINT('',#12222);
#3892=VERTEX_POINT('',#12226);
#3893=VERTEX_POINT('',#12230);
#3894=VERTEX_POINT('',#12234);
#3895=VERTEX_POINT('',#12238);
#3896=VERTEX_POINT('',#12242);
#3897=VERTEX_POINT('',#12250);
#3898=VERTEX_POINT('',#12252);
#3899=VERTEX_POINT('',#12255);
#3900=VERTEX_POINT('',#12258);
#3901=VERTEX_POINT('',#12261);
#3902=VERTEX_POINT('',#12264);
#3903=VERTEX_POINT('',#12267);
#3904=VERTEX_POINT('',#12270);
#3905=LINE('',#8766,#4474);
#3906=LINE('',#8769,#4475);
#3907=LINE('',#8771,#4476);
#3908=LINE('',#8773,#4477);
#3909=LINE('',#8777,#4478);
#3910=LINE('',#8779,#4479);
#3911=LINE('',#8781,#4480);
#3912=LINE('',#8783,#4481);
#3913=LINE('',#8786,#4482);
#3914=LINE('',#8789,#4483);
#3915=LINE('',#8791,#4484);
#3916=LINE('',#8793,#4485);
#3917=LINE('',#8795,#4486);
#3918=LINE('',#8797,#4487);
#3919=LINE('',#8987,#4488);
#3920=LINE('',#8991,#4489);
#3921=LINE('',#8996,#4490);
#3922=LINE('',#8997,#4491);
#3923=LINE('',#9002,#4492);
#3924=LINE('',#9003,#4493);
#3925=LINE('',#9008,#4494);
#3926=LINE('',#9009,#4495);
#3927=LINE('',#9014,#4496);
#3928=LINE('',#9015,#4497);
#3929=LINE('',#9020,#4498);
#3930=LINE('',#9021,#4499);
#3931=LINE('',#9026,#4500);
#3932=LINE('',#9027,#4501);
#3933=LINE('',#9032,#4502);
#3934=LINE('',#9033,#4503);
#3935=LINE('',#9038,#4504);
#3936=LINE('',#9039,#4505);
#3937=LINE('',#9044,#4506);
#3938=LINE('',#9045,#4507);
#3939=LINE('',#9050,#4508);
#3940=LINE('',#9051,#4509);
#3941=LINE('',#9056,#4510);
#3942=LINE('',#9057,#4511);
#3943=LINE('',#9062,#4512);
#3944=LINE('',#9063,#4513);
#3945=LINE('',#9068,#4514);
#3946=LINE('',#9069,#4515);
#3947=LINE('',#9074,#4516);
#3948=LINE('',#9075,#4517);
#3949=LINE('',#9080,#4518);
#3950=LINE('',#9081,#4519);
#3951=LINE('',#9086,#4520);
#3952=LINE('',#9087,#4521);
#3953=LINE('',#9092,#4522);
#3954=LINE('',#9093,#4523);
#3955=LINE('',#9098,#4524);
#3956=LINE('',#9099,#4525);
#3957=LINE('',#9104,#4526);
#3958=LINE('',#9105,#4527);
#3959=LINE('',#9110,#4528);
#3960=LINE('',#9111,#4529);
#3961=LINE('',#9116,#4530);
#3962=LINE('',#9117,#4531);
#3963=LINE('',#9122,#4532);
#3964=LINE('',#9123,#4533);
#3965=LINE('',#9128,#4534);
#3966=LINE('',#9129,#4535);
#3967=LINE('',#9134,#4536);
#3968=LINE('',#9135,#4537);
#3969=LINE('',#9140,#4538);
#3970=LINE('',#9141,#4539);
#3971=LINE('',#9146,#4540);
#3972=LINE('',#9147,#4541);
#3973=LINE('',#9152,#4542);
#3974=LINE('',#9153,#4543);
#3975=LINE('',#9158,#4544);
#3976=LINE('',#9159,#4545);
#3977=LINE('',#9164,#4546);
#3978=LINE('',#9165,#4547);
#3979=LINE('',#9170,#4548);
#3980=LINE('',#9171,#4549);
#3981=LINE('',#9176,#4550);
#3982=LINE('',#9177,#4551);
#3983=LINE('',#9182,#4552);
#3984=LINE('',#9183,#4553);
#3985=LINE('',#9188,#4554);
#3986=LINE('',#9189,#4555);
#3987=LINE('',#9194,#4556);
#3988=LINE('',#9195,#4557);
#3989=LINE('',#9200,#4558);
#3990=LINE('',#9201,#4559);
#3991=LINE('',#9206,#4560);
#3992=LINE('',#9207,#4561);
#3993=LINE('',#9212,#4562);
#3994=LINE('',#9213,#4563);
#3995=LINE('',#9218,#4564);
#3996=LINE('',#9219,#4565);
#3997=LINE('',#9224,#4566);
#3998=LINE('',#9225,#4567);
#3999=LINE('',#9230,#4568);
#4000=LINE('',#9231,#4569);
#4001=LINE('',#9236,#4570);
#4002=LINE('',#9237,#4571);
#4003=LINE('',#9242,#4572);
#4004=LINE('',#9243,#4573);
#4005=LINE('',#9248,#4574);
#4006=LINE('',#9249,#4575);
#4007=LINE('',#9254,#4576);
#4008=LINE('',#9255,#4577);
#4009=LINE('',#9260,#4578);
#4010=LINE('',#9261,#4579);
#4011=LINE('',#9263,#4580);
#4012=LINE('',#9268,#4581);
#4013=LINE('',#9270,#4582);
#4014=LINE('',#9272,#4583);
#4015=LINE('',#9276,#4584);
#4016=LINE('',#9278,#4585);
#4017=LINE('',#9280,#4586);
#4018=LINE('',#9282,#4587);
#4019=LINE('',#9284,#4588);
#4020=LINE('',#9287,#4589);
#4021=LINE('',#9289,#4590);
#4022=LINE('',#9291,#4591);
#4023=LINE('',#9293,#4592);
#4024=LINE('',#9295,#4593);
#4025=LINE('',#9297,#4594);
#4026=LINE('',#9299,#4595);
#4027=LINE('',#9301,#4596);
#4028=LINE('',#9305,#4597);
#4029=LINE('',#9309,#4598);
#4030=LINE('',#9313,#4599);
#4031=LINE('',#9315,#4600);
#4032=LINE('',#9317,#4601);
#4033=LINE('',#9321,#4602);
#4034=LINE('',#9325,#4603);
#4035=LINE('',#9329,#4604);
#4036=LINE('',#9331,#4605);
#4037=LINE('',#9333,#4606);
#4038=LINE('',#9335,#4607);
#4039=LINE('',#9338,#4608);
#4040=LINE('',#9340,#4609);
#4041=LINE('',#9341,#4610);
#4042=LINE('',#9343,#4611);
#4043=LINE('',#9349,#4612);
#4044=LINE('',#9351,#4613);
#4045=LINE('',#9353,#4614);
#4046=LINE('',#9357,#4615);
#4047=LINE('',#9359,#4616);
#4048=LINE('',#9361,#4617);
#4049=LINE('',#9362,#4618);
#4050=LINE('',#9364,#4619);
#4051=LINE('',#9366,#4620);
#4052=LINE('',#9369,#4621);
#4053=LINE('',#9371,#4622);
#4054=LINE('',#9373,#4623);
#4055=LINE('',#9375,#4624);
#4056=LINE('',#9380,#4625);
#4057=LINE('',#9384,#4626);
#4058=LINE('',#9386,#4627);
#4059=LINE('',#9388,#4628);
#4060=LINE('',#9390,#4629);
#4061=LINE('',#9391,#4630);
#4062=LINE('',#9393,#4631);
#4063=LINE('',#9395,#4632);
#4064=LINE('',#9397,#4633);
#4065=LINE('',#9398,#4634);
#4066=LINE('',#9400,#4635);
#4067=LINE('',#9402,#4636);
#4068=LINE('',#9404,#4637);
#4069=LINE('',#9406,#4638);
#4070=LINE('',#9408,#4639);
#4071=LINE('',#9410,#4640);
#4072=LINE('',#9413,#4641);
#4073=LINE('',#9414,#4642);
#4074=LINE('',#9416,#4643);
#4075=LINE('',#9418,#4644);
#4076=LINE('',#9423,#4645);
#4077=LINE('',#9425,#4646);
#4078=LINE('',#9427,#4647);
#4079=LINE('',#9431,#4648);
#4080=LINE('',#9433,#4649);
#4081=LINE('',#9435,#4650);
#4082=LINE('',#9438,#4651);
#4083=LINE('',#9440,#4652);
#4084=LINE('',#9442,#4653);
#4085=LINE('',#9443,#4654);
#4086=LINE('',#9445,#4655);
#4087=LINE('',#9447,#4656);
#4088=LINE('',#9451,#4657);
#4089=LINE('',#9453,#4658);
#4090=LINE('',#9455,#4659);
#4091=LINE('',#9459,#4660);
#4092=LINE('',#9461,#4661);
#4093=LINE('',#9463,#4662);
#4094=LINE('',#9467,#4663);
#4095=LINE('',#9469,#4664);
#4096=LINE('',#9471,#4665);
#4097=LINE('',#9473,#4666);
#4098=LINE('',#9474,#4667);
#4099=LINE('',#9475,#4668);
#4100=LINE('',#9477,#4669);
#4101=LINE('',#9478,#4670);
#4102=LINE('',#9479,#4671);
#4103=LINE('',#9485,#4672);
#4104=LINE('',#9487,#4673);
#4105=LINE('',#9490,#4674);
#4106=LINE('',#9491,#4675);
#4107=LINE('',#9493,#4676);
#4108=LINE('',#9495,#4677);
#4109=LINE('',#9497,#4678);
#4110=LINE('',#9499,#4679);
#4111=LINE('',#9501,#4680);
#4112=LINE('',#9503,#4681);
#4113=LINE('',#9505,#4682);
#4114=LINE('',#9506,#4683);
#4115=LINE('',#9507,#4684);
#4116=LINE('',#9508,#4685);
#4117=LINE('',#9509,#4686);
#4118=LINE('',#9511,#4687);
#4119=LINE('',#9513,#4688);
#4120=LINE('',#9515,#4689);
#4121=LINE('',#9517,#4690);
#4122=LINE('',#9519,#4691);
#4123=LINE('',#9521,#4692);
#4124=LINE('',#9523,#4693);
#4125=LINE('',#9524,#4694);
#4126=LINE('',#9526,#4695);
#4127=LINE('',#9528,#4696);
#4128=LINE('',#9533,#4697);
#4129=LINE('',#9534,#4698);
#4130=LINE('',#9536,#4699);
#4131=LINE('',#9538,#4700);
#4132=LINE('',#9540,#4701);
#4133=LINE('',#9542,#4702);
#4134=LINE('',#9544,#4703);
#4135=LINE('',#9545,#4704);
#4136=LINE('',#9547,#4705);
#4137=LINE('',#9549,#4706);
#4138=LINE('',#9551,#4707);
#4139=LINE('',#9553,#4708);
#4140=LINE('',#9606,#4709);
#4141=LINE('',#9608,#4710);
#4142=LINE('',#9610,#4711);
#4143=LINE('',#9613,#4712);
#4144=LINE('',#9617,#4713);
#4145=LINE('',#9619,#4714);
#4146=LINE('',#9622,#4715);
#4147=LINE('',#9624,#4716);
#4148=LINE('',#9626,#4717);
#4149=LINE('',#9628,#4718);
#4150=LINE('',#9630,#4719);
#4151=LINE('',#9632,#4720);
#4152=LINE('',#9634,#4721);
#4153=LINE('',#9636,#4722);
#4154=LINE('',#9638,#4723);
#4155=LINE('',#9640,#4724);
#4156=LINE('',#9642,#4725);
#4157=LINE('',#9644,#4726);
#4158=LINE('',#9646,#4727);
#4159=LINE('',#9648,#4728);
#4160=LINE('',#9657,#4729);
#4161=LINE('',#9658,#4730);
#4162=LINE('',#9662,#4731);
#4163=LINE('',#9664,#4732);
#4164=LINE('',#9666,#4733);
#4165=LINE('',#9672,#4734);
#4166=LINE('',#9746,#4735);
#4167=LINE('',#9751,#4736);
#4168=LINE('',#9755,#4737);
#4169=LINE('',#9759,#4738);
#4170=LINE('',#9763,#4739);
#4171=LINE('',#9767,#4740);
#4172=LINE('',#9771,#4741);
#4173=LINE('',#9775,#4742);
#4174=LINE('',#9779,#4743);
#4175=LINE('',#9783,#4744);
#4176=LINE('',#9787,#4745);
#4177=LINE('',#9791,#4746);
#4178=LINE('',#9795,#4747);
#4179=LINE('',#9799,#4748);
#4180=LINE('',#9803,#4749);
#4181=LINE('',#9807,#4750);
#4182=LINE('',#9811,#4751);
#4183=LINE('',#9815,#4752);
#4184=LINE('',#9819,#4753);
#4185=LINE('',#9823,#4754);
#4186=LINE('',#9827,#4755);
#4187=LINE('',#9831,#4756);
#4188=LINE('',#9835,#4757);
#4189=LINE('',#9839,#4758);
#4190=LINE('',#9843,#4759);
#4191=LINE('',#9847,#4760);
#4192=LINE('',#9851,#4761);
#4193=LINE('',#9855,#4762);
#4194=LINE('',#9859,#4763);
#4195=LINE('',#9863,#4764);
#4196=LINE('',#9867,#4765);
#4197=LINE('',#9871,#4766);
#4198=LINE('',#9875,#4767);
#4199=LINE('',#9879,#4768);
#4200=LINE('',#9883,#4769);
#4201=LINE('',#9887,#4770);
#4202=LINE('',#9891,#4771);
#4203=LINE('',#9895,#4772);
#4204=LINE('',#9899,#4773);
#4205=LINE('',#9903,#4774);
#4206=LINE('',#9907,#4775);
#4207=LINE('',#9911,#4776);
#4208=LINE('',#9915,#4777);
#4209=LINE('',#9919,#4778);
#4210=LINE('',#9923,#4779);
#4211=LINE('',#9927,#4780);
#4212=LINE('',#9931,#4781);
#4213=LINE('',#9937,#4782);
#4214=LINE('',#9942,#4783);
#4215=LINE('',#9946,#4784);
#4216=LINE('',#9950,#4785);
#4217=LINE('',#9954,#4786);
#4218=LINE('',#9958,#4787);
#4219=LINE('',#9962,#4788);
#4220=LINE('',#9966,#4789);
#4221=LINE('',#9970,#4790);
#4222=LINE('',#9974,#4791);
#4223=LINE('',#9978,#4792);
#4224=LINE('',#9982,#4793);
#4225=LINE('',#9986,#4794);
#4226=LINE('',#9990,#4795);
#4227=LINE('',#9994,#4796);
#4228=LINE('',#9998,#4797);
#4229=LINE('',#10002,#4798);
#4230=LINE('',#10006,#4799);
#4231=LINE('',#10010,#4800);
#4232=LINE('',#10014,#4801);
#4233=LINE('',#10018,#4802);
#4234=LINE('',#10022,#4803);
#4235=LINE('',#10026,#4804);
#4236=LINE('',#10030,#4805);
#4237=LINE('',#10034,#4806);
#4238=LINE('',#10038,#4807);
#4239=LINE('',#10042,#4808);
#4240=LINE('',#10046,#4809);
#4241=LINE('',#10050,#4810);
#4242=LINE('',#10054,#4811);
#4243=LINE('',#10058,#4812);
#4244=LINE('',#10062,#4813);
#4245=LINE('',#10066,#4814);
#4246=LINE('',#10070,#4815);
#4247=LINE('',#10074,#4816);
#4248=LINE('',#10078,#4817);
#4249=LINE('',#10082,#4818);
#4250=LINE('',#10086,#4819);
#4251=LINE('',#10090,#4820);
#4252=LINE('',#10094,#4821);
#4253=LINE('',#10098,#4822);
#4254=LINE('',#10102,#4823);
#4255=LINE('',#10106,#4824);
#4256=LINE('',#10110,#4825);
#4257=LINE('',#10114,#4826);
#4258=LINE('',#10118,#4827);
#4259=LINE('',#10122,#4828);
#4260=LINE('',#11804,#4829);
#4261=LINE('',#11805,#4830);
#4262=LINE('',#11807,#4831);
#4263=LINE('',#11808,#4832);
#4264=LINE('',#11810,#4833);
#4265=LINE('',#11811,#4834);
#4266=LINE('',#11813,#4835);
#4267=LINE('',#11814,#4836);
#4268=LINE('',#11816,#4837);
#4269=LINE('',#11817,#4838);
#4270=LINE('',#11819,#4839);
#4271=LINE('',#11820,#4840);
#4272=LINE('',#11822,#4841);
#4273=LINE('',#11823,#4842);
#4274=LINE('',#11825,#4843);
#4275=LINE('',#11826,#4844);
#4276=LINE('',#11828,#4845);
#4277=LINE('',#11829,#4846);
#4278=LINE('',#11831,#4847);
#4279=LINE('',#11832,#4848);
#4280=LINE('',#11834,#4849);
#4281=LINE('',#11835,#4850);
#4282=LINE('',#11837,#4851);
#4283=LINE('',#11838,#4852);
#4284=LINE('',#11840,#4853);
#4285=LINE('',#11841,#4854);
#4286=LINE('',#11843,#4855);
#4287=LINE('',#11844,#4856);
#4288=LINE('',#11846,#4857);
#4289=LINE('',#11847,#4858);
#4290=LINE('',#11849,#4859);
#4291=LINE('',#11850,#4860);
#4292=LINE('',#11852,#4861);
#4293=LINE('',#11853,#4862);
#4294=LINE('',#11855,#4863);
#4295=LINE('',#11856,#4864);
#4296=LINE('',#11858,#4865);
#4297=LINE('',#11859,#4866);
#4298=LINE('',#11861,#4867);
#4299=LINE('',#11862,#4868);
#4300=LINE('',#11864,#4869);
#4301=LINE('',#11865,#4870);
#4302=LINE('',#11867,#4871);
#4303=LINE('',#11868,#4872);
#4304=LINE('',#11870,#4873);
#4305=LINE('',#11871,#4874);
#4306=LINE('',#11873,#4875);
#4307=LINE('',#11874,#4876);
#4308=LINE('',#11876,#4877);
#4309=LINE('',#11877,#4878);
#4310=LINE('',#11879,#4879);
#4311=LINE('',#11880,#4880);
#4312=LINE('',#11882,#4881);
#4313=LINE('',#11883,#4882);
#4314=LINE('',#11885,#4883);
#4315=LINE('',#11886,#4884);
#4316=LINE('',#11888,#4885);
#4317=LINE('',#11889,#4886);
#4318=LINE('',#11891,#4887);
#4319=LINE('',#11892,#4888);
#4320=LINE('',#11894,#4889);
#4321=LINE('',#11895,#4890);
#4322=LINE('',#11897,#4891);
#4323=LINE('',#11898,#4892);
#4324=LINE('',#11900,#4893);
#4325=LINE('',#11901,#4894);
#4326=LINE('',#11903,#4895);
#4327=LINE('',#11904,#4896);
#4328=LINE('',#11906,#4897);
#4329=LINE('',#11907,#4898);
#4330=LINE('',#11909,#4899);
#4331=LINE('',#11910,#4900);
#4332=LINE('',#11912,#4901);
#4333=LINE('',#11913,#4902);
#4334=LINE('',#11915,#4903);
#4335=LINE('',#11916,#4904);
#4336=LINE('',#11918,#4905);
#4337=LINE('',#11919,#4906);
#4338=LINE('',#11921,#4907);
#4339=LINE('',#11922,#4908);
#4340=LINE('',#11924,#4909);
#4341=LINE('',#11925,#4910);
#4342=LINE('',#11927,#4911);
#4343=LINE('',#11928,#4912);
#4344=LINE('',#11930,#4913);
#4345=LINE('',#11931,#4914);
#4346=LINE('',#11933,#4915);
#4347=LINE('',#11934,#4916);
#4348=LINE('',#11936,#4917);
#4349=LINE('',#11937,#4918);
#4350=LINE('',#11939,#4919);
#4351=LINE('',#11940,#4920);
#4352=LINE('',#11942,#4921);
#4353=LINE('',#11943,#4922);
#4354=LINE('',#11994,#4923);
#4355=LINE('',#11997,#4924);
#4356=LINE('',#11999,#4925);
#4357=LINE('',#12001,#4926);
#4358=LINE('',#12003,#4927);
#4359=LINE('',#12006,#4928);
#4360=LINE('',#12008,#4929);
#4361=LINE('',#12010,#4930);
#4362=LINE('',#12012,#4931);
#4363=LINE('',#12014,#4932);
#4364=LINE('',#12015,#4933);
#4365=LINE('',#12018,#4934);
#4366=LINE('',#12020,#4935);
#4367=LINE('',#12022,#4936);
#4368=LINE('',#12024,#4937);
#4369=LINE('',#12027,#4938);
#4370=LINE('',#12029,#4939);
#4371=LINE('',#12031,#4940);
#4372=LINE('',#12033,#4941);
#4373=LINE('',#12036,#4942);
#4374=LINE('',#12038,#4943);
#4375=LINE('',#12040,#4944);
#4376=LINE('',#12042,#4945);
#4377=LINE('',#12044,#4946);
#4378=LINE('',#12045,#4947);
#4379=LINE('',#12046,#4948);
#4380=LINE('',#12048,#4949);
#4381=LINE('',#12050,#4950);
#4382=LINE('',#12052,#4951);
#4383=LINE('',#12054,#4952);
#4384=LINE('',#12057,#4953);
#4385=LINE('',#12058,#4954);
#4386=LINE('',#12060,#4955);
#4387=LINE('',#12062,#4956);
#4388=LINE('',#12064,#4957);
#4389=LINE('',#12066,#4958);
#4390=LINE('',#12067,#4959);
#4391=LINE('',#12069,#4960);
#4392=LINE('',#12072,#4961);
#4393=LINE('',#12074,#4962);
#4394=LINE('',#12076,#4963);
#4395=LINE('',#12078,#4964);
#4396=LINE('',#12080,#4965);
#4397=LINE('',#12082,#4966);
#4398=LINE('',#12084,#4967);
#4399=LINE('',#12086,#4968);
#4400=LINE('',#12088,#4969);
#4401=LINE('',#12090,#4970);
#4402=LINE('',#12092,#4971);
#4403=LINE('',#12093,#4972);
#4404=LINE('',#12096,#4973);
#4405=LINE('',#12098,#4974);
#4406=LINE('',#12099,#4975);
#4407=LINE('',#12100,#4976);
#4408=LINE('',#12102,#4977);
#4409=LINE('',#12104,#4978);
#4410=LINE('',#12105,#4979);
#4411=LINE('',#12107,#4980);
#4412=LINE('',#12108,#4981);
#4413=LINE('',#12112,#4982);
#4414=LINE('',#12115,#4983);
#4415=LINE('',#12117,#4984);
#4416=LINE('',#12119,#4985);
#4417=LINE('',#12121,#4986);
#4418=LINE('',#12123,#4987);
#4419=LINE('',#12125,#4988);
#4420=LINE('',#12129,#4989);
#4421=LINE('',#12130,#4990);
#4422=LINE('',#12133,#4991);
#4423=LINE('',#12135,#4992);
#4424=LINE('',#12139,#4993);
#4425=LINE('',#12141,#4994);
#4426=LINE('',#12143,#4995);
#4427=LINE('',#12145,#4996);
#4428=LINE('',#12147,#4997);
#4429=LINE('',#12149,#4998);
#4430=LINE('',#12151,#4999);
#4431=LINE('',#12153,#5000);
#4432=LINE('',#12157,#5001);
#4433=LINE('',#12159,#5002);
#4434=LINE('',#12162,#5003);
#4435=LINE('',#12163,#5004);
#4436=LINE('',#12167,#5005);
#4437=LINE('',#12169,#5006);
#4438=LINE('',#12171,#5007);
#4439=LINE('',#12174,#5008);
#4440=LINE('',#12176,#5009);
#4441=LINE('',#12178,#5010);
#4442=LINE('',#12179,#5011);
#4443=LINE('',#12181,#5012);
#4444=LINE('',#12183,#5013);
#4445=LINE('',#12185,#5014);
#4446=LINE('',#12187,#5015);
#4447=LINE('',#12191,#5016);
#4448=LINE('',#12194,#5017);
#4449=LINE('',#12196,#5018);
#4450=LINE('',#12199,#5019);
#4451=LINE('',#12201,#5020);
#4452=LINE('',#12203,#5021);
#4453=LINE('',#12205,#5022);
#4454=LINE('',#12207,#5023);
#4455=LINE('',#12209,#5024);
#4456=LINE('',#12211,#5025);
#4457=LINE('',#12213,#5026);
#4458=LINE('',#12215,#5027);
#4459=LINE('',#12217,#5028);
#4460=LINE('',#12219,#5029);
#4461=LINE('',#12221,#5030);
#4462=LINE('',#12223,#5031);
#4463=LINE('',#12225,#5032);
#4464=LINE('',#12227,#5033);
#4465=LINE('',#12229,#5034);
#4466=LINE('',#12231,#5035);
#4467=LINE('',#12233,#5036);
#4468=LINE('',#12235,#5037);
#4469=LINE('',#12237,#5038);
#4470=LINE('',#12239,#5039);
#4471=LINE('',#12241,#5040);
#4472=LINE('',#12243,#5041);
#4473=LINE('',#12245,#5042);
#4474=VECTOR('',#6891,1.);
#4475=VECTOR('',#6892,1.);
#4476=VECTOR('',#6893,1.);
#4477=VECTOR('',#6894,1.);
#4478=VECTOR('',#6897,1.);
#4479=VECTOR('',#6898,1.);
#4480=VECTOR('',#6899,1.);
#4481=VECTOR('',#6900,1.);
#4482=VECTOR('',#6903,1.);
#4483=VECTOR('',#6904,1.);
#4484=VECTOR('',#6905,1.);
#4485=VECTOR('',#6906,1.);
#4486=VECTOR('',#6907,1.);
#4487=VECTOR('',#6908,1.);
#4488=VECTOR('',#7099,1.);
#4489=VECTOR('',#7102,1.);
#4490=VECTOR('',#7107,1.);
#4491=VECTOR('',#7108,1.);
#4492=VECTOR('',#7113,1.);
#4493=VECTOR('',#7114,1.);
#4494=VECTOR('',#7119,1.);
#4495=VECTOR('',#7120,1.);
#4496=VECTOR('',#7125,1.);
#4497=VECTOR('',#7126,1.);
#4498=VECTOR('',#7131,1.);
#4499=VECTOR('',#7132,1.);
#4500=VECTOR('',#7137,1.);
#4501=VECTOR('',#7138,1.);
#4502=VECTOR('',#7143,1.);
#4503=VECTOR('',#7144,1.);
#4504=VECTOR('',#7149,1.);
#4505=VECTOR('',#7150,1.);
#4506=VECTOR('',#7155,1.);
#4507=VECTOR('',#7156,1.);
#4508=VECTOR('',#7161,1.);
#4509=VECTOR('',#7162,1.);
#4510=VECTOR('',#7167,1.);
#4511=VECTOR('',#7168,1.);
#4512=VECTOR('',#7173,1.);
#4513=VECTOR('',#7174,1.);
#4514=VECTOR('',#7179,1.);
#4515=VECTOR('',#7180,1.);
#4516=VECTOR('',#7185,1.);
#4517=VECTOR('',#7186,1.);
#4518=VECTOR('',#7191,1.);
#4519=VECTOR('',#7192,1.);
#4520=VECTOR('',#7197,1.);
#4521=VECTOR('',#7198,1.);
#4522=VECTOR('',#7203,1.);
#4523=VECTOR('',#7204,1.);
#4524=VECTOR('',#7209,1.);
#4525=VECTOR('',#7210,1.);
#4526=VECTOR('',#7215,1.);
#4527=VECTOR('',#7216,1.);
#4528=VECTOR('',#7221,1.);
#4529=VECTOR('',#7222,1.);
#4530=VECTOR('',#7227,1.);
#4531=VECTOR('',#7228,1.);
#4532=VECTOR('',#7233,1.);
#4533=VECTOR('',#7234,1.);
#4534=VECTOR('',#7239,1.);
#4535=VECTOR('',#7240,1.);
#4536=VECTOR('',#7245,1.);
#4537=VECTOR('',#7246,1.);
#4538=VECTOR('',#7251,1.);
#4539=VECTOR('',#7252,1.);
#4540=VECTOR('',#7257,1.);
#4541=VECTOR('',#7258,1.);
#4542=VECTOR('',#7263,1.);
#4543=VECTOR('',#7264,1.);
#4544=VECTOR('',#7269,1.);
#4545=VECTOR('',#7270,1.);
#4546=VECTOR('',#7275,1.);
#4547=VECTOR('',#7276,1.);
#4548=VECTOR('',#7281,1.);
#4549=VECTOR('',#7282,1.);
#4550=VECTOR('',#7287,1.);
#4551=VECTOR('',#7288,1.);
#4552=VECTOR('',#7293,1.);
#4553=VECTOR('',#7294,1.);
#4554=VECTOR('',#7299,1.);
#4555=VECTOR('',#7300,1.);
#4556=VECTOR('',#7305,1.);
#4557=VECTOR('',#7306,1.);
#4558=VECTOR('',#7311,1.);
#4559=VECTOR('',#7312,1.);
#4560=VECTOR('',#7317,1.);
#4561=VECTOR('',#7318,1.);
#4562=VECTOR('',#7323,1.);
#4563=VECTOR('',#7324,1.);
#4564=VECTOR('',#7329,1.);
#4565=VECTOR('',#7330,1.);
#4566=VECTOR('',#7335,1.);
#4567=VECTOR('',#7336,1.);
#4568=VECTOR('',#7341,1.);
#4569=VECTOR('',#7342,1.);
#4570=VECTOR('',#7347,1.);
#4571=VECTOR('',#7348,1.);
#4572=VECTOR('',#7353,1.);
#4573=VECTOR('',#7354,1.);
#4574=VECTOR('',#7359,1.);
#4575=VECTOR('',#7360,1.);
#4576=VECTOR('',#7365,1.);
#4577=VECTOR('',#7366,1.);
#4578=VECTOR('',#7371,1.);
#4579=VECTOR('',#7372,1.);
#4580=VECTOR('',#7375,1.);
#4581=VECTOR('',#7378,1.);
#4582=VECTOR('',#7379,1.);
#4583=VECTOR('',#7380,1.);
#4584=VECTOR('',#7385,1.);
#4585=VECTOR('',#7386,1.);
#4586=VECTOR('',#7387,1.);
#4587=VECTOR('',#7388,1.);
#4588=VECTOR('',#7391,1.);
#4589=VECTOR('',#7392,1.);
#4590=VECTOR('',#7393,1.);
#4591=VECTOR('',#7394,1.);
#4592=VECTOR('',#7395,1.);
#4593=VECTOR('',#7396,1.);
#4594=VECTOR('',#7397,1.);
#4595=VECTOR('',#7398,1.);
#4596=VECTOR('',#7401,1.);
#4597=VECTOR('',#7404,1.);
#4598=VECTOR('',#7407,1.);
#4599=VECTOR('',#7410,1.);
#4600=VECTOR('',#7413,1.);
#4601=VECTOR('',#7414,1.);
#4602=VECTOR('',#7417,1.);
#4603=VECTOR('',#7420,1.);
#4604=VECTOR('',#7425,1.);
#4605=VECTOR('',#7426,1.);
#4606=VECTOR('',#7427,1.);
#4607=VECTOR('',#7430,1.);
#4608=VECTOR('',#7431,1.);
#4609=VECTOR('',#7432,1.);
#4610=VECTOR('',#7433,1.);
#4611=VECTOR('',#7434,1.);
#4612=VECTOR('',#7443,1.);
#4613=VECTOR('',#7446,1.);
#4614=VECTOR('',#7447,1.);
#4615=VECTOR('',#7452,1.);
#4616=VECTOR('',#7455,1.);
#4617=VECTOR('',#7456,1.);
#4618=VECTOR('',#7457,1.);
#4619=VECTOR('',#7458,1.);
#4620=VECTOR('',#7461,1.);
#4621=VECTOR('',#7462,1.);
#4622=VECTOR('',#7463,1.);
#4623=VECTOR('',#7464,1.);
#4624=VECTOR('',#7467,1.);
#4625=VECTOR('',#7470,1.);
#4626=VECTOR('',#7475,1.);
#4627=VECTOR('',#7476,1.);
#4628=VECTOR('',#7477,1.);
#4629=VECTOR('',#7480,1.);
#4630=VECTOR('',#7481,1.);
#4631=VECTOR('',#7484,1.);
#4632=VECTOR('',#7485,1.);
#4633=VECTOR('',#7486,1.);
#4634=VECTOR('',#7487,1.);
#4635=VECTOR('',#7488,1.);
#4636=VECTOR('',#7489,1.);
#4637=VECTOR('',#7492,1.);
#4638=VECTOR('',#7493,1.);
#4639=VECTOR('',#7494,1.);
#4640=VECTOR('',#7497,1.);
#4641=VECTOR('',#7498,1.);
#4642=VECTOR('',#7499,1.);
#4643=VECTOR('',#7500,1.);
#4644=VECTOR('',#7501,1.);
#4645=VECTOR('',#7506,1.);
#4646=VECTOR('',#7507,1.);
#4647=VECTOR('',#7508,1.);
#4648=VECTOR('',#7513,1.);
#4649=VECTOR('',#7514,1.);
#4650=VECTOR('',#7517,1.);
#4651=VECTOR('',#7518,1.);
#4652=VECTOR('',#7519,1.);
#4653=VECTOR('',#7520,1.);
#4654=VECTOR('',#7521,1.);
#4655=VECTOR('',#7522,1.);
#4656=VECTOR('',#7523,1.);
#4657=VECTOR('',#7528,1.);
#4658=VECTOR('',#7531,1.);
#4659=VECTOR('',#7532,1.);
#4660=VECTOR('',#7537,1.);
#4661=VECTOR('',#7540,1.);
#4662=VECTOR('',#7541,1.);
#4663=VECTOR('',#7546,1.);
#4664=VECTOR('',#7549,1.);
#4665=VECTOR('',#7550,1.);
#4666=VECTOR('',#7551,1.);
#4667=VECTOR('',#7552,1.);
#4668=VECTOR('',#7553,1.);
#4669=VECTOR('',#7556,1.);
#4670=VECTOR('',#7557,1.);
#4671=VECTOR('',#7558,1.);
#4672=VECTOR('',#7565,1.);
#4673=VECTOR('',#7568,1.);
#4674=VECTOR('',#7569,1.);
#4675=VECTOR('',#7570,1.);
#4676=VECTOR('',#7573,1.);
#4677=VECTOR('',#7574,1.);
#4678=VECTOR('',#7575,1.);
#4679=VECTOR('',#7578,1.);
#4680=VECTOR('',#7579,1.);
#4681=VECTOR('',#7580,1.);
#4682=VECTOR('',#7583,1.);
#4683=VECTOR('',#7584,1.);
#4684=VECTOR('',#7585,1.);
#4685=VECTOR('',#7586,1.);
#4686=VECTOR('',#7587,1.);
#4687=VECTOR('',#7590,1.);
#4688=VECTOR('',#7591,1.);
#4689=VECTOR('',#7592,1.);
#4690=VECTOR('',#7595,1.);
#4691=VECTOR('',#7596,1.);
#4692=VECTOR('',#7597,1.);
#4693=VECTOR('',#7600,1.);
#4694=VECTOR('',#7601,1.);
#4695=VECTOR('',#7604,1.);
#4696=VECTOR('',#7607,1.);
#4697=VECTOR('',#7612,1.);
#4698=VECTOR('',#7613,1.);
#4699=VECTOR('',#7616,1.);
#4700=VECTOR('',#7617,1.);
#4701=VECTOR('',#7620,1.);
#4702=VECTOR('',#7621,1.);
#4703=VECTOR('',#7624,1.);
#4704=VECTOR('',#7625,1.);
#4705=VECTOR('',#7626,1.);
#4706=VECTOR('',#7629,1.);
#4707=VECTOR('',#7630,1.);
#4708=VECTOR('',#7631,1.);
#4709=VECTOR('',#7736,1.);
#4710=VECTOR('',#7737,1.);
#4711=VECTOR('',#7740,1.);
#4712=VECTOR('',#7745,1.);
#4713=VECTOR('',#7752,1.);
#4714=VECTOR('',#7755,1.);
#4715=VECTOR('',#7760,1.);
#4716=VECTOR('',#7761,1.);
#4717=VECTOR('',#7762,1.);
#4718=VECTOR('',#7763,1.);
#4719=VECTOR('',#7764,1.);
#4720=VECTOR('',#7765,1.);
#4721=VECTOR('',#7766,1.);
#4722=VECTOR('',#7769,1.);
#4723=VECTOR('',#7770,1.);
#4724=VECTOR('',#7771,1.);
#4725=VECTOR('',#7772,1.);
#4726=VECTOR('',#7773,1.);
#4727=VECTOR('',#7774,1.);
#4728=VECTOR('',#7775,1.);
#4729=VECTOR('',#7788,1.);
#4730=VECTOR('',#7789,1.);
#4731=VECTOR('',#7796,1.);
#4732=VECTOR('',#7797,1.);
#4733=VECTOR('',#7800,1.);
#4734=VECTOR('',#7807,1.);
#4735=VECTOR('',#7916,1.);
#4736=VECTOR('',#7919,1.);
#4737=VECTOR('',#7922,1.);
#4738=VECTOR('',#7925,1.);
#4739=VECTOR('',#7928,1.);
#4740=VECTOR('',#7931,1.);
#4741=VECTOR('',#7934,1.);
#4742=VECTOR('',#7937,1.);
#4743=VECTOR('',#7940,1.);
#4744=VECTOR('',#7943,1.);
#4745=VECTOR('',#7946,1.);
#4746=VECTOR('',#7949,1.);
#4747=VECTOR('',#7952,1.);
#4748=VECTOR('',#7955,1.);
#4749=VECTOR('',#7958,1.);
#4750=VECTOR('',#7961,1.);
#4751=VECTOR('',#7964,1.);
#4752=VECTOR('',#7967,1.);
#4753=VECTOR('',#7970,1.);
#4754=VECTOR('',#7973,1.);
#4755=VECTOR('',#7976,1.);
#4756=VECTOR('',#7979,1.);
#4757=VECTOR('',#7982,1.);
#4758=VECTOR('',#7985,1.);
#4759=VECTOR('',#7988,1.);
#4760=VECTOR('',#7991,1.);
#4761=VECTOR('',#7994,1.);
#4762=VECTOR('',#7997,1.);
#4763=VECTOR('',#8000,1.);
#4764=VECTOR('',#8003,1.);
#4765=VECTOR('',#8006,1.);
#4766=VECTOR('',#8009,1.);
#4767=VECTOR('',#8012,1.);
#4768=VECTOR('',#8015,1.);
#4769=VECTOR('',#8018,1.);
#4770=VECTOR('',#8021,1.);
#4771=VECTOR('',#8024,1.);
#4772=VECTOR('',#8027,1.);
#4773=VECTOR('',#8030,1.);
#4774=VECTOR('',#8033,1.);
#4775=VECTOR('',#8036,1.);
#4776=VECTOR('',#8039,1.);
#4777=VECTOR('',#8042,1.);
#4778=VECTOR('',#8045,1.);
#4779=VECTOR('',#8048,1.);
#4780=VECTOR('',#8051,1.);
#4781=VECTOR('',#8054,1.);
#4782=VECTOR('',#8061,1.);
#4783=VECTOR('',#8064,1.);
#4784=VECTOR('',#8067,1.);
#4785=VECTOR('',#8070,1.);
#4786=VECTOR('',#8073,1.);
#4787=VECTOR('',#8076,1.);
#4788=VECTOR('',#8079,1.);
#4789=VECTOR('',#8082,1.);
#4790=VECTOR('',#8085,1.);
#4791=VECTOR('',#8088,1.);
#4792=VECTOR('',#8091,1.);
#4793=VECTOR('',#8094,1.);
#4794=VECTOR('',#8097,1.);
#4795=VECTOR('',#8100,1.);
#4796=VECTOR('',#8103,1.);
#4797=VECTOR('',#8106,1.);
#4798=VECTOR('',#8109,1.);
#4799=VECTOR('',#8112,1.);
#4800=VECTOR('',#8115,1.);
#4801=VECTOR('',#8118,1.);
#4802=VECTOR('',#8121,1.);
#4803=VECTOR('',#8124,1.);
#4804=VECTOR('',#8127,1.);
#4805=VECTOR('',#8130,1.);
#4806=VECTOR('',#8133,1.);
#4807=VECTOR('',#8136,1.);
#4808=VECTOR('',#8139,1.);
#4809=VECTOR('',#8142,1.);
#4810=VECTOR('',#8145,1.);
#4811=VECTOR('',#8148,1.);
#4812=VECTOR('',#8151,1.);
#4813=VECTOR('',#8154,1.);
#4814=VECTOR('',#8157,1.);
#4815=VECTOR('',#8160,1.);
#4816=VECTOR('',#8163,1.);
#4817=VECTOR('',#8166,1.);
#4818=VECTOR('',#8169,1.);
#4819=VECTOR('',#8172,1.);
#4820=VECTOR('',#8175,1.);
#4821=VECTOR('',#8178,1.);
#4822=VECTOR('',#8181,1.);
#4823=VECTOR('',#8184,1.);
#4824=VECTOR('',#8187,1.);
#4825=VECTOR('',#8190,1.);
#4826=VECTOR('',#8193,1.);
#4827=VECTOR('',#8196,1.);
#4828=VECTOR('',#8199,1.);
#4829=VECTOR('',#8218,1.);
#4830=VECTOR('',#8219,1.);
#4831=VECTOR('',#8222,1.);
#4832=VECTOR('',#8223,1.);
#4833=VECTOR('',#8226,1.);
#4834=VECTOR('',#8227,1.);
#4835=VECTOR('',#8230,1.);
#4836=VECTOR('',#8231,1.);
#4837=VECTOR('',#8234,1.);
#4838=VECTOR('',#8235,1.);
#4839=VECTOR('',#8238,1.);
#4840=VECTOR('',#8239,1.);
#4841=VECTOR('',#8242,1.);
#4842=VECTOR('',#8243,1.);
#4843=VECTOR('',#8246,1.);
#4844=VECTOR('',#8247,1.);
#4845=VECTOR('',#8250,1.);
#4846=VECTOR('',#8251,1.);
#4847=VECTOR('',#8254,1.);
#4848=VECTOR('',#8255,1.);
#4849=VECTOR('',#8258,1.);
#4850=VECTOR('',#8259,1.);
#4851=VECTOR('',#8262,1.);
#4852=VECTOR('',#8263,1.);
#4853=VECTOR('',#8266,1.);
#4854=VECTOR('',#8267,1.);
#4855=VECTOR('',#8270,1.);
#4856=VECTOR('',#8271,1.);
#4857=VECTOR('',#8274,1.);
#4858=VECTOR('',#8275,1.);
#4859=VECTOR('',#8278,1.);
#4860=VECTOR('',#8279,1.);
#4861=VECTOR('',#8282,1.);
#4862=VECTOR('',#8283,1.);
#4863=VECTOR('',#8286,1.);
#4864=VECTOR('',#8287,1.);
#4865=VECTOR('',#8290,1.);
#4866=VECTOR('',#8291,1.);
#4867=VECTOR('',#8294,1.);
#4868=VECTOR('',#8295,1.);
#4869=VECTOR('',#8298,1.);
#4870=VECTOR('',#8299,1.);
#4871=VECTOR('',#8302,1.);
#4872=VECTOR('',#8303,1.);
#4873=VECTOR('',#8306,1.);
#4874=VECTOR('',#8307,1.);
#4875=VECTOR('',#8310,1.);
#4876=VECTOR('',#8311,1.);
#4877=VECTOR('',#8314,1.);
#4878=VECTOR('',#8315,1.);
#4879=VECTOR('',#8318,1.);
#4880=VECTOR('',#8319,1.);
#4881=VECTOR('',#8322,1.);
#4882=VECTOR('',#8323,1.);
#4883=VECTOR('',#8326,1.);
#4884=VECTOR('',#8327,1.);
#4885=VECTOR('',#8330,1.);
#4886=VECTOR('',#8331,1.);
#4887=VECTOR('',#8334,1.);
#4888=VECTOR('',#8335,1.);
#4889=VECTOR('',#8338,1.);
#4890=VECTOR('',#8339,1.);
#4891=VECTOR('',#8342,1.);
#4892=VECTOR('',#8343,1.);
#4893=VECTOR('',#8346,1.);
#4894=VECTOR('',#8347,1.);
#4895=VECTOR('',#8350,1.);
#4896=VECTOR('',#8351,1.);
#4897=VECTOR('',#8354,1.);
#4898=VECTOR('',#8355,1.);
#4899=VECTOR('',#8358,1.);
#4900=VECTOR('',#8359,1.);
#4901=VECTOR('',#8362,1.);
#4902=VECTOR('',#8363,1.);
#4903=VECTOR('',#8366,1.);
#4904=VECTOR('',#8367,1.);
#4905=VECTOR('',#8370,1.);
#4906=VECTOR('',#8371,1.);
#4907=VECTOR('',#8374,1.);
#4908=VECTOR('',#8375,1.);
#4909=VECTOR('',#8378,1.);
#4910=VECTOR('',#8379,1.);
#4911=VECTOR('',#8382,1.);
#4912=VECTOR('',#8383,1.);
#4913=VECTOR('',#8386,1.);
#4914=VECTOR('',#8387,1.);
#4915=VECTOR('',#8390,1.);
#4916=VECTOR('',#8391,1.);
#4917=VECTOR('',#8394,1.);
#4918=VECTOR('',#8395,1.);
#4919=VECTOR('',#8398,1.);
#4920=VECTOR('',#8399,1.);
#4921=VECTOR('',#8402,1.);
#4922=VECTOR('',#8403,1.);
#4923=VECTOR('',#8504,1.);
#4924=VECTOR('',#8505,1.);
#4925=VECTOR('',#8506,1.);
#4926=VECTOR('',#8507,1.);
#4927=VECTOR('',#8510,1.);
#4928=VECTOR('',#8511,1.);
#4929=VECTOR('',#8512,1.);
#4930=VECTOR('',#8513,1.);
#4931=VECTOR('',#8514,1.);
#4932=VECTOR('',#8515,1.);
#4933=VECTOR('',#8516,1.);
#4934=VECTOR('',#8517,1.);
#4935=VECTOR('',#8518,1.);
#4936=VECTOR('',#8519,1.);
#4937=VECTOR('',#8522,1.);
#4938=VECTOR('',#8523,1.);
#4939=VECTOR('',#8524,1.);
#4940=VECTOR('',#8525,1.);
#4941=VECTOR('',#8528,1.);
#4942=VECTOR('',#8529,1.);
#4943=VECTOR('',#8530,1.);
#4944=VECTOR('',#8531,1.);
#4945=VECTOR('',#8532,1.);
#4946=VECTOR('',#8533,1.);
#4947=VECTOR('',#8534,1.);
#4948=VECTOR('',#8535,1.);
#4949=VECTOR('',#8538,1.);
#4950=VECTOR('',#8539,1.);
#4951=VECTOR('',#8540,1.);
#4952=VECTOR('',#8543,1.);
#4953=VECTOR('',#8544,1.);
#4954=VECTOR('',#8545,1.);
#4955=VECTOR('',#8548,1.);
#4956=VECTOR('',#8549,1.);
#4957=VECTOR('',#8550,1.);
#4958=VECTOR('',#8553,1.);
#4959=VECTOR('',#8554,1.);
#4960=VECTOR('',#8557,1.);
#4961=VECTOR('',#8558,1.);
#4962=VECTOR('',#8559,1.);
#4963=VECTOR('',#8560,1.);
#4964=VECTOR('',#8561,1.);
#4965=VECTOR('',#8562,1.);
#4966=VECTOR('',#8563,1.);
#4967=VECTOR('',#8564,1.);
#4968=VECTOR('',#8565,1.);
#4969=VECTOR('',#8566,1.);
#4970=VECTOR('',#8567,1.);
#4971=VECTOR('',#8568,1.);
#4972=VECTOR('',#8569,1.);
#4973=VECTOR('',#8570,1.);
#4974=VECTOR('',#8571,1.);
#4975=VECTOR('',#8572,1.);
#4976=VECTOR('',#8573,1.);
#4977=VECTOR('',#8574,1.);
#4978=VECTOR('',#8577,1.);
#4979=VECTOR('',#8578,1.);
#4980=VECTOR('',#8581,1.);
#4981=VECTOR('',#8582,1.);
#4982=VECTOR('',#8589,1.);
#4983=VECTOR('',#8590,1.);
#4984=VECTOR('',#8591,1.);
#4985=VECTOR('',#8592,1.);
#4986=VECTOR('',#8595,1.);
#4987=VECTOR('',#8596,1.);
#4988=VECTOR('',#8597,1.);
#4989=VECTOR('',#8600,1.);
#4990=VECTOR('',#8601,1.);
#4991=VECTOR('',#8604,1.);
#4992=VECTOR('',#8605,1.);
#4993=VECTOR('',#8608,1.);
#4994=VECTOR('',#8609,1.);
#4995=VECTOR('',#8610,1.);
#4996=VECTOR('',#8611,1.);
#4997=VECTOR('',#8614,1.);
#4998=VECTOR('',#8615,1.);
#4999=VECTOR('',#8616,1.);
#5000=VECTOR('',#8617,1.);
#5001=VECTOR('',#8620,1.);
#5002=VECTOR('',#8621,1.);
#5003=VECTOR('',#8624,1.);
#5004=VECTOR('',#8625,1.);
#5005=VECTOR('',#8628,1.);
#5006=VECTOR('',#8629,1.);
#5007=VECTOR('',#8630,1.);
#5008=VECTOR('',#8635,1.);
#5009=VECTOR('',#8638,1.);
#5010=VECTOR('',#8641,1.);
#5011=VECTOR('',#8642,1.);
#5012=VECTOR('',#8645,1.);
#5013=VECTOR('',#8648,1.);
#5014=VECTOR('',#8651,1.);
#5015=VECTOR('',#8654,1.);
#5016=VECTOR('',#8661,1.);
#5017=VECTOR('',#8666,1.);
#5018=VECTOR('',#8669,1.);
#5019=VECTOR('',#8674,1.);
#5020=VECTOR('',#8675,1.);
#5021=VECTOR('',#8676,1.);
#5022=VECTOR('',#8679,1.);
#5023=VECTOR('',#8680,1.);
#5024=VECTOR('',#8683,1.);
#5025=VECTOR('',#8684,1.);
#5026=VECTOR('',#8687,1.);
#5027=VECTOR('',#8688,1.);
#5028=VECTOR('',#8691,1.);
#5029=VECTOR('',#8692,1.);
#5030=VECTOR('',#8695,1.);
#5031=VECTOR('',#8696,1.);
#5032=VECTOR('',#8699,1.);
#5033=VECTOR('',#8700,1.);
#5034=VECTOR('',#8703,1.);
#5035=VECTOR('',#8704,1.);
#5036=VECTOR('',#8707,1.);
#5037=VECTOR('',#8708,1.);
#5038=VECTOR('',#8711,1.);
#5039=VECTOR('',#8712,1.);
#5040=VECTOR('',#8715,1.);
#5041=VECTOR('',#8716,1.);
#5042=VECTOR('',#8719,1.);
#5043=EDGE_LOOP('',(#559,#560,#561,#562,#563,#564,#565,#566,#567,#568));
#5044=EDGE_LOOP('',(#569,#570,#571,#572,#573,#574));
#5045=EDGE_LOOP('',(#575,#576,#577,#578,#579,#580,#581,#582,#583,#584,#585,
#586,#587,#588,#589,#590,#591,#592,#593,#594,#595,#596,#597,#598,#599,#600,
#601,#602,#603,#604,#605,#606,#607,#608,#609,#610,#611,#612,#613,#614,#615,
#616,#617,#618,#619,#620,#621,#622,#623,#624,#625,#626,#627,#628,#629,#630,
#631,#632,#633,#634,#635,#636,#637,#638,#639,#640,#641,#642,#643,#644,#645,
#646,#647,#648,#649,#650,#651,#652,#653,#654,#655,#656,#657,#658,#659,#660,
#661,#662,#663,#664,#665,#666,#667,#668));
#5046=EDGE_LOOP('',(#669,#670,#671,#672));
#5047=EDGE_LOOP('',(#673,#674,#675,#676));
#5048=EDGE_LOOP('',(#677,#678,#679,#680));
#5049=EDGE_LOOP('',(#681,#682,#683,#684));
#5050=EDGE_LOOP('',(#685,#686,#687,#688));
#5051=EDGE_LOOP('',(#689,#690,#691,#692));
#5052=EDGE_LOOP('',(#693,#694,#695,#696));
#5053=EDGE_LOOP('',(#697,#698,#699,#700));
#5054=EDGE_LOOP('',(#701,#702,#703,#704));
#5055=EDGE_LOOP('',(#705,#706,#707,#708));
#5056=EDGE_LOOP('',(#709,#710,#711,#712));
#5057=EDGE_LOOP('',(#713,#714,#715,#716));
#5058=EDGE_LOOP('',(#717,#718,#719,#720));
#5059=EDGE_LOOP('',(#721,#722,#723,#724));
#5060=EDGE_LOOP('',(#725,#726,#727,#728));
#5061=EDGE_LOOP('',(#729,#730,#731,#732));
#5062=EDGE_LOOP('',(#733,#734,#735,#736));
#5063=EDGE_LOOP('',(#737,#738,#739,#740));
#5064=EDGE_LOOP('',(#741,#742,#743,#744));
#5065=EDGE_LOOP('',(#745,#746,#747,#748));
#5066=EDGE_LOOP('',(#749,#750,#751,#752));
#5067=EDGE_LOOP('',(#753,#754,#755,#756));
#5068=EDGE_LOOP('',(#757,#758,#759,#760));
#5069=EDGE_LOOP('',(#761,#762,#763,#764));
#5070=EDGE_LOOP('',(#765,#766,#767,#768));
#5071=EDGE_LOOP('',(#769,#770,#771,#772));
#5072=EDGE_LOOP('',(#773,#774,#775,#776));
#5073=EDGE_LOOP('',(#777,#778,#779,#780));
#5074=EDGE_LOOP('',(#781,#782,#783,#784));
#5075=EDGE_LOOP('',(#785,#786,#787,#788));
#5076=EDGE_LOOP('',(#789,#790,#791,#792));
#5077=EDGE_LOOP('',(#793,#794,#795,#796));
#5078=EDGE_LOOP('',(#797,#798,#799,#800));
#5079=EDGE_LOOP('',(#801,#802,#803,#804));
#5080=EDGE_LOOP('',(#805,#806,#807,#808));
#5081=EDGE_LOOP('',(#809,#810,#811,#812));
#5082=EDGE_LOOP('',(#813,#814,#815,#816));
#5083=EDGE_LOOP('',(#817,#818,#819,#820));
#5084=EDGE_LOOP('',(#821,#822,#823,#824));
#5085=EDGE_LOOP('',(#825,#826,#827,#828));
#5086=EDGE_LOOP('',(#829,#830,#831,#832));
#5087=EDGE_LOOP('',(#833,#834,#835,#836));
#5088=EDGE_LOOP('',(#837,#838,#839,#840));
#5089=EDGE_LOOP('',(#841,#842,#843,#844));
#5090=EDGE_LOOP('',(#845,#846,#847,#848));
#5091=EDGE_LOOP('',(#849,#850,#851,#852));
#5092=EDGE_LOOP('',(#853,#854,#855,#856,#857));
#5093=EDGE_LOOP('',(#858,#859,#860,#861,#862));
#5094=EDGE_LOOP('',(#863,#864,#865,#866,#867,#868,#869,#870));
#5095=EDGE_LOOP('',(#871,#872,#873,#874,#875,#876,#877,#878));
#5096=EDGE_LOOP('',(#879,#880,#881,#882,#883,#884,#885,#886));
#5097=EDGE_LOOP('',(#887,#888,#889,#890));
#5098=EDGE_LOOP('',(#891,#892,#893,#894,#895,#896,#897,#898,#899));
#5099=EDGE_LOOP('',(#900,#901,#902,#903));
#5100=EDGE_LOOP('',(#904,#905,#906,#907));
#5101=EDGE_LOOP('',(#908,#909,#910,#911));
#5102=EDGE_LOOP('',(#912,#913,#914,#915));
#5103=EDGE_LOOP('',(#916,#917,#918,#919,#920));
#5104=EDGE_LOOP('',(#921,#922,#923,#924));
#5105=EDGE_LOOP('',(#925,#926,#927,#928));
#5106=EDGE_LOOP('',(#929,#930,#931,#932));
#5107=EDGE_LOOP('',(#933,#934,#935,#936));
#5108=EDGE_LOOP('',(#937,#938,#939,#940,#941,#942,#943,#944));
#5109=EDGE_LOOP('',(#945,#946,#947,#948));
#5110=EDGE_LOOP('',(#949,#950,#951,#952,#953,#954));
#5111=EDGE_LOOP('',(#955,#956,#957,#958));
#5112=EDGE_LOOP('',(#959,#960,#961,#962));
#5113=EDGE_LOOP('',(#963,#964,#965,#966));
#5114=EDGE_LOOP('',(#967,#968,#969,#970));
#5115=EDGE_LOOP('',(#971,#972,#973,#974));
#5116=EDGE_LOOP('',(#975,#976,#977,#978));
#5117=EDGE_LOOP('',(#979,#980,#981,#982));
#5118=EDGE_LOOP('',(#983,#984,#985,#986));
#5119=EDGE_LOOP('',(#987,#988,#989,#990));
#5120=EDGE_LOOP('',(#991,#992,#993,#994,#995,#996,#997,#998,#999,#1000,
#1001,#1002));
#5121=EDGE_LOOP('',(#1003,#1004,#1005,#1006,#1007,#1008));
#5122=EDGE_LOOP('',(#1009,#1010,#1011,#1012));
#5123=EDGE_LOOP('',(#1013,#1014,#1015,#1016));
#5124=EDGE_LOOP('',(#1017,#1018,#1019,#1020));
#5125=EDGE_LOOP('',(#1021,#1022,#1023,#1024));
#5126=EDGE_LOOP('',(#1025,#1026,#1027,#1028,#1029,#1030,#1031,#1032));
#5127=EDGE_LOOP('',(#1033,#1034,#1035,#1036));
#5128=EDGE_LOOP('',(#1037,#1038,#1039,#1040));
#5129=EDGE_LOOP('',(#1041,#1042,#1043,#1044));
#5130=EDGE_LOOP('',(#1045,#1046,#1047,#1048,#1049,#1050,#1051,#1052,#1053,
#1054,#1055,#1056,#1057));
#5131=EDGE_LOOP('',(#1058,#1059,#1060,#1061,#1062,#1063,#1064,#1065,#1066,
#1067,#1068,#1069,#1070));
#5132=EDGE_LOOP('',(#1071,#1072,#1073,#1074));
#5133=EDGE_LOOP('',(#1075,#1076,#1077,#1078,#1079,#1080));
#5134=EDGE_LOOP('',(#1081,#1082,#1083,#1084));
#5135=EDGE_LOOP('',(#1085,#1086,#1087,#1088,#1089,#1090,#1091,#1092));
#5136=EDGE_LOOP('',(#1093,#1094,#1095,#1096,#1097,#1098,#1099,#1100));
#5137=EDGE_LOOP('',(#1101,#1102,#1103,#1104,#1105,#1106,#1107,#1108));
#5138=EDGE_LOOP('',(#1109,#1110,#1111,#1112,#1113,#1114,#1115,#1116,#1117,
#1118,#1119,#1120,#1121,#1122,#1123,#1124,#1125,#1126,#1127,#1128,#1129,
#1130,#1131,#1132,#1133,#1134,#1135,#1136,#1137,#1138,#1139,#1140,#1141,
#1142,#1143,#1144,#1145,#1146,#1147,#1148,#1149,#1150,#1151,#1152,#1153,
#1154,#1155,#1156,#1157,#1158,#1159,#1160,#1161,#1162,#1163,#1164,#1165,
#1166,#1167,#1168,#1169,#1170,#1171,#1172,#1173,#1174,#1175,#1176,#1177,
#1178,#1179,#1180,#1181,#1182,#1183,#1184,#1185,#1186,#1187,#1188,#1189,
#1190,#1191,#1192,#1193,#1194,#1195,#1196,#1197,#1198,#1199,#1200,#1201,
#1202));
#5139=EDGE_LOOP('',(#1203,#1204));
#5140=EDGE_LOOP('',(#1205,#1206,#1207,#1208,#1209,#1210));
#5141=EDGE_LOOP('',(#1211,#1212,#1213,#1214));
#5142=EDGE_LOOP('',(#1215,#1216,#1217,#1218));
#5143=EDGE_LOOP('',(#1219,#1220,#1221,#1222));
#5144=EDGE_LOOP('',(#1223,#1224,#1225,#1226,#1227,#1228));
#5145=EDGE_LOOP('',(#1229,#1230,#1231,#1232,#1233));
#5146=EDGE_LOOP('',(#1234,#1235,#1236,#1237,#1238,#1239,#1240,#1241));
#5147=EDGE_LOOP('',(#1242,#1243,#1244,#1245,#1246,#1247,#1248,#1249));
#5148=EDGE_LOOP('',(#1250,#1251,#1252,#1253,#1254,#1255,#1256,#1257));
#5149=EDGE_LOOP('',(#1258,#1259,#1260,#1261));
#5150=EDGE_LOOP('',(#1262,#1263,#1264,#1265,#1266,#1267,#1268,#1269,#1270,
#1271,#1272,#1273));
#5151=EDGE_LOOP('',(#1274,#1275,#1276,#1277,#1278,#1279,#1280,#1281,#1282,
#1283,#1284,#1285));
#5152=EDGE_LOOP('',(#1286,#1287,#1288,#1289));
#5153=EDGE_LOOP('',(#1290,#1291,#1292,#1293,#1294));
#5154=EDGE_LOOP('',(#1295,#1296,#1297,#1298,#1299,#1300));
#5155=EDGE_LOOP('',(#1301,#1302,#1303,#1304));
#5156=EDGE_LOOP('',(#1305,#1306,#1307,#1308));
#5157=EDGE_LOOP('',(#1309,#1310,#1311,#1312));
#5158=EDGE_LOOP('',(#1313));
#5159=EDGE_LOOP('',(#1314,#1315,#1316,#1317));
#5160=EDGE_LOOP('',(#1318,#1319,#1320,#1321));
#5161=EDGE_LOOP('',(#1322,#1323,#1324,#1325,#1326,#1327));
#5162=EDGE_LOOP('',(#1328));
#5163=EDGE_LOOP('',(#1329,#1330,#1331,#1332));
#5164=EDGE_LOOP('',(#1333,#1334,#1335,#1336));
#5165=EDGE_LOOP('',(#1337,#1338,#1339,#1340));
#5166=EDGE_LOOP('',(#1341,#1342,#1343,#1344));
#5167=EDGE_LOOP('',(#1345,#1346,#1347,#1348));
#5168=EDGE_LOOP('',(#1349,#1350,#1351,#1352));
#5169=EDGE_LOOP('',(#1353,#1354,#1355,#1356));
#5170=EDGE_LOOP('',(#1357,#1358,#1359,#1360));
#5171=EDGE_LOOP('',(#1361,#1362,#1363,#1364));
#5172=EDGE_LOOP('',(#1365,#1366,#1367,#1368));
#5173=EDGE_LOOP('',(#1369,#1370,#1371,#1372));
#5174=EDGE_LOOP('',(#1373,#1374,#1375,#1376));
#5175=EDGE_LOOP('',(#1377,#1378,#1379,#1380));
#5176=EDGE_LOOP('',(#1381,#1382,#1383,#1384));
#5177=EDGE_LOOP('',(#1385,#1386,#1387,#1388));
#5178=EDGE_LOOP('',(#1389,#1390,#1391,#1392));
#5179=EDGE_LOOP('',(#1393,#1394,#1395,#1396));
#5180=EDGE_LOOP('',(#1397,#1398,#1399,#1400));
#5181=EDGE_LOOP('',(#1401,#1402,#1403,#1404));
#5182=EDGE_LOOP('',(#1405,#1406,#1407,#1408));
#5183=EDGE_LOOP('',(#1409,#1410,#1411,#1412));
#5184=EDGE_LOOP('',(#1413,#1414,#1415,#1416));
#5185=EDGE_LOOP('',(#1417,#1418,#1419,#1420));
#5186=EDGE_LOOP('',(#1421,#1422,#1423,#1424));
#5187=EDGE_LOOP('',(#1425,#1426,#1427,#1428));
#5188=EDGE_LOOP('',(#1429,#1430,#1431,#1432));
#5189=EDGE_LOOP('',(#1433,#1434,#1435,#1436));
#5190=EDGE_LOOP('',(#1437,#1438,#1439,#1440));
#5191=EDGE_LOOP('',(#1441,#1442,#1443,#1444));
#5192=EDGE_LOOP('',(#1445,#1446,#1447,#1448));
#5193=EDGE_LOOP('',(#1449,#1450,#1451,#1452));
#5194=EDGE_LOOP('',(#1453,#1454,#1455,#1456));
#5195=EDGE_LOOP('',(#1457,#1458,#1459,#1460));
#5196=EDGE_LOOP('',(#1461,#1462,#1463,#1464));
#5197=EDGE_LOOP('',(#1465,#1466,#1467,#1468));
#5198=EDGE_LOOP('',(#1469,#1470,#1471,#1472));
#5199=EDGE_LOOP('',(#1473,#1474,#1475,#1476));
#5200=EDGE_LOOP('',(#1477,#1478,#1479,#1480));
#5201=EDGE_LOOP('',(#1481,#1482,#1483,#1484));
#5202=EDGE_LOOP('',(#1485,#1486,#1487,#1488));
#5203=EDGE_LOOP('',(#1489,#1490,#1491,#1492));
#5204=EDGE_LOOP('',(#1493,#1494,#1495,#1496));
#5205=EDGE_LOOP('',(#1497,#1498,#1499,#1500));
#5206=EDGE_LOOP('',(#1501,#1502,#1503,#1504));
#5207=EDGE_LOOP('',(#1505,#1506,#1507,#1508));
#5208=EDGE_LOOP('',(#1509,#1510,#1511,#1512));
#5209=EDGE_LOOP('',(#1513,#1514,#1515,#1516));
#5210=EDGE_LOOP('',(#1517,#1518,#1519,#1520));
#5211=EDGE_LOOP('',(#1521,#1522,#1523,#1524,#1525,#1526,#1527,#1528,#1529,
#1530,#1531,#1532,#1533,#1534,#1535,#1536,#1537,#1538,#1539,#1540,#1541,
#1542,#1543,#1544,#1545,#1546,#1547,#1548,#1549,#1550,#1551,#1552,#1553,
#1554,#1555,#1556,#1557,#1558,#1559,#1560,#1561,#1562,#1563,#1564,#1565,
#1566,#1567,#1568,#1569,#1570,#1571,#1572,#1573,#1574,#1575,#1576,#1577,
#1578,#1579,#1580,#1581,#1582,#1583,#1584,#1585,#1586,#1587,#1588,#1589,
#1590,#1591,#1592,#1593,#1594,#1595,#1596,#1597,#1598,#1599,#1600,#1601,
#1602,#1603,#1604,#1605,#1606,#1607,#1608,#1609,#1610,#1611,#1612,#1613,
#1614));
#5212=EDGE_LOOP('',(#1615));
#5213=EDGE_LOOP('',(#1616,#1617,#1618,#1619,#1620,#1621,#1622,#1623,#1624,
#1625,#1626,#1627,#1628,#1629,#1630,#1631,#1632,#1633,#1634,#1635,#1636,
#1637,#1638,#1639,#1640,#1641,#1642,#1643,#1644,#1645,#1646,#1647,#1648,
#1649,#1650,#1651,#1652,#1653,#1654,#1655,#1656,#1657,#1658,#1659,#1660,
#1661,#1662,#1663,#1664,#1665,#1666,#1667,#1668,#1669,#1670,#1671,#1672,
#1673,#1674,#1675,#1676,#1677,#1678,#1679,#1680,#1681,#1682,#1683,#1684,
#1685,#1686,#1687,#1688,#1689,#1690,#1691,#1692,#1693,#1694,#1695,#1696,
#1697,#1698,#1699,#1700,#1701,#1702,#1703,#1704,#1705,#1706,#1707,#1708,
#1709));
#5214=EDGE_LOOP('',(#1710));
#5215=EDGE_LOOP('',(#1711));
#5216=EDGE_LOOP('',(#1712,#1713,#1714,#1715));
#5217=EDGE_LOOP('',(#1716));
#5218=EDGE_LOOP('',(#1717,#1718,#1719,#1720));
#5219=EDGE_LOOP('',(#1721,#1722,#1723,#1724));
#5220=EDGE_LOOP('',(#1725,#1726,#1727,#1728,#1729));
#5221=EDGE_LOOP('',(#1730,#1731,#1732,#1733,#1734));
#5222=EDGE_LOOP('',(#1735,#1736,#1737,#1738));
#5223=EDGE_LOOP('',(#1739,#1740,#1741,#1742));
#5224=EDGE_LOOP('',(#1743,#1744,#1745,#1746));
#5225=EDGE_LOOP('',(#1747,#1748,#1749,#1750));
#5226=EDGE_LOOP('',(#1751,#1752,#1753,#1754));
#5227=EDGE_LOOP('',(#1755,#1756,#1757,#1758));
#5228=EDGE_LOOP('',(#1759,#1760,#1761,#1762));
#5229=EDGE_LOOP('',(#1763,#1764,#1765,#1766));
#5230=EDGE_LOOP('',(#1767,#1768,#1769,#1770));
#5231=EDGE_LOOP('',(#1771,#1772,#1773,#1774));
#5232=EDGE_LOOP('',(#1775,#1776,#1777,#1778));
#5233=EDGE_LOOP('',(#1779,#1780,#1781,#1782));
#5234=EDGE_LOOP('',(#1783,#1784,#1785,#1786));
#5235=EDGE_LOOP('',(#1787,#1788,#1789,#1790));
#5236=EDGE_LOOP('',(#1791,#1792,#1793,#1794));
#5237=EDGE_LOOP('',(#1795,#1796,#1797,#1798));
#5238=EDGE_LOOP('',(#1799,#1800,#1801,#1802));
#5239=EDGE_LOOP('',(#1803,#1804,#1805,#1806));
#5240=EDGE_LOOP('',(#1807,#1808,#1809,#1810));
#5241=EDGE_LOOP('',(#1811,#1812,#1813,#1814));
#5242=EDGE_LOOP('',(#1815,#1816,#1817,#1818));
#5243=EDGE_LOOP('',(#1819,#1820,#1821,#1822));
#5244=EDGE_LOOP('',(#1823,#1824,#1825,#1826));
#5245=EDGE_LOOP('',(#1827,#1828,#1829,#1830));
#5246=EDGE_LOOP('',(#1831,#1832,#1833,#1834));
#5247=EDGE_LOOP('',(#1835,#1836,#1837,#1838));
#5248=EDGE_LOOP('',(#1839,#1840,#1841,#1842));
#5249=EDGE_LOOP('',(#1843,#1844,#1845,#1846));
#5250=EDGE_LOOP('',(#1847,#1848,#1849,#1850));
#5251=EDGE_LOOP('',(#1851,#1852,#1853,#1854));
#5252=EDGE_LOOP('',(#1855,#1856,#1857,#1858));
#5253=EDGE_LOOP('',(#1859,#1860,#1861,#1862));
#5254=EDGE_LOOP('',(#1863,#1864,#1865,#1866));
#5255=EDGE_LOOP('',(#1867,#1868,#1869,#1870));
#5256=EDGE_LOOP('',(#1871,#1872,#1873,#1874));
#5257=EDGE_LOOP('',(#1875,#1876,#1877,#1878));
#5258=EDGE_LOOP('',(#1879,#1880,#1881,#1882));
#5259=EDGE_LOOP('',(#1883,#1884,#1885,#1886));
#5260=EDGE_LOOP('',(#1887,#1888,#1889,#1890));
#5261=EDGE_LOOP('',(#1891,#1892,#1893,#1894));
#5262=EDGE_LOOP('',(#1895,#1896,#1897,#1898));
#5263=EDGE_LOOP('',(#1899,#1900,#1901,#1902));
#5264=EDGE_LOOP('',(#1903,#1904,#1905,#1906));
#5265=EDGE_LOOP('',(#1907,#1908,#1909,#1910));
#5266=EDGE_LOOP('',(#1911,#1912,#1913,#1914));
#5267=EDGE_LOOP('',(#1915,#1916,#1917,#1918));
#5268=EDGE_LOOP('',(#1919,#1920,#1921,#1922));
#5269=EDGE_LOOP('',(#1923,#1924,#1925,#1926));
#5270=EDGE_LOOP('',(#1927,#1928,#1929,#1930));
#5271=EDGE_LOOP('',(#1931,#1932,#1933,#1934));
#5272=EDGE_LOOP('',(#1935,#1936,#1937,#1938));
#5273=EDGE_LOOP('',(#1939,#1940,#1941,#1942));
#5274=EDGE_LOOP('',(#1943,#1944,#1945,#1946));
#5275=EDGE_LOOP('',(#1947,#1948,#1949,#1950));
#5276=EDGE_LOOP('',(#1951,#1952,#1953,#1954));
#5277=EDGE_LOOP('',(#1955,#1956,#1957,#1958));
#5278=EDGE_LOOP('',(#1959,#1960,#1961,#1962));
#5279=EDGE_LOOP('',(#1963,#1964,#1965,#1966));
#5280=EDGE_LOOP('',(#1967,#1968,#1969,#1970));
#5281=EDGE_LOOP('',(#1971,#1972,#1973,#1974));
#5282=EDGE_LOOP('',(#1975,#1976,#1977,#1978));
#5283=EDGE_LOOP('',(#1979,#1980,#1981,#1982));
#5284=EDGE_LOOP('',(#1983,#1984,#1985,#1986));
#5285=EDGE_LOOP('',(#1987,#1988,#1989,#1990));
#5286=EDGE_LOOP('',(#1991,#1992,#1993,#1994));
#5287=EDGE_LOOP('',(#1995,#1996,#1997,#1998));
#5288=EDGE_LOOP('',(#1999,#2000,#2001,#2002));
#5289=EDGE_LOOP('',(#2003,#2004,#2005,#2006));
#5290=EDGE_LOOP('',(#2007,#2008,#2009,#2010));
#5291=EDGE_LOOP('',(#2011,#2012,#2013,#2014));
#5292=EDGE_LOOP('',(#2015,#2016,#2017,#2018));
#5293=EDGE_LOOP('',(#2019,#2020,#2021,#2022));
#5294=EDGE_LOOP('',(#2023,#2024,#2025,#2026));
#5295=EDGE_LOOP('',(#2027,#2028,#2029,#2030));
#5296=EDGE_LOOP('',(#2031,#2032,#2033,#2034));
#5297=EDGE_LOOP('',(#2035,#2036,#2037,#2038));
#5298=EDGE_LOOP('',(#2039,#2040,#2041,#2042));
#5299=EDGE_LOOP('',(#2043,#2044,#2045,#2046));
#5300=EDGE_LOOP('',(#2047,#2048,#2049,#2050));
#5301=EDGE_LOOP('',(#2051,#2052,#2053,#2054));
#5302=EDGE_LOOP('',(#2055,#2056,#2057,#2058));
#5303=EDGE_LOOP('',(#2059,#2060,#2061,#2062));
#5304=EDGE_LOOP('',(#2063,#2064,#2065,#2066));
#5305=EDGE_LOOP('',(#2067,#2068,#2069,#2070));
#5306=EDGE_LOOP('',(#2071,#2072,#2073,#2074));
#5307=EDGE_LOOP('',(#2075,#2076,#2077,#2078));
#5308=EDGE_LOOP('',(#2079,#2080,#2081,#2082));
#5309=EDGE_LOOP('',(#2083,#2084,#2085,#2086));
#5310=EDGE_LOOP('',(#2087,#2088,#2089,#2090));
#5311=EDGE_LOOP('',(#2091,#2092,#2093,#2094));
#5312=EDGE_LOOP('',(#2095,#2096,#2097,#2098));
#5313=EDGE_LOOP('',(#2099,#2100,#2101,#2102));
#5314=EDGE_LOOP('',(#2103,#2104,#2105,#2106));
#5315=EDGE_LOOP('',(#2107,#2108,#2109,#2110));
#5316=EDGE_LOOP('',(#2111,#2112,#2113,#2114));
#5317=EDGE_LOOP('',(#2115,#2116,#2117,#2118));
#5318=EDGE_LOOP('',(#2119,#2120,#2121,#2122,#2123,#2124));
#5319=EDGE_LOOP('',(#2125,#2126,#2127,#2128));
#5320=EDGE_LOOP('',(#2129,#2130,#2131,#2132));
#5321=EDGE_LOOP('',(#2133,#2134,#2135,#2136,#2137,#2138,#2139,#2140,#2141,
#2142));
#5322=EDGE_LOOP('',(#2143,#2144,#2145,#2146));
#5323=EDGE_LOOP('',(#2147,#2148,#2149,#2150));
#5324=EDGE_LOOP('',(#2151,#2152,#2153,#2154));
#5325=EDGE_LOOP('',(#2155,#2156,#2157,#2158));
#5326=EDGE_LOOP('',(#2159,#2160,#2161,#2162,#2163,#2164,#2165,#2166,#2167,
#2168,#2169,#2170));
#5327=EDGE_LOOP('',(#2171,#2172,#2173,#2174,#2175,#2176,#2177,#2178));
#5328=EDGE_LOOP('',(#2179,#2180,#2181,#2182));
#5329=EDGE_LOOP('',(#2183,#2184,#2185,#2186));
#5330=EDGE_LOOP('',(#2187,#2188,#2189,#2190,#2191,#2192));
#5331=EDGE_LOOP('',(#2193,#2194,#2195,#2196,#2197,#2198,#2199,#2200));
#5332=EDGE_LOOP('',(#2201,#2202,#2203,#2204));
#5333=EDGE_LOOP('',(#2205,#2206,#2207,#2208,#2209,#2210,#2211,#2212,#2213,
#2214,#2215,#2216,#2217,#2218,#2219,#2220,#2221,#2222,#2223,#2224,#2225));
#5334=EDGE_LOOP('',(#2226,#2227,#2228,#2229,#2230,#2231,#2232,#2233,#2234,
#2235,#2236,#2237,#2238,#2239,#2240,#2241,#2242,#2243,#2244,#2245,#2246));
#5335=EDGE_LOOP('',(#2247,#2248,#2249,#2250));
#5336=EDGE_LOOP('',(#2251,#2252,#2253,#2254));
#5337=EDGE_LOOP('',(#2255,#2256,#2257,#2258));
#5338=EDGE_LOOP('',(#2259,#2260,#2261,#2262));
#5339=EDGE_LOOP('',(#2263,#2264,#2265,#2266));
#5340=EDGE_LOOP('',(#2267,#2268,#2269,#2270));
#5341=EDGE_LOOP('',(#2271,#2272,#2273,#2274));
#5342=EDGE_LOOP('',(#2275,#2276,#2277,#2278));
#5343=EDGE_LOOP('',(#2279,#2280,#2281,#2282));
#5344=EDGE_LOOP('',(#2283,#2284,#2285,#2286));
#5345=EDGE_LOOP('',(#2287,#2288,#2289,#2290));
#5346=EDGE_LOOP('',(#2291,#2292,#2293,#2294));
#5347=EDGE_LOOP('',(#2295,#2296,#2297,#2298));
#5348=EDGE_LOOP('',(#2299,#2300,#2301,#2302));
#5349=EDGE_LOOP('',(#2303,#2304,#2305,#2306));
#5350=EDGE_LOOP('',(#2307,#2308,#2309,#2310));
#5351=EDGE_LOOP('',(#2311,#2312,#2313,#2314));
#5352=EDGE_LOOP('',(#2315,#2316,#2317,#2318));
#5353=EDGE_LOOP('',(#2319,#2320,#2321,#2322));
#5354=EDGE_LOOP('',(#2323,#2324,#2325,#2326));
#5355=EDGE_LOOP('',(#2327,#2328,#2329,#2330));
#5356=EDGE_LOOP('',(#2331,#2332,#2333,#2334));
#5357=EDGE_LOOP('',(#2335,#2336,#2337,#2338));
#5358=EDGE_LOOP('',(#2339,#2340,#2341,#2342));
#5359=EDGE_LOOP('',(#2343,#2344,#2345,#2346));
#5360=EDGE_LOOP('',(#2347,#2348,#2349,#2350));
#5361=EDGE_LOOP('',(#2351,#2352,#2353,#2354));
#5362=EDGE_LOOP('',(#2355,#2356,#2357,#2358,#2359,#2360,#2361,#2362,#2363,
#2364,#2365,#2366));
#5363=EDGE_LOOP('',(#2367));
#5364=EDGE_LOOP('',(#2368));
#5365=EDGE_LOOP('',(#2369));
#5366=EDGE_LOOP('',(#2370));
#5367=EDGE_LOOP('',(#2371));
#5368=EDGE_LOOP('',(#2372));
#5369=EDGE_LOOP('',(#2373));
#5370=EDGE_LOOP('',(#2374));
#5371=EDGE_LOOP('',(#2375));
#5372=EDGE_LOOP('',(#2376));
#5373=EDGE_LOOP('',(#2377));
#5374=EDGE_LOOP('',(#2378));
#5375=EDGE_LOOP('',(#2379));
#5376=EDGE_LOOP('',(#2380));
#5377=EDGE_LOOP('',(#2381));
#5378=EDGE_LOOP('',(#2382));
#5379=FACE_BOUND('',#5043,.T.);
#5380=FACE_BOUND('',#5044,.T.);
#5381=FACE_BOUND('',#5045,.T.);
#5382=FACE_BOUND('',#5046,.T.);
#5383=FACE_BOUND('',#5047,.T.);
#5384=FACE_BOUND('',#5048,.T.);
#5385=FACE_BOUND('',#5049,.T.);
#5386=FACE_BOUND('',#5050,.T.);
#5387=FACE_BOUND('',#5051,.T.);
#5388=FACE_BOUND('',#5052,.T.);
#5389=FACE_BOUND('',#5053,.T.);
#5390=FACE_BOUND('',#5054,.T.);
#5391=FACE_BOUND('',#5055,.T.);
#5392=FACE_BOUND('',#5056,.T.);
#5393=FACE_BOUND('',#5057,.T.);
#5394=FACE_BOUND('',#5058,.T.);
#5395=FACE_BOUND('',#5059,.T.);
#5396=FACE_BOUND('',#5060,.T.);
#5397=FACE_BOUND('',#5061,.T.);
#5398=FACE_BOUND('',#5062,.T.);
#5399=FACE_BOUND('',#5063,.T.);
#5400=FACE_BOUND('',#5064,.T.);
#5401=FACE_BOUND('',#5065,.T.);
#5402=FACE_BOUND('',#5066,.T.);
#5403=FACE_BOUND('',#5067,.T.);
#5404=FACE_BOUND('',#5068,.T.);
#5405=FACE_BOUND('',#5069,.T.);
#5406=FACE_BOUND('',#5070,.T.);
#5407=FACE_BOUND('',#5071,.T.);
#5408=FACE_BOUND('',#5072,.T.);
#5409=FACE_BOUND('',#5073,.T.);
#5410=FACE_BOUND('',#5074,.T.);
#5411=FACE_BOUND('',#5075,.T.);
#5412=FACE_BOUND('',#5076,.T.);
#5413=FACE_BOUND('',#5077,.T.);
#5414=FACE_BOUND('',#5078,.T.);
#5415=FACE_BOUND('',#5079,.T.);
#5416=FACE_BOUND('',#5080,.T.);
#5417=FACE_BOUND('',#5081,.T.);
#5418=FACE_BOUND('',#5082,.T.);
#5419=FACE_BOUND('',#5083,.T.);
#5420=FACE_BOUND('',#5084,.T.);
#5421=FACE_BOUND('',#5085,.T.);
#5422=FACE_BOUND('',#5086,.T.);
#5423=FACE_BOUND('',#5087,.T.);
#5424=FACE_BOUND('',#5088,.T.);
#5425=FACE_BOUND('',#5089,.T.);
#5426=FACE_BOUND('',#5090,.T.);
#5427=FACE_BOUND('',#5091,.T.);
#5428=FACE_BOUND('',#5092,.T.);
#5429=FACE_BOUND('',#5093,.T.);
#5430=FACE_BOUND('',#5094,.T.);
#5431=FACE_BOUND('',#5095,.T.);
#5432=FACE_BOUND('',#5096,.T.);
#5433=FACE_BOUND('',#5097,.T.);
#5434=FACE_BOUND('',#5098,.T.);
#5435=FACE_BOUND('',#5099,.T.);
#5436=FACE_BOUND('',#5100,.T.);
#5437=FACE_BOUND('',#5101,.T.);
#5438=FACE_BOUND('',#5102,.T.);
#5439=FACE_BOUND('',#5103,.T.);
#5440=FACE_BOUND('',#5104,.T.);
#5441=FACE_BOUND('',#5105,.T.);
#5442=FACE_BOUND('',#5106,.T.);
#5443=FACE_BOUND('',#5107,.T.);
#5444=FACE_BOUND('',#5108,.T.);
#5445=FACE_BOUND('',#5109,.T.);
#5446=FACE_BOUND('',#5110,.T.);
#5447=FACE_BOUND('',#5111,.T.);
#5448=FACE_BOUND('',#5112,.T.);
#5449=FACE_BOUND('',#5113,.T.);
#5450=FACE_BOUND('',#5114,.T.);
#5451=FACE_BOUND('',#5115,.T.);
#5452=FACE_BOUND('',#5116,.T.);
#5453=FACE_BOUND('',#5117,.T.);
#5454=FACE_BOUND('',#5118,.T.);
#5455=FACE_BOUND('',#5119,.T.);
#5456=FACE_BOUND('',#5120,.T.);
#5457=FACE_BOUND('',#5121,.T.);
#5458=FACE_BOUND('',#5122,.T.);
#5459=FACE_BOUND('',#5123,.T.);
#5460=FACE_BOUND('',#5124,.T.);
#5461=FACE_BOUND('',#5125,.T.);
#5462=FACE_BOUND('',#5126,.T.);
#5463=FACE_BOUND('',#5127,.T.);
#5464=FACE_BOUND('',#5128,.T.);
#5465=FACE_BOUND('',#5129,.T.);
#5466=FACE_BOUND('',#5130,.T.);
#5467=FACE_BOUND('',#5131,.T.);
#5468=FACE_BOUND('',#5132,.T.);
#5469=FACE_BOUND('',#5133,.T.);
#5470=FACE_BOUND('',#5134,.T.);
#5471=FACE_BOUND('',#5135,.T.);
#5472=FACE_BOUND('',#5136,.T.);
#5473=FACE_BOUND('',#5137,.T.);
#5474=FACE_BOUND('',#5138,.T.);
#5475=FACE_BOUND('',#5139,.T.);
#5476=FACE_BOUND('',#5140,.T.);
#5477=FACE_BOUND('',#5141,.T.);
#5478=FACE_BOUND('',#5142,.T.);
#5479=FACE_BOUND('',#5143,.T.);
#5480=FACE_BOUND('',#5144,.T.);
#5481=FACE_BOUND('',#5145,.T.);
#5482=FACE_BOUND('',#5146,.T.);
#5483=FACE_BOUND('',#5147,.T.);
#5484=FACE_BOUND('',#5148,.T.);
#5485=FACE_BOUND('',#5149,.T.);
#5486=FACE_BOUND('',#5150,.T.);
#5487=FACE_BOUND('',#5151,.T.);
#5488=FACE_BOUND('',#5152,.T.);
#5489=FACE_BOUND('',#5153,.T.);
#5490=FACE_BOUND('',#5154,.T.);
#5491=FACE_BOUND('',#5155,.T.);
#5492=FACE_BOUND('',#5156,.T.);
#5493=FACE_BOUND('',#5157,.T.);
#5494=FACE_BOUND('',#5158,.T.);
#5495=FACE_BOUND('',#5159,.T.);
#5496=FACE_BOUND('',#5160,.T.);
#5497=FACE_BOUND('',#5161,.T.);
#5498=FACE_BOUND('',#5162,.T.);
#5499=FACE_BOUND('',#5163,.T.);
#5500=FACE_BOUND('',#5164,.T.);
#5501=FACE_BOUND('',#5165,.T.);
#5502=FACE_BOUND('',#5166,.T.);
#5503=FACE_BOUND('',#5167,.T.);
#5504=FACE_BOUND('',#5168,.T.);
#5505=FACE_BOUND('',#5169,.T.);
#5506=FACE_BOUND('',#5170,.T.);
#5507=FACE_BOUND('',#5171,.T.);
#5508=FACE_BOUND('',#5172,.T.);
#5509=FACE_BOUND('',#5173,.T.);
#5510=FACE_BOUND('',#5174,.T.);
#5511=FACE_BOUND('',#5175,.T.);
#5512=FACE_BOUND('',#5176,.T.);
#5513=FACE_BOUND('',#5177,.T.);
#5514=FACE_BOUND('',#5178,.T.);
#5515=FACE_BOUND('',#5179,.T.);
#5516=FACE_BOUND('',#5180,.T.);
#5517=FACE_BOUND('',#5181,.T.);
#5518=FACE_BOUND('',#5182,.T.);
#5519=FACE_BOUND('',#5183,.T.);
#5520=FACE_BOUND('',#5184,.T.);
#5521=FACE_BOUND('',#5185,.T.);
#5522=FACE_BOUND('',#5186,.T.);
#5523=FACE_BOUND('',#5187,.T.);
#5524=FACE_BOUND('',#5188,.T.);
#5525=FACE_BOUND('',#5189,.T.);
#5526=FACE_BOUND('',#5190,.T.);
#5527=FACE_BOUND('',#5191,.T.);
#5528=FACE_BOUND('',#5192,.T.);
#5529=FACE_BOUND('',#5193,.T.);
#5530=FACE_BOUND('',#5194,.T.);
#5531=FACE_BOUND('',#5195,.T.);
#5532=FACE_BOUND('',#5196,.T.);
#5533=FACE_BOUND('',#5197,.T.);
#5534=FACE_BOUND('',#5198,.T.);
#5535=FACE_BOUND('',#5199,.T.);
#5536=FACE_BOUND('',#5200,.T.);
#5537=FACE_BOUND('',#5201,.T.);
#5538=FACE_BOUND('',#5202,.T.);
#5539=FACE_BOUND('',#5203,.T.);
#5540=FACE_BOUND('',#5204,.T.);
#5541=FACE_BOUND('',#5205,.T.);
#5542=FACE_BOUND('',#5206,.T.);
#5543=FACE_BOUND('',#5207,.T.);
#5544=FACE_BOUND('',#5208,.T.);
#5545=FACE_BOUND('',#5209,.T.);
#5546=FACE_BOUND('',#5210,.T.);
#5547=FACE_BOUND('',#5211,.T.);
#5548=FACE_BOUND('',#5212,.T.);
#5549=FACE_BOUND('',#5213,.T.);
#5550=FACE_BOUND('',#5214,.T.);
#5551=FACE_BOUND('',#5215,.T.);
#5552=FACE_BOUND('',#5216,.T.);
#5553=FACE_BOUND('',#5217,.T.);
#5554=FACE_BOUND('',#5218,.T.);
#5555=FACE_BOUND('',#5219,.T.);
#5556=FACE_BOUND('',#5220,.T.);
#5557=FACE_BOUND('',#5221,.T.);
#5558=FACE_BOUND('',#5222,.T.);
#5559=FACE_BOUND('',#5223,.T.);
#5560=FACE_BOUND('',#5224,.T.);
#5561=FACE_BOUND('',#5225,.T.);
#5562=FACE_BOUND('',#5226,.T.);
#5563=FACE_BOUND('',#5227,.T.);
#5564=FACE_BOUND('',#5228,.T.);
#5565=FACE_BOUND('',#5229,.T.);
#5566=FACE_BOUND('',#5230,.T.);
#5567=FACE_BOUND('',#5231,.T.);
#5568=FACE_BOUND('',#5232,.T.);
#5569=FACE_BOUND('',#5233,.T.);
#5570=FACE_BOUND('',#5234,.T.);
#5571=FACE_BOUND('',#5235,.T.);
#5572=FACE_BOUND('',#5236,.T.);
#5573=FACE_BOUND('',#5237,.T.);
#5574=FACE_BOUND('',#5238,.T.);
#5575=FACE_BOUND('',#5239,.T.);
#5576=FACE_BOUND('',#5240,.T.);
#5577=FACE_BOUND('',#5241,.T.);
#5578=FACE_BOUND('',#5242,.T.);
#5579=FACE_BOUND('',#5243,.T.);
#5580=FACE_BOUND('',#5244,.T.);
#5581=FACE_BOUND('',#5245,.T.);
#5582=FACE_BOUND('',#5246,.T.);
#5583=FACE_BOUND('',#5247,.T.);
#5584=FACE_BOUND('',#5248,.T.);
#5585=FACE_BOUND('',#5249,.T.);
#5586=FACE_BOUND('',#5250,.T.);
#5587=FACE_BOUND('',#5251,.T.);
#5588=FACE_BOUND('',#5252,.T.);
#5589=FACE_BOUND('',#5253,.T.);
#5590=FACE_BOUND('',#5254,.T.);
#5591=FACE_BOUND('',#5255,.T.);
#5592=FACE_BOUND('',#5256,.T.);
#5593=FACE_BOUND('',#5257,.T.);
#5594=FACE_BOUND('',#5258,.T.);
#5595=FACE_BOUND('',#5259,.T.);
#5596=FACE_BOUND('',#5260,.T.);
#5597=FACE_BOUND('',#5261,.T.);
#5598=FACE_BOUND('',#5262,.T.);
#5599=FACE_BOUND('',#5263,.T.);
#5600=FACE_BOUND('',#5264,.T.);
#5601=FACE_BOUND('',#5265,.T.);
#5602=FACE_BOUND('',#5266,.T.);
#5603=FACE_BOUND('',#5267,.T.);
#5604=FACE_BOUND('',#5268,.T.);
#5605=FACE_BOUND('',#5269,.T.);
#5606=FACE_BOUND('',#5270,.T.);
#5607=FACE_BOUND('',#5271,.T.);
#5608=FACE_BOUND('',#5272,.T.);
#5609=FACE_BOUND('',#5273,.T.);
#5610=FACE_BOUND('',#5274,.T.);
#5611=FACE_BOUND('',#5275,.T.);
#5612=FACE_BOUND('',#5276,.T.);
#5613=FACE_BOUND('',#5277,.T.);
#5614=FACE_BOUND('',#5278,.T.);
#5615=FACE_BOUND('',#5279,.T.);
#5616=FACE_BOUND('',#5280,.T.);
#5617=FACE_BOUND('',#5281,.T.);
#5618=FACE_BOUND('',#5282,.T.);
#5619=FACE_BOUND('',#5283,.T.);
#5620=FACE_BOUND('',#5284,.T.);
#5621=FACE_BOUND('',#5285,.T.);
#5622=FACE_BOUND('',#5286,.T.);
#5623=FACE_BOUND('',#5287,.T.);
#5624=FACE_BOUND('',#5288,.T.);
#5625=FACE_BOUND('',#5289,.T.);
#5626=FACE_BOUND('',#5290,.T.);
#5627=FACE_BOUND('',#5291,.T.);
#5628=FACE_BOUND('',#5292,.T.);
#5629=FACE_BOUND('',#5293,.T.);
#5630=FACE_BOUND('',#5294,.T.);
#5631=FACE_BOUND('',#5295,.T.);
#5632=FACE_BOUND('',#5296,.T.);
#5633=FACE_BOUND('',#5297,.T.);
#5634=FACE_BOUND('',#5298,.T.);
#5635=FACE_BOUND('',#5299,.T.);
#5636=FACE_BOUND('',#5300,.T.);
#5637=FACE_BOUND('',#5301,.T.);
#5638=FACE_BOUND('',#5302,.T.);
#5639=FACE_BOUND('',#5303,.T.);
#5640=FACE_BOUND('',#5304,.T.);
#5641=FACE_BOUND('',#5305,.T.);
#5642=FACE_BOUND('',#5306,.T.);
#5643=FACE_BOUND('',#5307,.T.);
#5644=FACE_BOUND('',#5308,.T.);
#5645=FACE_BOUND('',#5309,.T.);
#5646=FACE_BOUND('',#5310,.T.);
#5647=FACE_BOUND('',#5311,.T.);
#5648=FACE_BOUND('',#5312,.T.);
#5649=FACE_BOUND('',#5313,.T.);
#5650=FACE_BOUND('',#5314,.T.);
#5651=FACE_BOUND('',#5315,.T.);
#5652=FACE_BOUND('',#5316,.T.);
#5653=FACE_BOUND('',#5317,.T.);
#5654=FACE_BOUND('',#5318,.T.);
#5655=FACE_BOUND('',#5319,.T.);
#5656=FACE_BOUND('',#5320,.T.);
#5657=FACE_BOUND('',#5321,.T.);
#5658=FACE_BOUND('',#5322,.T.);
#5659=FACE_BOUND('',#5323,.T.);
#5660=FACE_BOUND('',#5324,.T.);
#5661=FACE_BOUND('',#5325,.T.);
#5662=FACE_BOUND('',#5326,.T.);
#5663=FACE_BOUND('',#5327,.T.);
#5664=FACE_BOUND('',#5328,.T.);
#5665=FACE_BOUND('',#5329,.T.);
#5666=FACE_BOUND('',#5330,.T.);
#5667=FACE_BOUND('',#5331,.T.);
#5668=FACE_BOUND('',#5332,.T.);
#5669=FACE_BOUND('',#5333,.T.);
#5670=FACE_BOUND('',#5334,.T.);
#5671=FACE_BOUND('',#5335,.T.);
#5672=FACE_BOUND('',#5336,.T.);
#5673=FACE_BOUND('',#5337,.T.);
#5674=FACE_BOUND('',#5338,.T.);
#5675=FACE_BOUND('',#5339,.T.);
#5676=FACE_BOUND('',#5340,.T.);
#5677=FACE_BOUND('',#5341,.T.);
#5678=FACE_BOUND('',#5342,.T.);
#5679=FACE_BOUND('',#5343,.T.);
#5680=FACE_BOUND('',#5344,.T.);
#5681=FACE_BOUND('',#5345,.T.);
#5682=FACE_BOUND('',#5346,.T.);
#5683=FACE_BOUND('',#5347,.T.);
#5684=FACE_BOUND('',#5348,.T.);
#5685=FACE_BOUND('',#5349,.T.);
#5686=FACE_BOUND('',#5350,.T.);
#5687=FACE_BOUND('',#5351,.T.);
#5688=FACE_BOUND('',#5352,.T.);
#5689=FACE_BOUND('',#5353,.T.);
#5690=FACE_BOUND('',#5354,.T.);
#5691=FACE_BOUND('',#5355,.T.);
#5692=FACE_BOUND('',#5356,.T.);
#5693=FACE_BOUND('',#5357,.T.);
#5694=FACE_BOUND('',#5358,.T.);
#5695=FACE_BOUND('',#5359,.T.);
#5696=FACE_BOUND('',#5360,.T.);
#5697=FACE_BOUND('',#5361,.T.);
#5698=FACE_BOUND('',#5362,.T.);
#5699=FACE_BOUND('',#5363,.T.);
#5700=FACE_BOUND('',#5364,.T.);
#5701=FACE_BOUND('',#5365,.T.);
#5702=FACE_BOUND('',#5366,.T.);
#5703=FACE_BOUND('',#5367,.T.);
#5704=FACE_BOUND('',#5368,.T.);
#5705=FACE_BOUND('',#5369,.T.);
#5706=FACE_BOUND('',#5370,.T.);
#5707=FACE_BOUND('',#5371,.T.);
#5708=FACE_BOUND('',#5372,.T.);
#5709=FACE_BOUND('',#5373,.T.);
#5710=FACE_BOUND('',#5374,.T.);
#5711=FACE_BOUND('',#5375,.T.);
#5712=FACE_BOUND('',#5376,.T.);
#5713=FACE_BOUND('',#5377,.T.);
#5714=FACE_BOUND('',#5378,.T.);
#5715=PLANE('',#6234);
#5716=PLANE('',#6423);
#5717=PLANE('',#6425);
#5718=PLANE('',#6427);
#5719=PLANE('',#6428);
#5720=PLANE('',#6432);
#5721=PLANE('',#6436);
#5722=PLANE('',#6437);
#5723=PLANE('',#6442);
#5724=PLANE('',#6445);
#5725=PLANE('',#6446);
#5726=PLANE('',#6450);
#5727=PLANE('',#6451);
#5728=PLANE('',#6452);
#5729=PLANE('',#6453);
#5730=PLANE('',#6454);
#5731=PLANE('',#6455);
#5732=PLANE('',#6457);
#5733=PLANE('',#6459);
#5734=PLANE('',#6462);
#5735=PLANE('',#6465);
#5736=PLANE('',#6468);
#5737=PLANE('',#6469);
#5738=PLANE('',#6473);
#5739=PLANE('',#6474);
#5740=PLANE('',#6475);
#5741=PLANE('',#6476);
#5742=PLANE('',#6477);
#5743=PLANE('',#6478);
#5744=PLANE('',#6479);
#5745=PLANE('',#6480);
#5746=PLANE('',#6481);
#5747=PLANE('',#6484);
#5748=PLANE('',#6485);
#5749=PLANE('',#6486);
#5750=PLANE('',#6487);
#5751=PLANE('',#6490);
#5752=PLANE('',#6538);
#5753=PLANE('',#6539);
#5754=PLANE('',#6540);
#5755=PLANE('',#6541);
#5756=PLANE('',#6542);
#5757=PLANE('',#6543);
#5758=PLANE('',#6544);
#5759=PLANE('',#6545);
#5760=PLANE('',#6546);
#5761=PLANE('',#6547);
#5762=PLANE('',#6548);
#5763=PLANE('',#6549);
#5764=PLANE('',#6554);
#5765=PLANE('',#6556);
#5766=PLANE('',#6558);
#5767=PLANE('',#6562);
#5768=PLANE('',#6565);
#5769=PLANE('',#6566);
#5770=PLANE('',#6615);
#5771=PLANE('',#6664);
#5772=PLANE('',#6715);
#5773=PLANE('',#6720);
#5774=PLANE('',#6721);
#5775=PLANE('',#6722);
#5776=PLANE('',#6723);
#5777=PLANE('',#6724);
#5778=PLANE('',#6725);
#5779=PLANE('',#6726);
#5780=PLANE('',#6727);
#5781=PLANE('',#6728);
#5782=PLANE('',#6729);
#5783=PLANE('',#6730);
#5784=PLANE('',#6731);
#5785=PLANE('',#6732);
#5786=PLANE('',#6733);
#5787=PLANE('',#6734);
#5788=PLANE('',#6735);
#5789=PLANE('',#6736);
#5790=PLANE('',#6737);
#5791=PLANE('',#6738);
#5792=PLANE('',#6739);
#5793=PLANE('',#6740);
#5794=PLANE('',#6741);
#5795=PLANE('',#6742);
#5796=PLANE('',#6743);
#5797=PLANE('',#6744);
#5798=PLANE('',#6745);
#5799=PLANE('',#6746);
#5800=PLANE('',#6747);
#5801=PLANE('',#6748);
#5802=PLANE('',#6749);
#5803=PLANE('',#6750);
#5804=PLANE('',#6751);
#5805=PLANE('',#6752);
#5806=PLANE('',#6753);
#5807=PLANE('',#6754);
#5808=PLANE('',#6755);
#5809=PLANE('',#6756);
#5810=PLANE('',#6757);
#5811=PLANE('',#6758);
#5812=PLANE('',#6759);
#5813=PLANE('',#6760);
#5814=PLANE('',#6761);
#5815=PLANE('',#6762);
#5816=PLANE('',#6763);
#5817=PLANE('',#6764);
#5818=PLANE('',#6765);
#5819=PLANE('',#6766);
#5820=PLANE('',#6816);
#5821=PLANE('',#6817);
#5822=PLANE('',#6818);
#5823=PLANE('',#6819);
#5824=PLANE('',#6820);
#5825=PLANE('',#6821);
#5826=PLANE('',#6822);
#5827=PLANE('',#6823);
#5828=PLANE('',#6824);
#5829=PLANE('',#6825);
#5830=PLANE('',#6826);
#5831=PLANE('',#6827);
#5832=PLANE('',#6828);
#5833=PLANE('',#6829);
#5834=PLANE('',#6830);
#5835=PLANE('',#6834);
#5836=PLANE('',#6838);
#5837=PLANE('',#6839);
#5838=PLANE('',#6840);
#5839=PLANE('',#6841);
#5840=PLANE('',#6842);
#5841=PLANE('',#6843);
#5842=PLANE('',#6845);
#5843=PLANE('',#6846);
#5844=PLANE('',#6847);
#5845=PLANE('',#6849);
#5846=PLANE('',#6850);
#5847=PLANE('',#6852);
#5848=PLANE('',#6853);
#5849=PLANE('',#6854);
#5850=PLANE('',#6855);
#5851=PLANE('',#6856);
#5852=PLANE('',#6857);
#5853=PLANE('',#6858);
#5854=PLANE('',#6859);
#5855=PLANE('',#6860);
#5856=PLANE('',#6861);
#5857=PLANE('',#6862);
#5858=PLANE('',#6863);
#5859=PLANE('',#6864);
#5860=PLANE('',#6865);
#5861=PLANE('',#6878);
#5862=PLANE('',#6880);
#5863=ADVANCED_FACE('',(#5379,#5380,#5381),#5715,.T.);
#5864=ADVANCED_FACE('',(#5382),#71,.F.);
#5865=ADVANCED_FACE('',(#5383),#72,.F.);
#5866=ADVANCED_FACE('',(#5384),#73,.F.);
#5867=ADVANCED_FACE('',(#5385),#74,.F.);
#5868=ADVANCED_FACE('',(#5386),#75,.F.);
#5869=ADVANCED_FACE('',(#5387),#76,.F.);
#5870=ADVANCED_FACE('',(#5388),#77,.F.);
#5871=ADVANCED_FACE('',(#5389),#78,.F.);
#5872=ADVANCED_FACE('',(#5390),#79,.F.);
#5873=ADVANCED_FACE('',(#5391),#80,.F.);
#5874=ADVANCED_FACE('',(#5392),#81,.F.);
#5875=ADVANCED_FACE('',(#5393),#82,.F.);
#5876=ADVANCED_FACE('',(#5394),#83,.F.);
#5877=ADVANCED_FACE('',(#5395),#84,.F.);
#5878=ADVANCED_FACE('',(#5396),#85,.F.);
#5879=ADVANCED_FACE('',(#5397),#86,.F.);
#5880=ADVANCED_FACE('',(#5398),#87,.F.);
#5881=ADVANCED_FACE('',(#5399),#88,.F.);
#5882=ADVANCED_FACE('',(#5400),#89,.F.);
#5883=ADVANCED_FACE('',(#5401),#90,.F.);
#5884=ADVANCED_FACE('',(#5402),#91,.F.);
#5885=ADVANCED_FACE('',(#5403),#92,.F.);
#5886=ADVANCED_FACE('',(#5404),#93,.F.);
#5887=ADVANCED_FACE('',(#5405),#94,.F.);
#5888=ADVANCED_FACE('',(#5406),#95,.F.);
#5889=ADVANCED_FACE('',(#5407),#96,.F.);
#5890=ADVANCED_FACE('',(#5408),#97,.F.);
#5891=ADVANCED_FACE('',(#5409),#98,.F.);
#5892=ADVANCED_FACE('',(#5410),#99,.F.);
#5893=ADVANCED_FACE('',(#5411),#100,.F.);
#5894=ADVANCED_FACE('',(#5412),#101,.F.);
#5895=ADVANCED_FACE('',(#5413),#102,.F.);
#5896=ADVANCED_FACE('',(#5414),#103,.F.);
#5897=ADVANCED_FACE('',(#5415),#104,.F.);
#5898=ADVANCED_FACE('',(#5416),#105,.F.);
#5899=ADVANCED_FACE('',(#5417),#106,.F.);
#5900=ADVANCED_FACE('',(#5418),#107,.F.);
#5901=ADVANCED_FACE('',(#5419),#108,.F.);
#5902=ADVANCED_FACE('',(#5420),#109,.F.);
#5903=ADVANCED_FACE('',(#5421),#110,.F.);
#5904=ADVANCED_FACE('',(#5422),#111,.F.);
#5905=ADVANCED_FACE('',(#5423),#112,.F.);
#5906=ADVANCED_FACE('',(#5424),#113,.F.);
#5907=ADVANCED_FACE('',(#5425),#114,.F.);
#5908=ADVANCED_FACE('',(#5426),#115,.F.);
#5909=ADVANCED_FACE('',(#5427),#116,.F.);
#5910=ADVANCED_FACE('',(#5428),#5716,.T.);
#5911=ADVANCED_FACE('',(#5429),#5717,.T.);
#5912=ADVANCED_FACE('',(#5430),#5718,.T.);
#5913=ADVANCED_FACE('',(#5431),#5719,.F.);
#5914=ADVANCED_FACE('',(#5432),#5720,.T.);
#5915=ADVANCED_FACE('',(#5433),#5721,.T.);
#5916=ADVANCED_FACE('',(#5434),#5722,.T.);
#5917=ADVANCED_FACE('',(#5435),#117,.T.);
#5918=ADVANCED_FACE('',(#5436),#118,.T.);
#5919=ADVANCED_FACE('',(#5437),#5723,.T.);
#5920=ADVANCED_FACE('',(#5438),#119,.F.);
#5921=ADVANCED_FACE('',(#5439),#5724,.F.);
#5922=ADVANCED_FACE('',(#5440),#5725,.T.);
#5923=ADVANCED_FACE('',(#5441),#120,.T.);
#5924=ADVANCED_FACE('',(#5442),#5726,.F.);
#5925=ADVANCED_FACE('',(#5443),#5727,.T.);
#5926=ADVANCED_FACE('',(#5444),#5728,.T.);
#5927=ADVANCED_FACE('',(#5445),#5729,.F.);
#5928=ADVANCED_FACE('',(#5446),#5730,.T.);
#5929=ADVANCED_FACE('',(#5447),#5731,.F.);
#5930=ADVANCED_FACE('',(#5448),#5732,.F.);
#5931=ADVANCED_FACE('',(#5449,#5450),#5733,.F.);
#5932=ADVANCED_FACE('',(#5451),#121,.T.);
#5933=ADVANCED_FACE('',(#5452),#5734,.T.);
#5934=ADVANCED_FACE('',(#5453),#122,.T.);
#5935=ADVANCED_FACE('',(#5454),#5735,.T.);
#5936=ADVANCED_FACE('',(#5455),#123,.F.);
#5937=ADVANCED_FACE('',(#5456),#5736,.T.);
#5938=ADVANCED_FACE('',(#5457),#5737,.F.);
#5939=ADVANCED_FACE('',(#5458),#124,.T.);
#5940=ADVANCED_FACE('',(#5459),#5738,.F.);
#5941=ADVANCED_FACE('',(#5460),#5739,.T.);
#5942=ADVANCED_FACE('',(#5461),#5740,.T.);
#5943=ADVANCED_FACE('',(#5462),#5741,.F.);
#5944=ADVANCED_FACE('',(#5463),#5742,.F.);
#5945=ADVANCED_FACE('',(#5464),#5743,.T.);
#5946=ADVANCED_FACE('',(#5465),#5744,.F.);
#5947=ADVANCED_FACE('',(#5466),#5745,.F.);
#5948=ADVANCED_FACE('',(#5467),#5746,.T.);
#5949=ADVANCED_FACE('',(#5468),#125,.F.);
#5950=ADVANCED_FACE('',(#5469),#5747,.T.);
#5951=ADVANCED_FACE('',(#5470),#5748,.T.);
#5952=ADVANCED_FACE('',(#5471),#5749,.T.);
#5953=ADVANCED_FACE('',(#5472),#5750,.T.);
#5954=ADVANCED_FACE('',(#5473),#126,.T.);
#5955=ADVANCED_FACE('',(#5474,#5475),#5751,.T.);
#5956=ADVANCED_FACE('',(#5476),#5752,.T.);
#5957=ADVANCED_FACE('',(#5477),#5753,.F.);
#5958=ADVANCED_FACE('',(#5478),#5754,.F.);
#5959=ADVANCED_FACE('',(#5479),#5755,.T.);
#5960=ADVANCED_FACE('',(#5480),#5756,.F.);
#5961=ADVANCED_FACE('',(#5481),#5757,.T.);
#5962=ADVANCED_FACE('',(#5482),#5758,.F.);
#5963=ADVANCED_FACE('',(#5483),#5759,.F.);
#5964=ADVANCED_FACE('',(#5484),#5760,.T.);
#5965=ADVANCED_FACE('',(#5485),#5761,.T.);
#5966=ADVANCED_FACE('',(#5486),#5762,.T.);
#5967=ADVANCED_FACE('',(#5487),#5763,.F.);
#5968=ADVANCED_FACE('',(#5488),#127,.T.);
#5969=ADVANCED_FACE('',(#5489),#128,.T.);
#5970=ADVANCED_FACE('',(#5490),#5764,.T.);
#5971=ADVANCED_FACE('',(#5491),#5765,.T.);
#5972=ADVANCED_FACE('',(#5492),#5766,.F.);
#5973=ADVANCED_FACE('',(#5493,#5494),#129,.F.);
#5974=ADVANCED_FACE('',(#5495),#5767,.F.);
#5975=ADVANCED_FACE('',(#5496),#130,.T.);
#5976=ADVANCED_FACE('',(#5497),#5768,.T.);
#5977=ADVANCED_FACE('',(#5498),#5769,.T.);
#5978=ADVANCED_FACE('',(#5499),#131,.F.);
#5979=ADVANCED_FACE('',(#5500),#132,.F.);
#5980=ADVANCED_FACE('',(#5501),#133,.F.);
#5981=ADVANCED_FACE('',(#5502),#134,.F.);
#5982=ADVANCED_FACE('',(#5503),#135,.F.);
#5983=ADVANCED_FACE('',(#5504),#136,.F.);
#5984=ADVANCED_FACE('',(#5505),#137,.F.);
#5985=ADVANCED_FACE('',(#5506),#138,.F.);
#5986=ADVANCED_FACE('',(#5507),#139,.F.);
#5987=ADVANCED_FACE('',(#5508),#140,.F.);
#5988=ADVANCED_FACE('',(#5509),#141,.F.);
#5989=ADVANCED_FACE('',(#5510),#142,.F.);
#5990=ADVANCED_FACE('',(#5511),#143,.F.);
#5991=ADVANCED_FACE('',(#5512),#144,.F.);
#5992=ADVANCED_FACE('',(#5513),#145,.F.);
#5993=ADVANCED_FACE('',(#5514),#146,.F.);
#5994=ADVANCED_FACE('',(#5515),#147,.F.);
#5995=ADVANCED_FACE('',(#5516),#148,.F.);
#5996=ADVANCED_FACE('',(#5517),#149,.F.);
#5997=ADVANCED_FACE('',(#5518),#150,.F.);
#5998=ADVANCED_FACE('',(#5519),#151,.F.);
#5999=ADVANCED_FACE('',(#5520),#152,.F.);
#6000=ADVANCED_FACE('',(#5521),#153,.F.);
#6001=ADVANCED_FACE('',(#5522),#154,.F.);
#6002=ADVANCED_FACE('',(#5523),#155,.F.);
#6003=ADVANCED_FACE('',(#5524),#156,.F.);
#6004=ADVANCED_FACE('',(#5525),#157,.F.);
#6005=ADVANCED_FACE('',(#5526),#158,.F.);
#6006=ADVANCED_FACE('',(#5527),#159,.F.);
#6007=ADVANCED_FACE('',(#5528),#160,.F.);
#6008=ADVANCED_FACE('',(#5529),#161,.F.);
#6009=ADVANCED_FACE('',(#5530),#162,.F.);
#6010=ADVANCED_FACE('',(#5531),#163,.F.);
#6011=ADVANCED_FACE('',(#5532),#164,.F.);
#6012=ADVANCED_FACE('',(#5533),#165,.F.);
#6013=ADVANCED_FACE('',(#5534),#166,.F.);
#6014=ADVANCED_FACE('',(#5535),#167,.F.);
#6015=ADVANCED_FACE('',(#5536),#168,.F.);
#6016=ADVANCED_FACE('',(#5537),#169,.F.);
#6017=ADVANCED_FACE('',(#5538),#170,.F.);
#6018=ADVANCED_FACE('',(#5539),#171,.F.);
#6019=ADVANCED_FACE('',(#5540),#172,.F.);
#6020=ADVANCED_FACE('',(#5541),#173,.F.);
#6021=ADVANCED_FACE('',(#5542),#174,.F.);
#6022=ADVANCED_FACE('',(#5543),#175,.F.);
#6023=ADVANCED_FACE('',(#5544),#176,.F.);
#6024=ADVANCED_FACE('',(#5545),#177,.F.);
#6025=ADVANCED_FACE('',(#5546,#5547),#5770,.T.);
#6026=ADVANCED_FACE('',(#5548,#5549),#5771,.F.);
#6027=ADVANCED_FACE('',(#5550,#5551),#178,.T.);
#6028=ADVANCED_FACE('',(#5552,#5553),#5772,.T.);
#6029=ADVANCED_FACE('',(#5554),#179,.F.);
#6030=ADVANCED_FACE('',(#5555),#15,.T.);
#6031=ADVANCED_FACE('',(#5556),#16,.T.);
#6032=ADVANCED_FACE('',(#5557),#17,.T.);
#6033=ADVANCED_FACE('',(#5558),#14,.F.);
#6034=ADVANCED_FACE('',(#5559),#5773,.T.);
#6035=ADVANCED_FACE('',(#5560),#5774,.T.);
#6036=ADVANCED_FACE('',(#5561),#5775,.T.);
#6037=ADVANCED_FACE('',(#5562),#5776,.T.);
#6038=ADVANCED_FACE('',(#5563),#5777,.T.);
#6039=ADVANCED_FACE('',(#5564),#5778,.T.);
#6040=ADVANCED_FACE('',(#5565),#5779,.T.);
#6041=ADVANCED_FACE('',(#5566),#5780,.T.);
#6042=ADVANCED_FACE('',(#5567),#5781,.T.);
#6043=ADVANCED_FACE('',(#5568),#5782,.T.);
#6044=ADVANCED_FACE('',(#5569),#5783,.T.);
#6045=ADVANCED_FACE('',(#5570),#5784,.T.);
#6046=ADVANCED_FACE('',(#5571),#5785,.T.);
#6047=ADVANCED_FACE('',(#5572),#5786,.T.);
#6048=ADVANCED_FACE('',(#5573),#5787,.T.);
#6049=ADVANCED_FACE('',(#5574),#5788,.T.);
#6050=ADVANCED_FACE('',(#5575),#5789,.T.);
#6051=ADVANCED_FACE('',(#5576),#5790,.T.);
#6052=ADVANCED_FACE('',(#5577),#5791,.T.);
#6053=ADVANCED_FACE('',(#5578),#5792,.T.);
#6054=ADVANCED_FACE('',(#5579),#5793,.T.);
#6055=ADVANCED_FACE('',(#5580),#5794,.T.);
#6056=ADVANCED_FACE('',(#5581),#5795,.T.);
#6057=ADVANCED_FACE('',(#5582),#5796,.T.);
#6058=ADVANCED_FACE('',(#5583),#5797,.T.);
#6059=ADVANCED_FACE('',(#5584),#5798,.T.);
#6060=ADVANCED_FACE('',(#5585),#5799,.T.);
#6061=ADVANCED_FACE('',(#5586),#5800,.T.);
#6062=ADVANCED_FACE('',(#5587),#5801,.T.);
#6063=ADVANCED_FACE('',(#5588),#5802,.T.);
#6064=ADVANCED_FACE('',(#5589),#5803,.T.);
#6065=ADVANCED_FACE('',(#5590),#5804,.T.);
#6066=ADVANCED_FACE('',(#5591),#5805,.T.);
#6067=ADVANCED_FACE('',(#5592),#5806,.T.);
#6068=ADVANCED_FACE('',(#5593),#5807,.T.);
#6069=ADVANCED_FACE('',(#5594),#5808,.T.);
#6070=ADVANCED_FACE('',(#5595),#5809,.T.);
#6071=ADVANCED_FACE('',(#5596),#5810,.T.);
#6072=ADVANCED_FACE('',(#5597),#5811,.T.);
#6073=ADVANCED_FACE('',(#5598),#5812,.T.);
#6074=ADVANCED_FACE('',(#5599),#5813,.T.);
#6075=ADVANCED_FACE('',(#5600),#5814,.T.);
#6076=ADVANCED_FACE('',(#5601),#5815,.T.);
#6077=ADVANCED_FACE('',(#5602),#5816,.T.);
#6078=ADVANCED_FACE('',(#5603),#5817,.T.);
#6079=ADVANCED_FACE('',(#5604),#5818,.T.);
#6080=ADVANCED_FACE('',(#5605),#5819,.T.);
#6081=ADVANCED_FACE('',(#5606),#180,.T.);
#6082=ADVANCED_FACE('',(#5607),#181,.T.);
#6083=ADVANCED_FACE('',(#5608),#182,.T.);
#6084=ADVANCED_FACE('',(#5609),#183,.T.);
#6085=ADVANCED_FACE('',(#5610),#184,.T.);
#6086=ADVANCED_FACE('',(#5611),#185,.T.);
#6087=ADVANCED_FACE('',(#5612),#186,.T.);
#6088=ADVANCED_FACE('',(#5613),#187,.T.);
#6089=ADVANCED_FACE('',(#5614),#188,.T.);
#6090=ADVANCED_FACE('',(#5615),#189,.T.);
#6091=ADVANCED_FACE('',(#5616),#190,.T.);
#6092=ADVANCED_FACE('',(#5617),#191,.T.);
#6093=ADVANCED_FACE('',(#5618),#192,.T.);
#6094=ADVANCED_FACE('',(#5619),#193,.T.);
#6095=ADVANCED_FACE('',(#5620),#194,.T.);
#6096=ADVANCED_FACE('',(#5621),#195,.T.);
#6097=ADVANCED_FACE('',(#5622),#196,.T.);
#6098=ADVANCED_FACE('',(#5623),#197,.T.);
#6099=ADVANCED_FACE('',(#5624),#198,.T.);
#6100=ADVANCED_FACE('',(#5625),#199,.T.);
#6101=ADVANCED_FACE('',(#5626),#200,.T.);
#6102=ADVANCED_FACE('',(#5627),#201,.T.);
#6103=ADVANCED_FACE('',(#5628),#202,.T.);
#6104=ADVANCED_FACE('',(#5629),#203,.T.);
#6105=ADVANCED_FACE('',(#5630),#204,.T.);
#6106=ADVANCED_FACE('',(#5631),#205,.T.);
#6107=ADVANCED_FACE('',(#5632),#206,.T.);
#6108=ADVANCED_FACE('',(#5633),#207,.T.);
#6109=ADVANCED_FACE('',(#5634),#208,.T.);
#6110=ADVANCED_FACE('',(#5635),#209,.T.);
#6111=ADVANCED_FACE('',(#5636),#210,.T.);
#6112=ADVANCED_FACE('',(#5637),#211,.T.);
#6113=ADVANCED_FACE('',(#5638),#212,.T.);
#6114=ADVANCED_FACE('',(#5639),#213,.T.);
#6115=ADVANCED_FACE('',(#5640),#214,.T.);
#6116=ADVANCED_FACE('',(#5641),#215,.T.);
#6117=ADVANCED_FACE('',(#5642),#216,.T.);
#6118=ADVANCED_FACE('',(#5643),#217,.T.);
#6119=ADVANCED_FACE('',(#5644),#218,.T.);
#6120=ADVANCED_FACE('',(#5645),#219,.T.);
#6121=ADVANCED_FACE('',(#5646),#220,.T.);
#6122=ADVANCED_FACE('',(#5647),#221,.T.);
#6123=ADVANCED_FACE('',(#5648),#222,.T.);
#6124=ADVANCED_FACE('',(#5649),#223,.T.);
#6125=ADVANCED_FACE('',(#5650),#224,.T.);
#6126=ADVANCED_FACE('',(#5651),#225,.T.);
#6127=ADVANCED_FACE('',(#5652),#226,.T.);
#6128=ADVANCED_FACE('',(#5653),#5820,.F.);
#6129=ADVANCED_FACE('',(#5654,#5655),#5821,.T.);
#6130=ADVANCED_FACE('',(#5656),#5822,.T.);
#6131=ADVANCED_FACE('',(#5657),#5823,.T.);
#6132=ADVANCED_FACE('',(#5658),#5824,.F.);
#6133=ADVANCED_FACE('',(#5659),#5825,.T.);
#6134=ADVANCED_FACE('',(#5660),#5826,.T.);
#6135=ADVANCED_FACE('',(#5661),#5827,.F.);
#6136=ADVANCED_FACE('',(#5662,#5663),#5828,.T.);
#6137=ADVANCED_FACE('',(#5664),#5829,.F.);
#6138=ADVANCED_FACE('',(#5665),#5830,.T.);
#6139=ADVANCED_FACE('',(#5666),#5831,.T.);
#6140=ADVANCED_FACE('',(#5667),#5832,.F.);
#6141=ADVANCED_FACE('',(#5668),#5833,.T.);
#6142=ADVANCED_FACE('',(#5669),#5834,.F.);
#6143=ADVANCED_FACE('',(#5670),#5835,.T.);
#6144=ADVANCED_FACE('',(#5671),#5836,.T.);
#6145=ADVANCED_FACE('',(#5672),#5837,.F.);
#6146=ADVANCED_FACE('',(#5673),#5838,.T.);
#6147=ADVANCED_FACE('',(#5674),#5839,.T.);
#6148=ADVANCED_FACE('',(#5675),#5840,.T.);
#6149=ADVANCED_FACE('',(#5676),#5841,.F.);
#6150=ADVANCED_FACE('',(#5677),#227,.F.);
#6151=ADVANCED_FACE('',(#5678),#5842,.F.);
#6152=ADVANCED_FACE('',(#5679),#5843,.F.);
#6153=ADVANCED_FACE('',(#5680),#5844,.T.);
#6154=ADVANCED_FACE('',(#5681),#228,.T.);
#6155=ADVANCED_FACE('',(#5682),#5845,.T.);
#6156=ADVANCED_FACE('',(#5683),#5846,.T.);
#6157=ADVANCED_FACE('',(#5684),#229,.T.);
#6158=ADVANCED_FACE('',(#5685),#5847,.T.);
#6159=ADVANCED_FACE('',(#5686),#5848,.F.);
#6160=ADVANCED_FACE('',(#5687),#5849,.F.);
#6161=ADVANCED_FACE('',(#5688),#5850,.T.);
#6162=ADVANCED_FACE('',(#5689),#5851,.F.);
#6163=ADVANCED_FACE('',(#5690),#5852,.F.);
#6164=ADVANCED_FACE('',(#5691),#5853,.F.);
#6165=ADVANCED_FACE('',(#5692),#5854,.T.);
#6166=ADVANCED_FACE('',(#5693),#5855,.T.);
#6167=ADVANCED_FACE('',(#5694),#5856,.F.);
#6168=ADVANCED_FACE('',(#5695),#5857,.T.);
#6169=ADVANCED_FACE('',(#5696),#5858,.T.);
#6170=ADVANCED_FACE('',(#5697),#5859,.T.);
#6171=ADVANCED_FACE('',(#5698),#5860,.T.);
#6172=ADVANCED_FACE('',(#5699,#5700),#230,.T.);
#6173=ADVANCED_FACE('',(#5701,#5702),#10,.T.);
#6174=ADVANCED_FACE('',(#5703,#5704),#231,.T.);
#6175=ADVANCED_FACE('',(#5705,#5706),#11,.T.);
#6176=ADVANCED_FACE('',(#5707,#5708),#232,.T.);
#6177=ADVANCED_FACE('',(#5709),#5861,.T.);
#6178=ADVANCED_FACE('',(#5710),#5862,.F.);
#6179=ADVANCED_FACE('',(#5711,#5712),#12,.T.);
#6180=ADVANCED_FACE('',(#5713,#5714),#13,.T.);
#6181=CLOSED_SHELL('',(#5863,#5864,#5865,#5866,#5867,#5868,#5869,#5870,
#5871,#5872,#5873,#5874,#5875,#5876,#5877,#5878,#5879,#5880,#5881,#5882,
#5883,#5884,#5885,#5886,#5887,#5888,#5889,#5890,#5891,#5892,#5893,#5894,
#5895,#5896,#5897,#5898,#5899,#5900,#5901,#5902,#5903,#5904,#5905,#5906,
#5907,#5908,#5909,#5910,#5911,#5912,#5913,#5914,#5915,#5916,#5917,#5918,
#5919,#5920,#5921,#5922,#5923,#5924,#5925,#5926,#5927,#5928,#5929,#5930,
#5931,#5932,#5933,#5934,#5935,#5936,#5937,#5938,#5939,#5940,#5941,#5942,
#5943,#5944,#5945,#5946,#5947,#5948,#5949,#5950,#5951,#5952,#5953,#5954,
#5955,#5956,#5957,#5958,#5959,#5960,#5961,#5962,#5963,#5964,#5965,#5966,
#5967,#5968,#5969,#5970,#5971,#5972,#5973,#5974,#5975,#5976,#5977,#5978,
#5979,#5980,#5981,#5982,#5983,#5984,#5985,#5986,#5987,#5988,#5989,#5990,
#5991,#5992,#5993,#5994,#5995,#5996,#5997,#5998,#5999,#6000,#6001,#6002,
#6003,#6004,#6005,#6006,#6007,#6008,#6009,#6010,#6011,#6012,#6013,#6014,
#6015,#6016,#6017,#6018,#6019,#6020,#6021,#6022,#6023,#6024));
#6182=CLOSED_SHELL('',(#6025,#6026,#6027,#6028,#6029,#6030,#6031,#6032,
#6033,#6034,#6035,#6036,#6037,#6038,#6039,#6040,#6041,#6042,#6043,#6044,
#6045,#6046,#6047,#6048,#6049,#6050,#6051,#6052,#6053,#6054,#6055,#6056,
#6057,#6058,#6059,#6060,#6061,#6062,#6063,#6064,#6065,#6066,#6067,#6068,
#6069,#6070,#6071,#6072,#6073,#6074,#6075,#6076,#6077,#6078,#6079,#6080,
#6081,#6082,#6083,#6084,#6085,#6086,#6087,#6088,#6089,#6090,#6091,#6092,
#6093,#6094,#6095,#6096,#6097,#6098,#6099,#6100,#6101,#6102,#6103,#6104,
#6105,#6106,#6107,#6108,#6109,#6110,#6111,#6112,#6113,#6114,#6115,#6116,
#6117,#6118,#6119,#6120,#6121,#6122,#6123,#6124,#6125,#6126,#6127));
#6183=CLOSED_SHELL('',(#6128,#6129,#6130,#6131,#6132,#6133,#6134,#6135,
#6136,#6137,#6138,#6139,#6140,#6141,#6142,#6143,#6144,#6145,#6146,#6147,
#6148,#6149,#6150,#6151,#6152,#6153,#6154,#6155,#6156,#6157,#6158,#6159,
#6160,#6161,#6162,#6163,#6164,#6165,#6166,#6167,#6168,#6169,#6170,#6171));
#6184=CLOSED_SHELL('',(#6172,#6173,#6174,#6175,#6176,#6177,#6178,#6179,
#6180));
#6185=STYLED_ITEM('',(#6189),#6219);
#6186=STYLED_ITEM('',(#6190),#6220);
#6187=STYLED_ITEM('',(#6191),#6221);
#6188=STYLED_ITEM('',(#6192),#6222);
#6189=PRESENTATION_STYLE_ASSIGNMENT((#6193));
#6190=PRESENTATION_STYLE_ASSIGNMENT((#6194));
#6191=PRESENTATION_STYLE_ASSIGNMENT((#6195));
#6192=PRESENTATION_STYLE_ASSIGNMENT((#6196));
#6193=SURFACE_STYLE_USAGE(.BOTH.,#6197);
#6194=SURFACE_STYLE_USAGE(.BOTH.,#6198);
#6195=SURFACE_STYLE_USAGE(.BOTH.,#6199);
#6196=SURFACE_STYLE_USAGE(.BOTH.,#6200);
#6197=SURFACE_SIDE_STYLE('',(#6205,#6201));
#6198=SURFACE_SIDE_STYLE('',(#6206));
#6199=SURFACE_SIDE_STYLE('',(#6207,#6202));
#6200=SURFACE_SIDE_STYLE('',(#6208));
#6201=SURFACE_STYLE_RENDERING_WITH_PROPERTIES(.CONSTANT_SHADING.,#6217,
(#6203));
#6202=SURFACE_STYLE_RENDERING_WITH_PROPERTIES(.CONSTANT_SHADING.,#6217,
(#6204));
#6203=SURFACE_STYLE_TRANSPARENT(0.501960784313726);
#6204=SURFACE_STYLE_TRANSPARENT(0.501960784313726);
#6205=SURFACE_STYLE_FILL_AREA(#6209);
#6206=SURFACE_STYLE_FILL_AREA(#6210);
#6207=SURFACE_STYLE_FILL_AREA(#6211);
#6208=SURFACE_STYLE_FILL_AREA(#6212);
#6209=FILL_AREA_STYLE('',(#6213));
#6210=FILL_AREA_STYLE('',(#6214));
#6211=FILL_AREA_STYLE('',(#6215));
#6212=FILL_AREA_STYLE('',(#6216));
#6213=FILL_AREA_STYLE_COLOUR('',#6217);
#6214=FILL_AREA_STYLE_COLOUR('',#6218);
#6215=FILL_AREA_STYLE_COLOUR('',#6217);
#6216=FILL_AREA_STYLE_COLOUR('',#6218);
#6217=COLOUR_RGB('',0.701960784313725,0.682352941176471,0.623529411764706);
#6218=COLOUR_RGB('',0.980392156862745,0.713725490196078,0.00392156862745098);
#6219=MANIFOLD_SOLID_BREP('Stabilizer Housing',#6181);
#6220=MANIFOLD_SOLID_BREP('M2 Insert',#6182);
#6221=MANIFOLD_SOLID_BREP('Stabilizer Insert',#6183);
#6222=MANIFOLD_SOLID_BREP('7U Stabilizer Bar',#6184);
#6223=SHAPE_DEFINITION_REPRESENTATION(#12290,#6228);
#6224=SHAPE_DEFINITION_REPRESENTATION(#12291,#6229);
#6225=SHAPE_DEFINITION_REPRESENTATION(#12293,#6230);
#6226=SHAPE_DEFINITION_REPRESENTATION(#12296,#6231);
#6227=SHAPE_DEFINITION_REPRESENTATION(#12298,#6232);
#6228=SHAPE_REPRESENTATION('7U Stabilizer',(#6233,#6614,#6814,#6815,#6866,
#6884,#6885,#6886),#12277);
#6229=SHAPE_REPRESENTATION('Stabilizer Housing',(#6233),#12278);
#6230=SHAPE_REPRESENTATION('M2 Insert',(#6233),#12279);
#6231=SHAPE_REPRESENTATION('Stabilizer Insert',(#6233),#12280);
#6232=SHAPE_REPRESENTATION('7U Stabilizer Bar',(#6233),#12281);
#6233=AXIS2_PLACEMENT_3D('',#8764,#6887,#6888);
#6234=AXIS2_PLACEMENT_3D('',#8765,#6889,#6890);
#6235=AXIS2_PLACEMENT_3D('',#8775,#6895,#6896);
#6236=AXIS2_PLACEMENT_3D('',#8785,#6901,#6902);
#6237=AXIS2_PLACEMENT_3D('',#8798,#6909,#6910);
#6238=AXIS2_PLACEMENT_3D('',#8801,#6911,#6912);
#6239=AXIS2_PLACEMENT_3D('',#8803,#6913,#6914);
#6240=AXIS2_PLACEMENT_3D('',#8805,#6915,#6916);
#6241=AXIS2_PLACEMENT_3D('',#8807,#6917,#6918);
#6242=AXIS2_PLACEMENT_3D('',#8809,#6919,#6920);
#6243=AXIS2_PLACEMENT_3D('',#8811,#6921,#6922);
#6244=AXIS2_PLACEMENT_3D('',#8813,#6923,#6924);
#6245=AXIS2_PLACEMENT_3D('',#8815,#6925,#6926);
#6246=AXIS2_PLACEMENT_3D('',#8817,#6927,#6928);
#6247=AXIS2_PLACEMENT_3D('',#8819,#6929,#6930);
#6248=AXIS2_PLACEMENT_3D('',#8821,#6931,#6932);
#6249=AXIS2_PLACEMENT_3D('',#8823,#6933,#6934);
#6250=AXIS2_PLACEMENT_3D('',#8825,#6935,#6936);
#6251=AXIS2_PLACEMENT_3D('',#8827,#6937,#6938);
#6252=AXIS2_PLACEMENT_3D('',#8829,#6939,#6940);
#6253=AXIS2_PLACEMENT_3D('',#8831,#6941,#6942);
#6254=AXIS2_PLACEMENT_3D('',#8833,#6943,#6944);
#6255=AXIS2_PLACEMENT_3D('',#8835,#6945,#6946);
#6256=AXIS2_PLACEMENT_3D('',#8837,#6947,#6948);
#6257=AXIS2_PLACEMENT_3D('',#8839,#6949,#6950);
#6258=AXIS2_PLACEMENT_3D('',#8841,#6951,#6952);
#6259=AXIS2_PLACEMENT_3D('',#8843,#6953,#6954);
#6260=AXIS2_PLACEMENT_3D('',#8845,#6955,#6956);
#6261=AXIS2_PLACEMENT_3D('',#8847,#6957,#6958);
#6262=AXIS2_PLACEMENT_3D('',#8849,#6959,#6960);
#6263=AXIS2_PLACEMENT_3D('',#8851,#6961,#6962);
#6264=AXIS2_PLACEMENT_3D('',#8853,#6963,#6964);
#6265=AXIS2_PLACEMENT_3D('',#8855,#6965,#6966);
#6266=AXIS2_PLACEMENT_3D('',#8857,#6967,#6968);
#6267=AXIS2_PLACEMENT_3D('',#8859,#6969,#6970);
#6268=AXIS2_PLACEMENT_3D('',#8861,#6971,#6972);
#6269=AXIS2_PLACEMENT_3D('',#8863,#6973,#6974);
#6270=AXIS2_PLACEMENT_3D('',#8865,#6975,#6976);
#6271=AXIS2_PLACEMENT_3D('',#8867,#6977,#6978);
#6272=AXIS2_PLACEMENT_3D('',#8869,#6979,#6980);
#6273=AXIS2_PLACEMENT_3D('',#8871,#6981,#6982);
#6274=AXIS2_PLACEMENT_3D('',#8873,#6983,#6984);
#6275=AXIS2_PLACEMENT_3D('',#8875,#6985,#6986);
#6276=AXIS2_PLACEMENT_3D('',#8877,#6987,#6988);
#6277=AXIS2_PLACEMENT_3D('',#8879,#6989,#6990);
#6278=AXIS2_PLACEMENT_3D('',#8881,#6991,#6992);
#6279=AXIS2_PLACEMENT_3D('',#8883,#6993,#6994);
#6280=AXIS2_PLACEMENT_3D('',#8885,#6995,#6996);
#6281=AXIS2_PLACEMENT_3D('',#8887,#6997,#6998);
#6282=AXIS2_PLACEMENT_3D('',#8889,#6999,#7000);
#6283=AXIS2_PLACEMENT_3D('',#8891,#7001,#7002);
#6284=AXIS2_PLACEMENT_3D('',#8893,#7003,#7004);
#6285=AXIS2_PLACEMENT_3D('',#8895,#7005,#7006);
#6286=AXIS2_PLACEMENT_3D('',#8897,#7007,#7008);
#6287=AXIS2_PLACEMENT_3D('',#8899,#7009,#7010);
#6288=AXIS2_PLACEMENT_3D('',#8901,#7011,#7012);
#6289=AXIS2_PLACEMENT_3D('',#8903,#7013,#7014);
#6290=AXIS2_PLACEMENT_3D('',#8905,#7015,#7016);
#6291=AXIS2_PLACEMENT_3D('',#8907,#7017,#7018);
#6292=AXIS2_PLACEMENT_3D('',#8909,#7019,#7020);
#6293=AXIS2_PLACEMENT_3D('',#8911,#7021,#7022);
#6294=AXIS2_PLACEMENT_3D('',#8913,#7023,#7024);
#6295=AXIS2_PLACEMENT_3D('',#8915,#7025,#7026);
#6296=AXIS2_PLACEMENT_3D('',#8917,#7027,#7028);
#6297=AXIS2_PLACEMENT_3D('',#8919,#7029,#7030);
#6298=AXIS2_PLACEMENT_3D('',#8921,#7031,#7032);
#6299=AXIS2_PLACEMENT_3D('',#8923,#7033,#7034);
#6300=AXIS2_PLACEMENT_3D('',#8925,#7035,#7036);
#6301=AXIS2_PLACEMENT_3D('',#8927,#7037,#7038);
#6302=AXIS2_PLACEMENT_3D('',#8929,#7039,#7040);
#6303=AXIS2_PLACEMENT_3D('',#8931,#7041,#7042);
#6304=AXIS2_PLACEMENT_3D('',#8933,#7043,#7044);
#6305=AXIS2_PLACEMENT_3D('',#8935,#7045,#7046);
#6306=AXIS2_PLACEMENT_3D('',#8937,#7047,#7048);
#6307=AXIS2_PLACEMENT_3D('',#8939,#7049,#7050);
#6308=AXIS2_PLACEMENT_3D('',#8941,#7051,#7052);
#6309=AXIS2_PLACEMENT_3D('',#8943,#7053,#7054);
#6310=AXIS2_PLACEMENT_3D('',#8945,#7055,#7056);
#6311=AXIS2_PLACEMENT_3D('',#8947,#7057,#7058);
#6312=AXIS2_PLACEMENT_3D('',#8949,#7059,#7060);
#6313=AXIS2_PLACEMENT_3D('',#8951,#7061,#7062);
#6314=AXIS2_PLACEMENT_3D('',#8953,#7063,#7064);
#6315=AXIS2_PLACEMENT_3D('',#8955,#7065,#7066);
#6316=AXIS2_PLACEMENT_3D('',#8957,#7067,#7068);
#6317=AXIS2_PLACEMENT_3D('',#8959,#7069,#7070);
#6318=AXIS2_PLACEMENT_3D('',#8961,#7071,#7072);
#6319=AXIS2_PLACEMENT_3D('',#8963,#7073,#7074);
#6320=AXIS2_PLACEMENT_3D('',#8965,#7075,#7076);
#6321=AXIS2_PLACEMENT_3D('',#8967,#7077,#7078);
#6322=AXIS2_PLACEMENT_3D('',#8969,#7079,#7080);
#6323=AXIS2_PLACEMENT_3D('',#8971,#7081,#7082);
#6324=AXIS2_PLACEMENT_3D('',#8973,#7083,#7084);
#6325=AXIS2_PLACEMENT_3D('',#8975,#7085,#7086);
#6326=AXIS2_PLACEMENT_3D('',#8977,#7087,#7088);
#6327=AXIS2_PLACEMENT_3D('',#8979,#7089,#7090);
#6328=AXIS2_PLACEMENT_3D('',#8981,#7091,#7092);
#6329=AXIS2_PLACEMENT_3D('',#8983,#7093,#7094);
#6330=AXIS2_PLACEMENT_3D('',#8985,#7095,#7096);
#6331=AXIS2_PLACEMENT_3D('',#8986,#7097,#7098);
#6332=AXIS2_PLACEMENT_3D('',#8989,#7100,#7101);
#6333=AXIS2_PLACEMENT_3D('',#8992,#7103,#7104);
#6334=AXIS2_PLACEMENT_3D('',#8993,#7105,#7106);
#6335=AXIS2_PLACEMENT_3D('',#8998,#7109,#7110);
#6336=AXIS2_PLACEMENT_3D('',#8999,#7111,#7112);
#6337=AXIS2_PLACEMENT_3D('',#9004,#7115,#7116);
#6338=AXIS2_PLACEMENT_3D('',#9005,#7117,#7118);
#6339=AXIS2_PLACEMENT_3D('',#9010,#7121,#7122);
#6340=AXIS2_PLACEMENT_3D('',#9011,#7123,#7124);
#6341=AXIS2_PLACEMENT_3D('',#9016,#7127,#7128);
#6342=AXIS2_PLACEMENT_3D('',#9017,#7129,#7130);
#6343=AXIS2_PLACEMENT_3D('',#9022,#7133,#7134);
#6344=AXIS2_PLACEMENT_3D('',#9023,#7135,#7136);
#6345=AXIS2_PLACEMENT_3D('',#9028,#7139,#7140);
#6346=AXIS2_PLACEMENT_3D('',#9029,#7141,#7142);
#6347=AXIS2_PLACEMENT_3D('',#9034,#7145,#7146);
#6348=AXIS2_PLACEMENT_3D('',#9035,#7147,#7148);
#6349=AXIS2_PLACEMENT_3D('',#9040,#7151,#7152);
#6350=AXIS2_PLACEMENT_3D('',#9041,#7153,#7154);
#6351=AXIS2_PLACEMENT_3D('',#9046,#7157,#7158);
#6352=AXIS2_PLACEMENT_3D('',#9047,#7159,#7160);
#6353=AXIS2_PLACEMENT_3D('',#9052,#7163,#7164);
#6354=AXIS2_PLACEMENT_3D('',#9053,#7165,#7166);
#6355=AXIS2_PLACEMENT_3D('',#9058,#7169,#7170);
#6356=AXIS2_PLACEMENT_3D('',#9059,#7171,#7172);
#6357=AXIS2_PLACEMENT_3D('',#9064,#7175,#7176);
#6358=AXIS2_PLACEMENT_3D('',#9065,#7177,#7178);
#6359=AXIS2_PLACEMENT_3D('',#9070,#7181,#7182);
#6360=AXIS2_PLACEMENT_3D('',#9071,#7183,#7184);
#6361=AXIS2_PLACEMENT_3D('',#9076,#7187,#7188);
#6362=AXIS2_PLACEMENT_3D('',#9077,#7189,#7190);
#6363=AXIS2_PLACEMENT_3D('',#9082,#7193,#7194);
#6364=AXIS2_PLACEMENT_3D('',#9083,#7195,#7196);
#6365=AXIS2_PLACEMENT_3D('',#9088,#7199,#7200);
#6366=AXIS2_PLACEMENT_3D('',#9089,#7201,#7202);
#6367=AXIS2_PLACEMENT_3D('',#9094,#7205,#7206);
#6368=AXIS2_PLACEMENT_3D('',#9095,#7207,#7208);
#6369=AXIS2_PLACEMENT_3D('',#9100,#7211,#7212);
#6370=AXIS2_PLACEMENT_3D('',#9101,#7213,#7214);
#6371=AXIS2_PLACEMENT_3D('',#9106,#7217,#7218);
#6372=AXIS2_PLACEMENT_3D('',#9107,#7219,#7220);
#6373=AXIS2_PLACEMENT_3D('',#9112,#7223,#7224);
#6374=AXIS2_PLACEMENT_3D('',#9113,#7225,#7226);
#6375=AXIS2_PLACEMENT_3D('',#9118,#7229,#7230);
#6376=AXIS2_PLACEMENT_3D('',#9119,#7231,#7232);
#6377=AXIS2_PLACEMENT_3D('',#9124,#7235,#7236);
#6378=AXIS2_PLACEMENT_3D('',#9125,#7237,#7238);
#6379=AXIS2_PLACEMENT_3D('',#9130,#7241,#7242);
#6380=AXIS2_PLACEMENT_3D('',#9131,#7243,#7244);
#6381=AXIS2_PLACEMENT_3D('',#9136,#7247,#7248);
#6382=AXIS2_PLACEMENT_3D('',#9137,#7249,#7250);
#6383=AXIS2_PLACEMENT_3D('',#9142,#7253,#7254);
#6384=AXIS2_PLACEMENT_3D('',#9143,#7255,#7256);
#6385=AXIS2_PLACEMENT_3D('',#9148,#7259,#7260);
#6386=AXIS2_PLACEMENT_3D('',#9149,#7261,#7262);
#6387=AXIS2_PLACEMENT_3D('',#9154,#7265,#7266);
#6388=AXIS2_PLACEMENT_3D('',#9155,#7267,#7268);
#6389=AXIS2_PLACEMENT_3D('',#9160,#7271,#7272);
#6390=AXIS2_PLACEMENT_3D('',#9161,#7273,#7274);
#6391=AXIS2_PLACEMENT_3D('',#9166,#7277,#7278);
#6392=AXIS2_PLACEMENT_3D('',#9167,#7279,#7280);
#6393=AXIS2_PLACEMENT_3D('',#9172,#7283,#7284);
#6394=AXIS2_PLACEMENT_3D('',#9173,#7285,#7286);
#6395=AXIS2_PLACEMENT_3D('',#9178,#7289,#7290);
#6396=AXIS2_PLACEMENT_3D('',#9179,#7291,#7292);
#6397=AXIS2_PLACEMENT_3D('',#9184,#7295,#7296);
#6398=AXIS2_PLACEMENT_3D('',#9185,#7297,#7298);
#6399=AXIS2_PLACEMENT_3D('',#9190,#7301,#7302);
#6400=AXIS2_PLACEMENT_3D('',#9191,#7303,#7304);
#6401=AXIS2_PLACEMENT_3D('',#9196,#7307,#7308);
#6402=AXIS2_PLACEMENT_3D('',#9197,#7309,#7310);
#6403=AXIS2_PLACEMENT_3D('',#9202,#7313,#7314);
#6404=AXIS2_PLACEMENT_3D('',#9203,#7315,#7316);
#6405=AXIS2_PLACEMENT_3D('',#9208,#7319,#7320);
#6406=AXIS2_PLACEMENT_3D('',#9209,#7321,#7322);
#6407=AXIS2_PLACEMENT_3D('',#9214,#7325,#7326);
#6408=AXIS2_PLACEMENT_3D('',#9215,#7327,#7328);
#6409=AXIS2_PLACEMENT_3D('',#9220,#7331,#7332);
#6410=AXIS2_PLACEMENT_3D('',#9221,#7333,#7334);
#6411=AXIS2_PLACEMENT_3D('',#9226,#7337,#7338);
#6412=AXIS2_PLACEMENT_3D('',#9227,#7339,#7340);
#6413=AXIS2_PLACEMENT_3D('',#9232,#7343,#7344);
#6414=AXIS2_PLACEMENT_3D('',#9233,#7345,#7346);
#6415=AXIS2_PLACEMENT_3D('',#9238,#7349,#7350);
#6416=AXIS2_PLACEMENT_3D('',#9239,#7351,#7352);
#6417=AXIS2_PLACEMENT_3D('',#9244,#7355,#7356);
#6418=AXIS2_PLACEMENT_3D('',#9245,#7357,#7358);
#6419=AXIS2_PLACEMENT_3D('',#9250,#7361,#7362);
#6420=AXIS2_PLACEMENT_3D('',#9251,#7363,#7364);
#6421=AXIS2_PLACEMENT_3D('',#9256,#7367,#7368);
#6422=AXIS2_PLACEMENT_3D('',#9257,#7369,#7370);
#6423=AXIS2_PLACEMENT_3D('',#9262,#7373,#7374);
#6424=AXIS2_PLACEMENT_3D('',#9266,#7376,#7377);
#6425=AXIS2_PLACEMENT_3D('',#9273,#7381,#7382);
#6426=AXIS2_PLACEMENT_3D('',#9274,#7383,#7384);
#6427=AXIS2_PLACEMENT_3D('',#9283,#7389,#7390);
#6428=AXIS2_PLACEMENT_3D('',#9300,#7399,#7400);
#6429=AXIS2_PLACEMENT_3D('',#9303,#7402,#7403);
#6430=AXIS2_PLACEMENT_3D('',#9307,#7405,#7406);
#6431=AXIS2_PLACEMENT_3D('',#9311,#7408,#7409);
#6432=AXIS2_PLACEMENT_3D('',#9314,#7411,#7412);
#6433=AXIS2_PLACEMENT_3D('',#9319,#7415,#7416);
#6434=AXIS2_PLACEMENT_3D('',#9323,#7418,#7419);
#6435=AXIS2_PLACEMENT_3D('',#9327,#7421,#7422);
#6436=AXIS2_PLACEMENT_3D('',#9328,#7423,#7424);
#6437=AXIS2_PLACEMENT_3D('',#9334,#7428,#7429);
#6438=AXIS2_PLACEMENT_3D('',#9344,#7435,#7436);
#6439=AXIS2_PLACEMENT_3D('',#9345,#7437,#7438);
#6440=AXIS2_PLACEMENT_3D('',#9346,#7439,#7440);
#6441=AXIS2_PLACEMENT_3D('',#9347,#7441,#7442);
#6442=AXIS2_PLACEMENT_3D('',#9350,#7444,#7445);
#6443=AXIS2_PLACEMENT_3D('',#9354,#7448,#7449);
#6444=AXIS2_PLACEMENT_3D('',#9355,#7450,#7451);
#6445=AXIS2_PLACEMENT_3D('',#9358,#7453,#7454);
#6446=AXIS2_PLACEMENT_3D('',#9365,#7459,#7460);
#6447=AXIS2_PLACEMENT_3D('',#9374,#7465,#7466);
#6448=AXIS2_PLACEMENT_3D('',#9378,#7468,#7469);
#6449=AXIS2_PLACEMENT_3D('',#9382,#7471,#7472);
#6450=AXIS2_PLACEMENT_3D('',#9383,#7473,#7474);
#6451=AXIS2_PLACEMENT_3D('',#9389,#7478,#7479);
#6452=AXIS2_PLACEMENT_3D('',#9392,#7482,#7483);
#6453=AXIS2_PLACEMENT_3D('',#9403,#7490,#7491);
#6454=AXIS2_PLACEMENT_3D('',#9409,#7495,#7496);
#6455=AXIS2_PLACEMENT_3D('',#9419,#7502,#7503);
#6456=AXIS2_PLACEMENT_3D('',#9420,#7504,#7505);
#6457=AXIS2_PLACEMENT_3D('',#9428,#7509,#7510);
#6458=AXIS2_PLACEMENT_3D('',#9429,#7511,#7512);
#6459=AXIS2_PLACEMENT_3D('',#9434,#7515,#7516);
#6460=AXIS2_PLACEMENT_3D('',#9448,#7524,#7525);
#6461=AXIS2_PLACEMENT_3D('',#9449,#7526,#7527);
#6462=AXIS2_PLACEMENT_3D('',#9452,#7529,#7530);
#6463=AXIS2_PLACEMENT_3D('',#9456,#7533,#7534);
#6464=AXIS2_PLACEMENT_3D('',#9457,#7535,#7536);
#6465=AXIS2_PLACEMENT_3D('',#9460,#7538,#7539);
#6466=AXIS2_PLACEMENT_3D('',#9464,#7542,#7543);
#6467=AXIS2_PLACEMENT_3D('',#9465,#7544,#7545);
#6468=AXIS2_PLACEMENT_3D('',#9468,#7547,#7548);
#6469=AXIS2_PLACEMENT_3D('',#9476,#7554,#7555);
#6470=AXIS2_PLACEMENT_3D('',#9480,#7559,#7560);
#6471=AXIS2_PLACEMENT_3D('',#9481,#7561,#7562);
#6472=AXIS2_PLACEMENT_3D('',#9483,#7563,#7564);
#6473=AXIS2_PLACEMENT_3D('',#9486,#7566,#7567);
#6474=AXIS2_PLACEMENT_3D('',#9492,#7571,#7572);
#6475=AXIS2_PLACEMENT_3D('',#9498,#7576,#7577);
#6476=AXIS2_PLACEMENT_3D('',#9504,#7581,#7582);
#6477=AXIS2_PLACEMENT_3D('',#9510,#7588,#7589);
#6478=AXIS2_PLACEMENT_3D('',#9516,#7593,#7594);
#6479=AXIS2_PLACEMENT_3D('',#9522,#7598,#7599);
#6480=AXIS2_PLACEMENT_3D('',#9525,#7602,#7603);
#6481=AXIS2_PLACEMENT_3D('',#9527,#7605,#7606);
#6482=AXIS2_PLACEMENT_3D('',#9529,#7608,#7609);
#6483=AXIS2_PLACEMENT_3D('',#9530,#7610,#7611);
#6484=AXIS2_PLACEMENT_3D('',#9535,#7614,#7615);
#6485=AXIS2_PLACEMENT_3D('',#9539,#7618,#7619);
#6486=AXIS2_PLACEMENT_3D('',#9543,#7622,#7623);
#6487=AXIS2_PLACEMENT_3D('',#9548,#7627,#7628);
#6488=AXIS2_PLACEMENT_3D('',#9554,#7632,#7633);
#6489=AXIS2_PLACEMENT_3D('',#9555,#7634,#7635);
#6490=AXIS2_PLACEMENT_3D('',#9556,#7636,#7637);
#6491=AXIS2_PLACEMENT_3D('',#9557,#7638,#7639);
#6492=AXIS2_PLACEMENT_3D('',#9558,#7640,#7641);
#6493=AXIS2_PLACEMENT_3D('',#9559,#7642,#7643);
#6494=AXIS2_PLACEMENT_3D('',#9560,#7644,#7645);
#6495=AXIS2_PLACEMENT_3D('',#9561,#7646,#7647);
#6496=AXIS2_PLACEMENT_3D('',#9562,#7648,#7649);
#6497=AXIS2_PLACEMENT_3D('',#9563,#7650,#7651);
#6498=AXIS2_PLACEMENT_3D('',#9564,#7652,#7653);
#6499=AXIS2_PLACEMENT_3D('',#9565,#7654,#7655);
#6500=AXIS2_PLACEMENT_3D('',#9566,#7656,#7657);
#6501=AXIS2_PLACEMENT_3D('',#9567,#7658,#7659);
#6502=AXIS2_PLACEMENT_3D('',#9568,#7660,#7661);
#6503=AXIS2_PLACEMENT_3D('',#9569,#7662,#7663);
#6504=AXIS2_PLACEMENT_3D('',#9570,#7664,#7665);
#6505=AXIS2_PLACEMENT_3D('',#9571,#7666,#7667);
#6506=AXIS2_PLACEMENT_3D('',#9572,#7668,#7669);
#6507=AXIS2_PLACEMENT_3D('',#9573,#7670,#7671);
#6508=AXIS2_PLACEMENT_3D('',#9574,#7672,#7673);
#6509=AXIS2_PLACEMENT_3D('',#9575,#7674,#7675);
#6510=AXIS2_PLACEMENT_3D('',#9576,#7676,#7677);
#6511=AXIS2_PLACEMENT_3D('',#9577,#7678,#7679);
#6512=AXIS2_PLACEMENT_3D('',#9578,#7680,#7681);
#6513=AXIS2_PLACEMENT_3D('',#9579,#7682,#7683);
#6514=AXIS2_PLACEMENT_3D('',#9580,#7684,#7685);
#6515=AXIS2_PLACEMENT_3D('',#9581,#7686,#7687);
#6516=AXIS2_PLACEMENT_3D('',#9582,#7688,#7689);
#6517=AXIS2_PLACEMENT_3D('',#9583,#7690,#7691);
#6518=AXIS2_PLACEMENT_3D('',#9584,#7692,#7693);
#6519=AXIS2_PLACEMENT_3D('',#9585,#7694,#7695);
#6520=AXIS2_PLACEMENT_3D('',#9586,#7696,#7697);
#6521=AXIS2_PLACEMENT_3D('',#9587,#7698,#7699);
#6522=AXIS2_PLACEMENT_3D('',#9588,#7700,#7701);
#6523=AXIS2_PLACEMENT_3D('',#9589,#7702,#7703);
#6524=AXIS2_PLACEMENT_3D('',#9590,#7704,#7705);
#6525=AXIS2_PLACEMENT_3D('',#9591,#7706,#7707);
#6526=AXIS2_PLACEMENT_3D('',#9592,#7708,#7709);
#6527=AXIS2_PLACEMENT_3D('',#9593,#7710,#7711);
#6528=AXIS2_PLACEMENT_3D('',#9594,#7712,#7713);
#6529=AXIS2_PLACEMENT_3D('',#9595,#7714,#7715);
#6530=AXIS2_PLACEMENT_3D('',#9596,#7716,#7717);
#6531=AXIS2_PLACEMENT_3D('',#9597,#7718,#7719);
#6532=AXIS2_PLACEMENT_3D('',#9598,#7720,#7721);
#6533=AXIS2_PLACEMENT_3D('',#9599,#7722,#7723);
#6534=AXIS2_PLACEMENT_3D('',#9600,#7724,#7725);
#6535=AXIS2_PLACEMENT_3D('',#9601,#7726,#7727);
#6536=AXIS2_PLACEMENT_3D('',#9602,#7728,#7729);
#6537=AXIS2_PLACEMENT_3D('',#9603,#7730,#7731);
#6538=AXIS2_PLACEMENT_3D('',#9604,#7732,#7733);
#6539=AXIS2_PLACEMENT_3D('',#9605,#7734,#7735);
#6540=AXIS2_PLACEMENT_3D('',#9609,#7738,#7739);
#6541=AXIS2_PLACEMENT_3D('',#9611,#7741,#7742);
#6542=AXIS2_PLACEMENT_3D('',#9612,#7743,#7744);
#6543=AXIS2_PLACEMENT_3D('',#9614,#7746,#7747);
#6544=AXIS2_PLACEMENT_3D('',#9615,#7748,#7749);
#6545=AXIS2_PLACEMENT_3D('',#9616,#7750,#7751);
#6546=AXIS2_PLACEMENT_3D('',#9618,#7753,#7754);
#6547=AXIS2_PLACEMENT_3D('',#9620,#7756,#7757);
#6548=AXIS2_PLACEMENT_3D('',#9621,#7758,#7759);
#6549=AXIS2_PLACEMENT_3D('',#9635,#7767,#7768);
#6550=AXIS2_PLACEMENT_3D('',#9649,#7776,#7777);
#6551=AXIS2_PLACEMENT_3D('',#9650,#7778,#7779);
#6552=AXIS2_PLACEMENT_3D('',#9651,#7780,#7781);
#6553=AXIS2_PLACEMENT_3D('',#9652,#7782,#7783);
#6554=AXIS2_PLACEMENT_3D('',#9653,#7784,#7785);
#6555=AXIS2_PLACEMENT_3D('',#9654,#7786,#7787);
#6556=AXIS2_PLACEMENT_3D('',#9659,#7790,#7791);
#6557=AXIS2_PLACEMENT_3D('',#9660,#7792,#7793);
#6558=AXIS2_PLACEMENT_3D('',#9661,#7794,#7795);
#6559=AXIS2_PLACEMENT_3D('',#9665,#7798,#7799);
#6560=AXIS2_PLACEMENT_3D('',#9668,#7801,#7802);
#6561=AXIS2_PLACEMENT_3D('',#9669,#7803,#7804);
#6562=AXIS2_PLACEMENT_3D('',#9671,#7805,#7806);
#6563=AXIS2_PLACEMENT_3D('',#9673,#7808,#7809);
#6564=AXIS2_PLACEMENT_3D('',#9674,#7810,#7811);
#6565=AXIS2_PLACEMENT_3D('',#9675,#7812,#7813);
#6566=AXIS2_PLACEMENT_3D('',#9676,#7814,#7815);
#6567=AXIS2_PLACEMENT_3D('',#9677,#7816,#7817);
#6568=AXIS2_PLACEMENT_3D('',#9678,#7818,#7819);
#6569=AXIS2_PLACEMENT_3D('',#9679,#7820,#7821);
#6570=AXIS2_PLACEMENT_3D('',#9680,#7822,#7823);
#6571=AXIS2_PLACEMENT_3D('',#9681,#7824,#7825);
#6572=AXIS2_PLACEMENT_3D('',#9682,#7826,#7827);
#6573=AXIS2_PLACEMENT_3D('',#9683,#7828,#7829);
#6574=AXIS2_PLACEMENT_3D('',#9684,#7830,#7831);
#6575=AXIS2_PLACEMENT_3D('',#9685,#7832,#7833);
#6576=AXIS2_PLACEMENT_3D('',#9686,#7834,#7835);
#6577=AXIS2_PLACEMENT_3D('',#9687,#7836,#7837);
#6578=AXIS2_PLACEMENT_3D('',#9688,#7838,#7839);
#6579=AXIS2_PLACEMENT_3D('',#9689,#7840,#7841);
#6580=AXIS2_PLACEMENT_3D('',#9690,#7842,#7843);
#6581=AXIS2_PLACEMENT_3D('',#9691,#7844,#7845);
#6582=AXIS2_PLACEMENT_3D('',#9692,#7846,#7847);
#6583=AXIS2_PLACEMENT_3D('',#9693,#7848,#7849);
#6584=AXIS2_PLACEMENT_3D('',#9694,#7850,#7851);
#6585=AXIS2_PLACEMENT_3D('',#9695,#7852,#7853);
#6586=AXIS2_PLACEMENT_3D('',#9696,#7854,#7855);
#6587=AXIS2_PLACEMENT_3D('',#9697,#7856,#7857);
#6588=AXIS2_PLACEMENT_3D('',#9698,#7858,#7859);
#6589=AXIS2_PLACEMENT_3D('',#9699,#7860,#7861);
#6590=AXIS2_PLACEMENT_3D('',#9700,#7862,#7863);
#6591=AXIS2_PLACEMENT_3D('',#9701,#7864,#7865);
#6592=AXIS2_PLACEMENT_3D('',#9702,#7866,#7867);
#6593=AXIS2_PLACEMENT_3D('',#9703,#7868,#7869);
#6594=AXIS2_PLACEMENT_3D('',#9704,#7870,#7871);
#6595=AXIS2_PLACEMENT_3D('',#9705,#7872,#7873);
#6596=AXIS2_PLACEMENT_3D('',#9706,#7874,#7875);
#6597=AXIS2_PLACEMENT_3D('',#9707,#7876,#7877);
#6598=AXIS2_PLACEMENT_3D('',#9708,#7878,#7879);
#6599=AXIS2_PLACEMENT_3D('',#9709,#7880,#7881);
#6600=AXIS2_PLACEMENT_3D('',#9710,#7882,#7883);
#6601=AXIS2_PLACEMENT_3D('',#9711,#7884,#7885);
#6602=AXIS2_PLACEMENT_3D('',#9712,#7886,#7887);
#6603=AXIS2_PLACEMENT_3D('',#9713,#7888,#7889);
#6604=AXIS2_PLACEMENT_3D('',#9714,#7890,#7891);
#6605=AXIS2_PLACEMENT_3D('',#9715,#7892,#7893);
#6606=AXIS2_PLACEMENT_3D('',#9716,#7894,#7895);
#6607=AXIS2_PLACEMENT_3D('',#9717,#7896,#7897);
#6608=AXIS2_PLACEMENT_3D('',#9718,#7898,#7899);
#6609=AXIS2_PLACEMENT_3D('',#9719,#7900,#7901);
#6610=AXIS2_PLACEMENT_3D('',#9720,#7902,#7903);
#6611=AXIS2_PLACEMENT_3D('',#9721,#7904,#7905);
#6612=AXIS2_PLACEMENT_3D('',#9722,#7906,#7907);
#6613=AXIS2_PLACEMENT_3D('',#9723,#7908,#7909);
#6614=AXIS2_PLACEMENT_3D('',#9724,#7910,#7911);
#6615=AXIS2_PLACEMENT_3D('',#9725,#7912,#7913);
#6616=AXIS2_PLACEMENT_3D('',#9745,#7914,#7915);
#6617=AXIS2_PLACEMENT_3D('',#9749,#7917,#7918);
#6618=AXIS2_PLACEMENT_3D('',#9753,#7920,#7921);
#6619=AXIS2_PLACEMENT_3D('',#9757,#7923,#7924);
#6620=AXIS2_PLACEMENT_3D('',#9761,#7926,#7927);
#6621=AXIS2_PLACEMENT_3D('',#9765,#7929,#7930);
#6622=AXIS2_PLACEMENT_3D('',#9769,#7932,#7933);
#6623=AXIS2_PLACEMENT_3D('',#9773,#7935,#7936);
#6624=AXIS2_PLACEMENT_3D('',#9777,#7938,#7939);
#6625=AXIS2_PLACEMENT_3D('',#9781,#7941,#7942);
#6626=AXIS2_PLACEMENT_3D('',#9785,#7944,#7945);
#6627=AXIS2_PLACEMENT_3D('',#9789,#7947,#7948);
#6628=AXIS2_PLACEMENT_3D('',#9793,#7950,#7951);
#6629=AXIS2_PLACEMENT_3D('',#9797,#7953,#7954);
#6630=AXIS2_PLACEMENT_3D('',#9801,#7956,#7957);
#6631=AXIS2_PLACEMENT_3D('',#9805,#7959,#7960);
#6632=AXIS2_PLACEMENT_3D('',#9809,#7962,#7963);
#6633=AXIS2_PLACEMENT_3D('',#9813,#7965,#7966);
#6634=AXIS2_PLACEMENT_3D('',#9817,#7968,#7969);
#6635=AXIS2_PLACEMENT_3D('',#9821,#7971,#7972);
#6636=AXIS2_PLACEMENT_3D('',#9825,#7974,#7975);
#6637=AXIS2_PLACEMENT_3D('',#9829,#7977,#7978);
#6638=AXIS2_PLACEMENT_3D('',#9833,#7980,#7981);
#6639=AXIS2_PLACEMENT_3D('',#9837,#7983,#7984);
#6640=AXIS2_PLACEMENT_3D('',#9841,#7986,#7987);
#6641=AXIS2_PLACEMENT_3D('',#9845,#7989,#7990);
#6642=AXIS2_PLACEMENT_3D('',#9849,#7992,#7993);
#6643=AXIS2_PLACEMENT_3D('',#9853,#7995,#7996);
#6644=AXIS2_PLACEMENT_3D('',#9857,#7998,#7999);
#6645=AXIS2_PLACEMENT_3D('',#9861,#8001,#8002);
#6646=AXIS2_PLACEMENT_3D('',#9865,#8004,#8005);
#6647=AXIS2_PLACEMENT_3D('',#9869,#8007,#8008);
#6648=AXIS2_PLACEMENT_3D('',#9873,#8010,#8011);
#6649=AXIS2_PLACEMENT_3D('',#9877,#8013,#8014);
#6650=AXIS2_PLACEMENT_3D('',#9881,#8016,#8017);
#6651=AXIS2_PLACEMENT_3D('',#9885,#8019,#8020);
#6652=AXIS2_PLACEMENT_3D('',#9889,#8022,#8023);
#6653=AXIS2_PLACEMENT_3D('',#9893,#8025,#8026);
#6654=AXIS2_PLACEMENT_3D('',#9897,#8028,#8029);
#6655=AXIS2_PLACEMENT_3D('',#9901,#8031,#8032);
#6656=AXIS2_PLACEMENT_3D('',#9905,#8034,#8035);
#6657=AXIS2_PLACEMENT_3D('',#9909,#8037,#8038);
#6658=AXIS2_PLACEMENT_3D('',#9913,#8040,#8041);
#6659=AXIS2_PLACEMENT_3D('',#9917,#8043,#8044);
#6660=AXIS2_PLACEMENT_3D('',#9921,#8046,#8047);
#6661=AXIS2_PLACEMENT_3D('',#9925,#8049,#8050);
#6662=AXIS2_PLACEMENT_3D('',#9929,#8052,#8053);
#6663=AXIS2_PLACEMENT_3D('',#9933,#8055,#8056);
#6664=AXIS2_PLACEMENT_3D('',#9934,#8057,#8058);
#6665=AXIS2_PLACEMENT_3D('',#9935,#8059,#8060);
#6666=AXIS2_PLACEMENT_3D('',#9940,#8062,#8063);
#6667=AXIS2_PLACEMENT_3D('',#9944,#8065,#8066);
#6668=AXIS2_PLACEMENT_3D('',#9948,#8068,#8069);
#6669=AXIS2_PLACEMENT_3D('',#9952,#8071,#8072);
#6670=AXIS2_PLACEMENT_3D('',#9956,#8074,#8075);
#6671=AXIS2_PLACEMENT_3D('',#9960,#8077,#8078);
#6672=AXIS2_PLACEMENT_3D('',#9964,#8080,#8081);
#6673=AXIS2_PLACEMENT_3D('',#9968,#8083,#8084);
#6674=AXIS2_PLACEMENT_3D('',#9972,#8086,#8087);
#6675=AXIS2_PLACEMENT_3D('',#9976,#8089,#8090);
#6676=AXIS2_PLACEMENT_3D('',#9980,#8092,#8093);
#6677=AXIS2_PLACEMENT_3D('',#9984,#8095,#8096);
#6678=AXIS2_PLACEMENT_3D('',#9988,#8098,#8099);
#6679=AXIS2_PLACEMENT_3D('',#9992,#8101,#8102);
#6680=AXIS2_PLACEMENT_3D('',#9996,#8104,#8105);
#6681=AXIS2_PLACEMENT_3D('',#10000,#8107,#8108);
#6682=AXIS2_PLACEMENT_3D('',#10004,#8110,#8111);
#6683=AXIS2_PLACEMENT_3D('',#10008,#8113,#8114);
#6684=AXIS2_PLACEMENT_3D('',#10012,#8116,#8117);
#6685=AXIS2_PLACEMENT_3D('',#10016,#8119,#8120);
#6686=AXIS2_PLACEMENT_3D('',#10020,#8122,#8123);
#6687=AXIS2_PLACEMENT_3D('',#10024,#8125,#8126);
#6688=AXIS2_PLACEMENT_3D('',#10028,#8128,#8129);
#6689=AXIS2_PLACEMENT_3D('',#10032,#8131,#8132);
#6690=AXIS2_PLACEMENT_3D('',#10036,#8134,#8135);
#6691=AXIS2_PLACEMENT_3D('',#10040,#8137,#8138);
#6692=AXIS2_PLACEMENT_3D('',#10044,#8140,#8141);
#6693=AXIS2_PLACEMENT_3D('',#10048,#8143,#8144);
#6694=AXIS2_PLACEMENT_3D('',#10052,#8146,#8147);
#6695=AXIS2_PLACEMENT_3D('',#10056,#8149,#8150);
#6696=AXIS2_PLACEMENT_3D('',#10060,#8152,#8153);
#6697=AXIS2_PLACEMENT_3D('',#10064,#8155,#8156);
#6698=AXIS2_PLACEMENT_3D('',#10068,#8158,#8159);
#6699=AXIS2_PLACEMENT_3D('',#10072,#8161,#8162);
#6700=AXIS2_PLACEMENT_3D('',#10076,#8164,#8165);
#6701=AXIS2_PLACEMENT_3D('',#10080,#8167,#8168);
#6702=AXIS2_PLACEMENT_3D('',#10084,#8170,#8171);
#6703=AXIS2_PLACEMENT_3D('',#10088,#8173,#8174);
#6704=AXIS2_PLACEMENT_3D('',#10092,#8176,#8177);
#6705=AXIS2_PLACEMENT_3D('',#10096,#8179,#8180);
#6706=AXIS2_PLACEMENT_3D('',#10100,#8182,#8183);
#6707=AXIS2_PLACEMENT_3D('',#10104,#8185,#8186);
#6708=AXIS2_PLACEMENT_3D('',#10108,#8188,#8189);
#6709=AXIS2_PLACEMENT_3D('',#10112,#8191,#8192);
#6710=AXIS2_PLACEMENT_3D('',#10116,#8194,#8195);
#6711=AXIS2_PLACEMENT_3D('',#10120,#8197,#8198);
#6712=AXIS2_PLACEMENT_3D('',#10124,#8200,#8201);
#6713=AXIS2_PLACEMENT_3D('',#10125,#8202,#8203);
#6714=AXIS2_PLACEMENT_3D('',#10126,#8204,#8205);
#6715=AXIS2_PLACEMENT_3D('',#10128,#8206,#8207);
#6716=AXIS2_PLACEMENT_3D('',#10141,#8208,#8209);
#6717=AXIS2_PLACEMENT_3D('',#10147,#8210,#8211);
#6718=AXIS2_PLACEMENT_3D('',#10148,#8212,#8213);
#6719=AXIS2_PLACEMENT_3D('',#11802,#8214,#8215);
#6720=AXIS2_PLACEMENT_3D('',#11803,#8216,#8217);
#6721=AXIS2_PLACEMENT_3D('',#11806,#8220,#8221);
#6722=AXIS2_PLACEMENT_3D('',#11809,#8224,#8225);
#6723=AXIS2_PLACEMENT_3D('',#11812,#8228,#8229);
#6724=AXIS2_PLACEMENT_3D('',#11815,#8232,#8233);
#6725=AXIS2_PLACEMENT_3D('',#11818,#8236,#8237);
#6726=AXIS2_PLACEMENT_3D('',#11821,#8240,#8241);
#6727=AXIS2_PLACEMENT_3D('',#11824,#8244,#8245);
#6728=AXIS2_PLACEMENT_3D('',#11827,#8248,#8249);
#6729=AXIS2_PLACEMENT_3D('',#11830,#8252,#8253);
#6730=AXIS2_PLACEMENT_3D('',#11833,#8256,#8257);
#6731=AXIS2_PLACEMENT_3D('',#11836,#8260,#8261);
#6732=AXIS2_PLACEMENT_3D('',#11839,#8264,#8265);
#6733=AXIS2_PLACEMENT_3D('',#11842,#8268,#8269);
#6734=AXIS2_PLACEMENT_3D('',#11845,#8272,#8273);
#6735=AXIS2_PLACEMENT_3D('',#11848,#8276,#8277);
#6736=AXIS2_PLACEMENT_3D('',#11851,#8280,#8281);
#6737=AXIS2_PLACEMENT_3D('',#11854,#8284,#8285);
#6738=AXIS2_PLACEMENT_3D('',#11857,#8288,#8289);
#6739=AXIS2_PLACEMENT_3D('',#11860,#8292,#8293);
#6740=AXIS2_PLACEMENT_3D('',#11863,#8296,#8297);
#6741=AXIS2_PLACEMENT_3D('',#11866,#8300,#8301);
#6742=AXIS2_PLACEMENT_3D('',#11869,#8304,#8305);
#6743=AXIS2_PLACEMENT_3D('',#11872,#8308,#8309);
#6744=AXIS2_PLACEMENT_3D('',#11875,#8312,#8313);
#6745=AXIS2_PLACEMENT_3D('',#11878,#8316,#8317);
#6746=AXIS2_PLACEMENT_3D('',#11881,#8320,#8321);
#6747=AXIS2_PLACEMENT_3D('',#11884,#8324,#8325);
#6748=AXIS2_PLACEMENT_3D('',#11887,#8328,#8329);
#6749=AXIS2_PLACEMENT_3D('',#11890,#8332,#8333);
#6750=AXIS2_PLACEMENT_3D('',#11893,#8336,#8337);
#6751=AXIS2_PLACEMENT_3D('',#11896,#8340,#8341);
#6752=AXIS2_PLACEMENT_3D('',#11899,#8344,#8345);
#6753=AXIS2_PLACEMENT_3D('',#11902,#8348,#8349);
#6754=AXIS2_PLACEMENT_3D('',#11905,#8352,#8353);
#6755=AXIS2_PLACEMENT_3D('',#11908,#8356,#8357);
#6756=AXIS2_PLACEMENT_3D('',#11911,#8360,#8361);
#6757=AXIS2_PLACEMENT_3D('',#11914,#8364,#8365);
#6758=AXIS2_PLACEMENT_3D('',#11917,#8368,#8369);
#6759=AXIS2_PLACEMENT_3D('',#11920,#8372,#8373);
#6760=AXIS2_PLACEMENT_3D('',#11923,#8376,#8377);
#6761=AXIS2_PLACEMENT_3D('',#11926,#8380,#8381);
#6762=AXIS2_PLACEMENT_3D('',#11929,#8384,#8385);
#6763=AXIS2_PLACEMENT_3D('',#11932,#8388,#8389);
#6764=AXIS2_PLACEMENT_3D('',#11935,#8392,#8393);
#6765=AXIS2_PLACEMENT_3D('',#11938,#8396,#8397);
#6766=AXIS2_PLACEMENT_3D('',#11941,#8400,#8401);
#6767=AXIS2_PLACEMENT_3D('',#11944,#8404,#8405);
#6768=AXIS2_PLACEMENT_3D('',#11945,#8406,#8407);
#6769=AXIS2_PLACEMENT_3D('',#11946,#8408,#8409);
#6770=AXIS2_PLACEMENT_3D('',#11947,#8410,#8411);
#6771=AXIS2_PLACEMENT_3D('',#11948,#8412,#8413);
#6772=AXIS2_PLACEMENT_3D('',#11949,#8414,#8415);
#6773=AXIS2_PLACEMENT_3D('',#11950,#8416,#8417);
#6774=AXIS2_PLACEMENT_3D('',#11951,#8418,#8419);
#6775=AXIS2_PLACEMENT_3D('',#11952,#8420,#8421);
#6776=AXIS2_PLACEMENT_3D('',#11953,#8422,#8423);
#6777=AXIS2_PLACEMENT_3D('',#11954,#8424,#8425);
#6778=AXIS2_PLACEMENT_3D('',#11955,#8426,#8427);
#6779=AXIS2_PLACEMENT_3D('',#11956,#8428,#8429);
#6780=AXIS2_PLACEMENT_3D('',#11957,#8430,#8431);
#6781=AXIS2_PLACEMENT_3D('',#11958,#8432,#8433);
#6782=AXIS2_PLACEMENT_3D('',#11959,#8434,#8435);
#6783=AXIS2_PLACEMENT_3D('',#11960,#8436,#8437);
#6784=AXIS2_PLACEMENT_3D('',#11961,#8438,#8439);
#6785=AXIS2_PLACEMENT_3D('',#11962,#8440,#8441);
#6786=AXIS2_PLACEMENT_3D('',#11963,#8442,#8443);
#6787=AXIS2_PLACEMENT_3D('',#11964,#8444,#8445);
#6788=AXIS2_PLACEMENT_3D('',#11965,#8446,#8447);
#6789=AXIS2_PLACEMENT_3D('',#11966,#8448,#8449);
#6790=AXIS2_PLACEMENT_3D('',#11967,#8450,#8451);
#6791=AXIS2_PLACEMENT_3D('',#11968,#8452,#8453);
#6792=AXIS2_PLACEMENT_3D('',#11969,#8454,#8455);
#6793=AXIS2_PLACEMENT_3D('',#11970,#8456,#8457);
#6794=AXIS2_PLACEMENT_3D('',#11971,#8458,#8459);
#6795=AXIS2_PLACEMENT_3D('',#11972,#8460,#8461);
#6796=AXIS2_PLACEMENT_3D('',#11973,#8462,#8463);
#6797=AXIS2_PLACEMENT_3D('',#11974,#8464,#8465);
#6798=AXIS2_PLACEMENT_3D('',#11975,#8466,#8467);
#6799=AXIS2_PLACEMENT_3D('',#11976,#8468,#8469);
#6800=AXIS2_PLACEMENT_3D('',#11977,#8470,#8471);
#6801=AXIS2_PLACEMENT_3D('',#11978,#8472,#8473);
#6802=AXIS2_PLACEMENT_3D('',#11979,#8474,#8475);
#6803=AXIS2_PLACEMENT_3D('',#11980,#8476,#8477);
#6804=AXIS2_PLACEMENT_3D('',#11981,#8478,#8479);
#6805=AXIS2_PLACEMENT_3D('',#11982,#8480,#8481);
#6806=AXIS2_PLACEMENT_3D('',#11983,#8482,#8483);
#6807=AXIS2_PLACEMENT_3D('',#11984,#8484,#8485);
#6808=AXIS2_PLACEMENT_3D('',#11985,#8486,#8487);
#6809=AXIS2_PLACEMENT_3D('',#11986,#8488,#8489);
#6810=AXIS2_PLACEMENT_3D('',#11987,#8490,#8491);
#6811=AXIS2_PLACEMENT_3D('',#11988,#8492,#8493);
#6812=AXIS2_PLACEMENT_3D('',#11989,#8494,#8495);
#6813=AXIS2_PLACEMENT_3D('',#11990,#8496,#8497);
#6814=AXIS2_PLACEMENT_3D('',#11991,#8498,#8499);
#6815=AXIS2_PLACEMENT_3D('',#11992,#8500,#8501);
#6816=AXIS2_PLACEMENT_3D('',#11993,#8502,#8503);
#6817=AXIS2_PLACEMENT_3D('',#12002,#8508,#8509);
#6818=AXIS2_PLACEMENT_3D('',#12023,#8520,#8521);
#6819=AXIS2_PLACEMENT_3D('',#12032,#8526,#8527);
#6820=AXIS2_PLACEMENT_3D('',#12047,#8536,#8537);
#6821=AXIS2_PLACEMENT_3D('',#12053,#8541,#8542);
#6822=AXIS2_PLACEMENT_3D('',#12059,#8546,#8547);
#6823=AXIS2_PLACEMENT_3D('',#12065,#8551,#8552);
#6824=AXIS2_PLACEMENT_3D('',#12068,#8555,#8556);
#6825=AXIS2_PLACEMENT_3D('',#12103,#8575,#8576);
#6826=AXIS2_PLACEMENT_3D('',#12106,#8579,#8580);
#6827=AXIS2_PLACEMENT_3D('',#12109,#8583,#8584);
#6828=AXIS2_PLACEMENT_3D('',#12110,#8585,#8586);
#6829=AXIS2_PLACEMENT_3D('',#12111,#8587,#8588);
#6830=AXIS2_PLACEMENT_3D('',#12120,#8593,#8594);
#6831=AXIS2_PLACEMENT_3D('',#12127,#8598,#8599);
#6832=AXIS2_PLACEMENT_3D('',#12132,#8602,#8603);
#6833=AXIS2_PLACEMENT_3D('',#12137,#8606,#8607);
#6834=AXIS2_PLACEMENT_3D('',#12146,#8612,#8613);
#6835=AXIS2_PLACEMENT_3D('',#12155,#8618,#8619);
#6836=AXIS2_PLACEMENT_3D('',#12160,#8622,#8623);
#6837=AXIS2_PLACEMENT_3D('',#12165,#8626,#8627);
#6838=AXIS2_PLACEMENT_3D('',#12172,#8631,#8632);
#6839=AXIS2_PLACEMENT_3D('',#12173,#8633,#8634);
#6840=AXIS2_PLACEMENT_3D('',#12175,#8636,#8637);
#6841=AXIS2_PLACEMENT_3D('',#12177,#8639,#8640);
#6842=AXIS2_PLACEMENT_3D('',#12180,#8643,#8644);
#6843=AXIS2_PLACEMENT_3D('',#12182,#8646,#8647);
#6844=AXIS2_PLACEMENT_3D('',#12184,#8649,#8650);
#6845=AXIS2_PLACEMENT_3D('',#12186,#8652,#8653);
#6846=AXIS2_PLACEMENT_3D('',#12188,#8655,#8656);
#6847=AXIS2_PLACEMENT_3D('',#12189,#8657,#8658);
#6848=AXIS2_PLACEMENT_3D('',#12190,#8659,#8660);
#6849=AXIS2_PLACEMENT_3D('',#12192,#8662,#8663);
#6850=AXIS2_PLACEMENT_3D('',#12193,#8664,#8665);
#6851=AXIS2_PLACEMENT_3D('',#12195,#8667,#8668);
#6852=AXIS2_PLACEMENT_3D('',#12197,#8670,#8671);
#6853=AXIS2_PLACEMENT_3D('',#12198,#8672,#8673);
#6854=AXIS2_PLACEMENT_3D('',#12204,#8677,#8678);
#6855=AXIS2_PLACEMENT_3D('',#12208,#8681,#8682);
#6856=AXIS2_PLACEMENT_3D('',#12212,#8685,#8686);
#6857=AXIS2_PLACEMENT_3D('',#12216,#8689,#8690);
#6858=AXIS2_PLACEMENT_3D('',#12220,#8693,#8694);
#6859=AXIS2_PLACEMENT_3D('',#12224,#8697,#8698);
#6860=AXIS2_PLACEMENT_3D('',#12228,#8701,#8702);
#6861=AXIS2_PLACEMENT_3D('',#12232,#8705,#8706);
#6862=AXIS2_PLACEMENT_3D('',#12236,#8709,#8710);
#6863=AXIS2_PLACEMENT_3D('',#12240,#8713,#8714);
#6864=AXIS2_PLACEMENT_3D('',#12244,#8717,#8718);
#6865=AXIS2_PLACEMENT_3D('',#12246,#8720,#8721);
#6866=AXIS2_PLACEMENT_3D('',#12247,#8722,#8723);
#6867=AXIS2_PLACEMENT_3D('',#12248,#8724,#8725);
#6868=AXIS2_PLACEMENT_3D('',#12249,#8726,#8727);
#6869=AXIS2_PLACEMENT_3D('',#12251,#8728,#8729);
#6870=AXIS2_PLACEMENT_3D('',#12253,#8730,#8731);
#6871=AXIS2_PLACEMENT_3D('',#12254,#8732,#8733);
#6872=AXIS2_PLACEMENT_3D('',#12256,#8734,#8735);
#6873=AXIS2_PLACEMENT_3D('',#12257,#8736,#8737);
#6874=AXIS2_PLACEMENT_3D('',#12259,#8738,#8739);
#6875=AXIS2_PLACEMENT_3D('',#12260,#8740,#8741);
#6876=AXIS2_PLACEMENT_3D('',#12262,#8742,#8743);
#6877=AXIS2_PLACEMENT_3D('',#12263,#8744,#8745);
#6878=AXIS2_PLACEMENT_3D('',#12265,#8746,#8747);
#6879=AXIS2_PLACEMENT_3D('',#12266,#8748,#8749);
#6880=AXIS2_PLACEMENT_3D('',#12268,#8750,#8751);
#6881=AXIS2_PLACEMENT_3D('',#12269,#8752,#8753);
#6882=AXIS2_PLACEMENT_3D('',#12271,#8754,#8755);
#6883=AXIS2_PLACEMENT_3D('',#12272,#8756,#8757);
#6884=AXIS2_PLACEMENT_3D('',#12273,#8758,#8759);
#6885=AXIS2_PLACEMENT_3D('',#12274,#8760,#8761);
#6886=AXIS2_PLACEMENT_3D('',#12275,#8762,#8763);
#6887=DIRECTION('',(0.,0.,1.));
#6888=DIRECTION('',(1.,0.,0.));
#6889=DIRECTION('',(0.,0.,-1.));
#6890=DIRECTION('',(-1.,0.,0.));
#6891=DIRECTION('',(-1.,0.,0.));
#6892=DIRECTION('',(0.,1.,0.));
#6893=DIRECTION('',(1.,0.,0.));
#6894=DIRECTION('',(0.,-1.,0.));
#6895=DIRECTION('',(0.,0.,1.));
#6896=DIRECTION('',(1.,0.,0.));
#6897=DIRECTION('',(0.,-1.,0.));
#6898=DIRECTION('',(1.,0.,0.));
#6899=DIRECTION('',(0.,-1.,0.));
#6900=DIRECTION('',(-1.,0.,0.));
#6901=DIRECTION('',(0.,0.,-1.));
#6902=DIRECTION('',(-1.,0.,0.));
#6903=DIRECTION('',(1.,0.,0.));
#6904=DIRECTION('',(0.,1.,0.));
#6905=DIRECTION('',(1.,0.,0.));
#6906=DIRECTION('',(0.,1.,0.));
#6907=DIRECTION('',(-1.,0.,0.));
#6908=DIRECTION('',(0.,-1.,0.));
#6909=DIRECTION('',(0.,0.,-1.));
#6910=DIRECTION('',(-1.,0.,0.));
#6911=DIRECTION('',(0.,0.,1.));
#6912=DIRECTION('',(1.,0.,0.));
#6913=DIRECTION('',(0.,0.,-1.));
#6914=DIRECTION('',(-1.,0.,0.));
#6915=DIRECTION('',(0.,0.,1.));
#6916=DIRECTION('',(1.,0.,0.));
#6917=DIRECTION('',(0.,0.,-1.));
#6918=DIRECTION('',(-1.,0.,0.));
#6919=DIRECTION('',(0.,0.,1.));
#6920=DIRECTION('',(1.,0.,0.));
#6921=DIRECTION('',(0.,0.,-1.));
#6922=DIRECTION('',(-1.,0.,0.));
#6923=DIRECTION('',(0.,0.,1.));
#6924=DIRECTION('',(1.,0.,0.));
#6925=DIRECTION('',(0.,0.,-1.));
#6926=DIRECTION('',(-1.,0.,0.));
#6927=DIRECTION('',(0.,0.,1.));
#6928=DIRECTION('',(1.,0.,0.));
#6929=DIRECTION('',(0.,0.,-1.));
#6930=DIRECTION('',(-1.,0.,0.));
#6931=DIRECTION('',(0.,0.,1.));
#6932=DIRECTION('',(1.,0.,0.));
#6933=DIRECTION('',(0.,0.,-1.));
#6934=DIRECTION('',(-1.,0.,0.));
#6935=DIRECTION('',(0.,0.,1.));
#6936=DIRECTION('',(1.,0.,0.));
#6937=DIRECTION('',(0.,0.,-1.));
#6938=DIRECTION('',(-1.,0.,0.));
#6939=DIRECTION('',(0.,0.,1.));
#6940=DIRECTION('',(1.,0.,0.));
#6941=DIRECTION('',(0.,0.,-1.));
#6942=DIRECTION('',(-1.,0.,0.));
#6943=DIRECTION('',(0.,0.,1.));
#6944=DIRECTION('',(1.,0.,0.));
#6945=DIRECTION('',(0.,0.,-1.));
#6946=DIRECTION('',(-1.,0.,0.));
#6947=DIRECTION('',(0.,0.,1.));
#6948=DIRECTION('',(1.,0.,0.));
#6949=DIRECTION('',(0.,0.,-1.));
#6950=DIRECTION('',(-1.,0.,0.));
#6951=DIRECTION('',(0.,0.,1.));
#6952=DIRECTION('',(1.,0.,0.));
#6953=DIRECTION('',(0.,0.,-1.));
#6954=DIRECTION('',(-1.,0.,0.));
#6955=DIRECTION('',(0.,0.,1.));
#6956=DIRECTION('',(1.,0.,0.));
#6957=DIRECTION('',(0.,0.,-1.));
#6958=DIRECTION('',(-1.,0.,0.));
#6959=DIRECTION('',(0.,0.,1.));
#6960=DIRECTION('',(1.,0.,0.));
#6961=DIRECTION('',(0.,0.,-1.));
#6962=DIRECTION('',(-1.,0.,0.));
#6963=DIRECTION('',(0.,0.,1.));
#6964=DIRECTION('',(1.,0.,0.));
#6965=DIRECTION('',(0.,0.,-1.));
#6966=DIRECTION('',(-1.,0.,0.));
#6967=DIRECTION('',(0.,0.,1.));
#6968=DIRECTION('',(1.,0.,0.));
#6969=DIRECTION('',(0.,0.,-1.));
#6970=DIRECTION('',(-1.,0.,0.));
#6971=DIRECTION('',(0.,0.,1.));
#6972=DIRECTION('',(1.,0.,0.));
#6973=DIRECTION('',(0.,0.,-1.));
#6974=DIRECTION('',(-1.,0.,0.));
#6975=DIRECTION('',(0.,0.,1.));
#6976=DIRECTION('',(1.,0.,0.));
#6977=DIRECTION('',(0.,0.,-1.));
#6978=DIRECTION('',(-1.,0.,0.));
#6979=DIRECTION('',(0.,0.,1.));
#6980=DIRECTION('',(1.,0.,0.));
#6981=DIRECTION('',(0.,0.,-1.));
#6982=DIRECTION('',(-1.,0.,0.));
#6983=DIRECTION('',(0.,0.,1.));
#6984=DIRECTION('',(1.,0.,0.));
#6985=DIRECTION('',(0.,0.,-1.));
#6986=DIRECTION('',(-1.,0.,0.));
#6987=DIRECTION('',(0.,0.,1.));
#6988=DIRECTION('',(1.,0.,0.));
#6989=DIRECTION('',(0.,0.,-1.));
#6990=DIRECTION('',(-1.,0.,0.));
#6991=DIRECTION('',(0.,0.,1.));
#6992=DIRECTION('',(1.,0.,0.));
#6993=DIRECTION('',(0.,0.,-1.));
#6994=DIRECTION('',(-1.,0.,0.));
#6995=DIRECTION('',(0.,0.,1.));
#6996=DIRECTION('',(1.,0.,0.));
#6997=DIRECTION('',(0.,0.,-1.));
#6998=DIRECTION('',(-1.,0.,0.));
#6999=DIRECTION('',(0.,0.,1.));
#7000=DIRECTION('',(1.,0.,0.));
#7001=DIRECTION('',(0.,0.,-1.));
#7002=DIRECTION('',(-1.,0.,0.));
#7003=DIRECTION('',(0.,0.,1.));
#7004=DIRECTION('',(1.,0.,0.));
#7005=DIRECTION('',(0.,0.,-1.));
#7006=DIRECTION('',(-1.,0.,0.));
#7007=DIRECTION('',(0.,0.,1.));
#7008=DIRECTION('',(1.,0.,0.));
#7009=DIRECTION('',(0.,0.,-1.));
#7010=DIRECTION('',(-1.,0.,0.));
#7011=DIRECTION('',(0.,0.,1.));
#7012=DIRECTION('',(1.,0.,0.));
#7013=DIRECTION('',(0.,0.,-1.));
#7014=DIRECTION('',(-1.,0.,0.));
#7015=DIRECTION('',(0.,0.,1.));
#7016=DIRECTION('',(1.,0.,0.));
#7017=DIRECTION('',(0.,0.,-1.));
#7018=DIRECTION('',(-1.,0.,0.));
#7019=DIRECTION('',(0.,0.,1.));
#7020=DIRECTION('',(1.,0.,0.));
#7021=DIRECTION('',(0.,0.,-1.));
#7022=DIRECTION('',(-1.,0.,0.));
#7023=DIRECTION('',(0.,0.,1.));
#7024=DIRECTION('',(1.,0.,0.));
#7025=DIRECTION('',(0.,0.,-1.));
#7026=DIRECTION('',(-1.,0.,0.));
#7027=DIRECTION('',(0.,0.,1.));
#7028=DIRECTION('',(1.,0.,0.));
#7029=DIRECTION('',(0.,0.,-1.));
#7030=DIRECTION('',(-1.,0.,0.));
#7031=DIRECTION('',(0.,0.,1.));
#7032=DIRECTION('',(1.,0.,0.));
#7033=DIRECTION('',(0.,0.,-1.));
#7034=DIRECTION('',(-1.,0.,0.));
#7035=DIRECTION('',(0.,0.,1.));
#7036=DIRECTION('',(1.,0.,0.));
#7037=DIRECTION('',(0.,0.,-1.));
#7038=DIRECTION('',(-1.,0.,0.));
#7039=DIRECTION('',(0.,0.,1.));
#7040=DIRECTION('',(1.,0.,0.));
#7041=DIRECTION('',(0.,0.,-1.));
#7042=DIRECTION('',(-1.,0.,0.));
#7043=DIRECTION('',(0.,0.,1.));
#7044=DIRECTION('',(1.,0.,0.));
#7045=DIRECTION('',(0.,0.,-1.));
#7046=DIRECTION('',(-1.,0.,0.));
#7047=DIRECTION('',(0.,0.,1.));
#7048=DIRECTION('',(1.,0.,0.));
#7049=DIRECTION('',(0.,0.,-1.));
#7050=DIRECTION('',(-1.,0.,0.));
#7051=DIRECTION('',(0.,0.,1.));
#7052=DIRECTION('',(1.,0.,0.));
#7053=DIRECTION('',(0.,0.,-1.));
#7054=DIRECTION('',(-1.,0.,0.));
#7055=DIRECTION('',(0.,0.,1.));
#7056=DIRECTION('',(1.,0.,0.));
#7057=DIRECTION('',(0.,0.,-1.));
#7058=DIRECTION('',(-1.,0.,0.));
#7059=DIRECTION('',(0.,0.,1.));
#7060=DIRECTION('',(1.,0.,0.));
#7061=DIRECTION('',(0.,0.,-1.));
#7062=DIRECTION('',(-1.,0.,0.));
#7063=DIRECTION('',(0.,0.,1.));
#7064=DIRECTION('',(1.,0.,0.));
#7065=DIRECTION('',(0.,0.,-1.));
#7066=DIRECTION('',(-1.,0.,0.));
#7067=DIRECTION('',(0.,0.,1.));
#7068=DIRECTION('',(1.,0.,0.));
#7069=DIRECTION('',(0.,0.,-1.));
#7070=DIRECTION('',(-1.,0.,0.));
#7071=DIRECTION('',(0.,0.,1.));
#7072=DIRECTION('',(1.,0.,0.));
#7073=DIRECTION('',(0.,0.,-1.));
#7074=DIRECTION('',(-1.,0.,0.));
#7075=DIRECTION('',(0.,0.,1.));
#7076=DIRECTION('',(1.,0.,0.));
#7077=DIRECTION('',(0.,0.,-1.));
#7078=DIRECTION('',(-1.,0.,0.));
#7079=DIRECTION('',(0.,0.,1.));
#7080=DIRECTION('',(1.,0.,0.));
#7081=DIRECTION('',(0.,0.,-1.));
#7082=DIRECTION('',(-1.,0.,0.));
#7083=DIRECTION('',(0.,0.,1.));
#7084=DIRECTION('',(1.,0.,0.));
#7085=DIRECTION('',(0.,0.,-1.));
#7086=DIRECTION('',(-1.,0.,0.));
#7087=DIRECTION('',(0.,0.,1.));
#7088=DIRECTION('',(1.,0.,0.));
#7089=DIRECTION('',(0.,0.,-1.));
#7090=DIRECTION('',(-1.,0.,0.));
#7091=DIRECTION('',(0.,0.,1.));
#7092=DIRECTION('',(1.,0.,0.));
#7093=DIRECTION('',(0.,0.,-1.));
#7094=DIRECTION('',(-1.,0.,0.));
#7095=DIRECTION('',(0.,0.,1.));
#7096=DIRECTION('',(1.,0.,0.));
#7097=DIRECTION('',(0.,0.,1.));
#7098=DIRECTION('',(1.,0.,0.));
#7099=DIRECTION('',(0.,0.,1.));
#7100=DIRECTION('',(0.,0.,1.));
#7101=DIRECTION('',(1.,0.,0.));
#7102=DIRECTION('',(0.,0.,1.));
#7103=DIRECTION('',(0.,0.,1.));
#7104=DIRECTION('',(1.,0.,0.));
#7105=DIRECTION('',(0.,0.,1.));
#7106=DIRECTION('',(1.,0.,0.));
#7107=DIRECTION('',(0.,0.,1.));
#7108=DIRECTION('',(0.,0.,1.));
#7109=DIRECTION('',(0.,0.,1.));
#7110=DIRECTION('',(1.,0.,0.));
#7111=DIRECTION('',(0.,0.,1.));
#7112=DIRECTION('',(1.,0.,0.));
#7113=DIRECTION('',(0.,0.,1.));
#7114=DIRECTION('',(0.,0.,1.));
#7115=DIRECTION('',(0.,0.,1.));
#7116=DIRECTION('',(1.,0.,0.));
#7117=DIRECTION('',(0.,0.,1.));
#7118=DIRECTION('',(1.,0.,0.));
#7119=DIRECTION('',(0.,0.,1.));
#7120=DIRECTION('',(0.,0.,1.));
#7121=DIRECTION('',(0.,0.,1.));
#7122=DIRECTION('',(1.,0.,0.));
#7123=DIRECTION('',(0.,0.,1.));
#7124=DIRECTION('',(1.,0.,0.));
#7125=DIRECTION('',(0.,0.,1.));
#7126=DIRECTION('',(0.,0.,1.));
#7127=DIRECTION('',(0.,0.,1.));
#7128=DIRECTION('',(1.,0.,0.));
#7129=DIRECTION('',(0.,0.,1.));
#7130=DIRECTION('',(1.,0.,0.));
#7131=DIRECTION('',(0.,0.,1.));
#7132=DIRECTION('',(0.,0.,1.));
#7133=DIRECTION('',(0.,0.,1.));
#7134=DIRECTION('',(1.,0.,0.));
#7135=DIRECTION('',(0.,0.,1.));
#7136=DIRECTION('',(1.,0.,0.));
#7137=DIRECTION('',(0.,0.,1.));
#7138=DIRECTION('',(0.,0.,1.));
#7139=DIRECTION('',(0.,0.,1.));
#7140=DIRECTION('',(1.,0.,0.));
#7141=DIRECTION('',(0.,0.,1.));
#7142=DIRECTION('',(1.,0.,0.));
#7143=DIRECTION('',(0.,0.,1.));
#7144=DIRECTION('',(0.,0.,1.));
#7145=DIRECTION('',(0.,0.,1.));
#7146=DIRECTION('',(1.,0.,0.));
#7147=DIRECTION('',(0.,0.,1.));
#7148=DIRECTION('',(1.,0.,0.));
#7149=DIRECTION('',(0.,0.,1.));
#7150=DIRECTION('',(0.,0.,1.));
#7151=DIRECTION('',(0.,0.,1.));
#7152=DIRECTION('',(1.,0.,0.));
#7153=DIRECTION('',(0.,0.,1.));
#7154=DIRECTION('',(1.,0.,0.));
#7155=DIRECTION('',(0.,0.,1.));
#7156=DIRECTION('',(0.,0.,1.));
#7157=DIRECTION('',(0.,0.,1.));
#7158=DIRECTION('',(1.,0.,0.));
#7159=DIRECTION('',(0.,0.,1.));
#7160=DIRECTION('',(1.,0.,0.));
#7161=DIRECTION('',(0.,0.,1.));
#7162=DIRECTION('',(0.,0.,1.));
#7163=DIRECTION('',(0.,0.,1.));
#7164=DIRECTION('',(1.,0.,0.));
#7165=DIRECTION('',(0.,0.,1.));
#7166=DIRECTION('',(1.,0.,0.));
#7167=DIRECTION('',(0.,0.,1.));
#7168=DIRECTION('',(0.,0.,1.));
#7169=DIRECTION('',(0.,0.,1.));
#7170=DIRECTION('',(1.,0.,0.));
#7171=DIRECTION('',(0.,0.,1.));
#7172=DIRECTION('',(1.,0.,0.));
#7173=DIRECTION('',(0.,0.,1.));
#7174=DIRECTION('',(0.,0.,1.));
#7175=DIRECTION('',(0.,0.,1.));
#7176=DIRECTION('',(1.,0.,0.));
#7177=DIRECTION('',(0.,0.,1.));
#7178=DIRECTION('',(1.,0.,0.));
#7179=DIRECTION('',(0.,0.,1.));
#7180=DIRECTION('',(0.,0.,1.));
#7181=DIRECTION('',(0.,0.,1.));
#7182=DIRECTION('',(1.,0.,0.));
#7183=DIRECTION('',(0.,0.,1.));
#7184=DIRECTION('',(1.,0.,0.));
#7185=DIRECTION('',(0.,0.,1.));
#7186=DIRECTION('',(0.,0.,1.));
#7187=DIRECTION('',(0.,0.,1.));
#7188=DIRECTION('',(1.,0.,0.));
#7189=DIRECTION('',(0.,0.,1.));
#7190=DIRECTION('',(1.,0.,0.));
#7191=DIRECTION('',(0.,0.,1.));
#7192=DIRECTION('',(0.,0.,1.));
#7193=DIRECTION('',(0.,0.,1.));
#7194=DIRECTION('',(1.,0.,0.));
#7195=DIRECTION('',(0.,0.,1.));
#7196=DIRECTION('',(1.,0.,0.));
#7197=DIRECTION('',(0.,0.,1.));
#7198=DIRECTION('',(0.,0.,1.));
#7199=DIRECTION('',(0.,0.,1.));
#7200=DIRECTION('',(1.,0.,0.));
#7201=DIRECTION('',(0.,0.,1.));
#7202=DIRECTION('',(1.,0.,0.));
#7203=DIRECTION('',(0.,0.,1.));
#7204=DIRECTION('',(0.,0.,1.));
#7205=DIRECTION('',(0.,0.,1.));
#7206=DIRECTION('',(1.,0.,0.));
#7207=DIRECTION('',(0.,0.,1.));
#7208=DIRECTION('',(1.,0.,0.));
#7209=DIRECTION('',(0.,0.,1.));
#7210=DIRECTION('',(0.,0.,1.));
#7211=DIRECTION('',(0.,0.,1.));
#7212=DIRECTION('',(1.,0.,0.));
#7213=DIRECTION('',(0.,0.,1.));
#7214=DIRECTION('',(1.,0.,0.));
#7215=DIRECTION('',(0.,0.,1.));
#7216=DIRECTION('',(0.,0.,1.));
#7217=DIRECTION('',(0.,0.,1.));
#7218=DIRECTION('',(1.,0.,0.));
#7219=DIRECTION('',(0.,0.,1.));
#7220=DIRECTION('',(1.,0.,0.));
#7221=DIRECTION('',(0.,0.,1.));
#7222=DIRECTION('',(0.,0.,1.));
#7223=DIRECTION('',(0.,0.,1.));
#7224=DIRECTION('',(1.,0.,0.));
#7225=DIRECTION('',(0.,0.,1.));
#7226=DIRECTION('',(1.,0.,0.));
#7227=DIRECTION('',(0.,0.,1.));
#7228=DIRECTION('',(0.,0.,1.));
#7229=DIRECTION('',(0.,0.,1.));
#7230=DIRECTION('',(1.,0.,0.));
#7231=DIRECTION('',(0.,0.,1.));
#7232=DIRECTION('',(1.,0.,0.));
#7233=DIRECTION('',(0.,0.,1.));
#7234=DIRECTION('',(0.,0.,1.));
#7235=DIRECTION('',(0.,0.,1.));
#7236=DIRECTION('',(1.,0.,0.));
#7237=DIRECTION('',(0.,0.,1.));
#7238=DIRECTION('',(1.,0.,0.));
#7239=DIRECTION('',(0.,0.,1.));
#7240=DIRECTION('',(0.,0.,1.));
#7241=DIRECTION('',(0.,0.,1.));
#7242=DIRECTION('',(1.,0.,0.));
#7243=DIRECTION('',(0.,0.,1.));
#7244=DIRECTION('',(1.,0.,0.));
#7245=DIRECTION('',(0.,0.,1.));
#7246=DIRECTION('',(0.,0.,1.));
#7247=DIRECTION('',(0.,0.,1.));
#7248=DIRECTION('',(1.,0.,0.));
#7249=DIRECTION('',(0.,0.,1.));
#7250=DIRECTION('',(1.,0.,0.));
#7251=DIRECTION('',(0.,0.,1.));
#7252=DIRECTION('',(0.,0.,1.));
#7253=DIRECTION('',(0.,0.,1.));
#7254=DIRECTION('',(1.,0.,0.));
#7255=DIRECTION('',(0.,0.,1.));
#7256=DIRECTION('',(1.,0.,0.));
#7257=DIRECTION('',(0.,0.,1.));
#7258=DIRECTION('',(0.,0.,1.));
#7259=DIRECTION('',(0.,0.,1.));
#7260=DIRECTION('',(1.,0.,0.));
#7261=DIRECTION('',(0.,0.,1.));
#7262=DIRECTION('',(1.,0.,0.));
#7263=DIRECTION('',(0.,0.,1.));
#7264=DIRECTION('',(0.,0.,1.));
#7265=DIRECTION('',(0.,0.,1.));
#7266=DIRECTION('',(1.,0.,0.));
#7267=DIRECTION('',(0.,0.,1.));
#7268=DIRECTION('',(1.,0.,0.));
#7269=DIRECTION('',(0.,0.,1.));
#7270=DIRECTION('',(0.,0.,1.));
#7271=DIRECTION('',(0.,0.,1.));
#7272=DIRECTION('',(1.,0.,0.));
#7273=DIRECTION('',(0.,0.,1.));
#7274=DIRECTION('',(1.,0.,0.));
#7275=DIRECTION('',(0.,0.,1.));
#7276=DIRECTION('',(0.,0.,1.));
#7277=DIRECTION('',(0.,0.,1.));
#7278=DIRECTION('',(1.,0.,0.));
#7279=DIRECTION('',(0.,0.,1.));
#7280=DIRECTION('',(1.,0.,0.));
#7281=DIRECTION('',(0.,0.,1.));
#7282=DIRECTION('',(0.,0.,1.));
#7283=DIRECTION('',(0.,0.,1.));
#7284=DIRECTION('',(1.,0.,0.));
#7285=DIRECTION('',(0.,0.,1.));
#7286=DIRECTION('',(1.,0.,0.));
#7287=DIRECTION('',(0.,0.,1.));
#7288=DIRECTION('',(0.,0.,1.));
#7289=DIRECTION('',(0.,0.,1.));
#7290=DIRECTION('',(1.,0.,0.));
#7291=DIRECTION('',(0.,0.,1.));
#7292=DIRECTION('',(1.,0.,0.));
#7293=DIRECTION('',(0.,0.,1.));
#7294=DIRECTION('',(0.,0.,1.));
#7295=DIRECTION('',(0.,0.,1.));
#7296=DIRECTION('',(1.,0.,0.));
#7297=DIRECTION('',(0.,0.,1.));
#7298=DIRECTION('',(1.,0.,0.));
#7299=DIRECTION('',(0.,0.,1.));
#7300=DIRECTION('',(0.,0.,1.));
#7301=DIRECTION('',(0.,0.,1.));
#7302=DIRECTION('',(1.,0.,0.));
#7303=DIRECTION('',(0.,0.,1.));
#7304=DIRECTION('',(1.,0.,0.));
#7305=DIRECTION('',(0.,0.,1.));
#7306=DIRECTION('',(0.,0.,1.));
#7307=DIRECTION('',(0.,0.,1.));
#7308=DIRECTION('',(1.,0.,0.));
#7309=DIRECTION('',(0.,0.,1.));
#7310=DIRECTION('',(1.,0.,0.));
#7311=DIRECTION('',(0.,0.,1.));
#7312=DIRECTION('',(0.,0.,1.));
#7313=DIRECTION('',(0.,0.,1.));
#7314=DIRECTION('',(1.,0.,0.));
#7315=DIRECTION('',(0.,0.,1.));
#7316=DIRECTION('',(1.,0.,0.));
#7317=DIRECTION('',(0.,0.,1.));
#7318=DIRECTION('',(0.,0.,1.));
#7319=DIRECTION('',(0.,0.,1.));
#7320=DIRECTION('',(1.,0.,0.));
#7321=DIRECTION('',(0.,0.,1.));
#7322=DIRECTION('',(1.,0.,0.));
#7323=DIRECTION('',(0.,0.,1.));
#7324=DIRECTION('',(0.,0.,1.));
#7325=DIRECTION('',(0.,0.,1.));
#7326=DIRECTION('',(1.,0.,0.));
#7327=DIRECTION('',(0.,0.,1.));
#7328=DIRECTION('',(1.,0.,0.));
#7329=DIRECTION('',(0.,0.,1.));
#7330=DIRECTION('',(0.,0.,1.));
#7331=DIRECTION('',(0.,0.,1.));
#7332=DIRECTION('',(1.,0.,0.));
#7333=DIRECTION('',(0.,0.,1.));
#7334=DIRECTION('',(1.,0.,0.));
#7335=DIRECTION('',(0.,0.,1.));
#7336=DIRECTION('',(0.,0.,1.));
#7337=DIRECTION('',(0.,0.,1.));
#7338=DIRECTION('',(1.,0.,0.));
#7339=DIRECTION('',(0.,0.,1.));
#7340=DIRECTION('',(1.,0.,0.));
#7341=DIRECTION('',(0.,0.,1.));
#7342=DIRECTION('',(0.,0.,1.));
#7343=DIRECTION('',(0.,0.,1.));
#7344=DIRECTION('',(1.,0.,0.));
#7345=DIRECTION('',(0.,0.,1.));
#7346=DIRECTION('',(1.,0.,0.));
#7347=DIRECTION('',(0.,0.,1.));
#7348=DIRECTION('',(0.,0.,1.));
#7349=DIRECTION('',(0.,0.,1.));
#7350=DIRECTION('',(1.,0.,0.));
#7351=DIRECTION('',(0.,0.,1.));
#7352=DIRECTION('',(1.,0.,0.));
#7353=DIRECTION('',(0.,0.,1.));
#7354=DIRECTION('',(0.,0.,1.));
#7355=DIRECTION('',(0.,0.,1.));
#7356=DIRECTION('',(1.,0.,0.));
#7357=DIRECTION('',(0.,0.,1.));
#7358=DIRECTION('',(1.,0.,0.));
#7359=DIRECTION('',(0.,0.,1.));
#7360=DIRECTION('',(0.,0.,1.));
#7361=DIRECTION('',(0.,0.,1.));
#7362=DIRECTION('',(1.,0.,0.));
#7363=DIRECTION('',(0.,0.,1.));
#7364=DIRECTION('',(1.,0.,0.));
#7365=DIRECTION('',(0.,0.,1.));
#7366=DIRECTION('',(0.,0.,1.));
#7367=DIRECTION('',(0.,0.,1.));
#7368=DIRECTION('',(1.,0.,0.));
#7369=DIRECTION('',(0.,0.,1.));
#7370=DIRECTION('',(1.,0.,0.));
#7371=DIRECTION('',(0.,0.,1.));
#7372=DIRECTION('',(0.,0.,1.));
#7373=DIRECTION('',(0.,0.,-1.));
#7374=DIRECTION('',(-1.,0.,0.));
#7375=DIRECTION('',(-1.,0.,0.));
#7376=DIRECTION('',(0.,0.,-1.));
#7377=DIRECTION('',(-1.,0.,0.));
#7378=DIRECTION('',(0.,-1.,0.));
#7379=DIRECTION('',(1.,0.,0.));
#7380=DIRECTION('',(0.,1.,0.));
#7381=DIRECTION('',(0.,0.,-1.));
#7382=DIRECTION('',(-1.,0.,0.));
#7383=DIRECTION('',(0.,0.,-1.));
#7384=DIRECTION('',(-1.,0.,0.));
#7385=DIRECTION('',(-1.,0.,0.));
#7386=DIRECTION('',(0.,-1.,0.));
#7387=DIRECTION('',(1.,0.,0.));
#7388=DIRECTION('',(0.,-1.,0.));
#7389=DIRECTION('',(0.,0.,1.));
#7390=DIRECTION('',(1.,0.,0.));
#7391=DIRECTION('',(0.,1.,0.));
#7392=DIRECTION('',(1.,0.,0.));
#7393=DIRECTION('',(0.,-1.,0.));
#7394=DIRECTION('',(1.,0.,0.));
#7395=DIRECTION('',(-1.,0.,0.));
#7396=DIRECTION('',(0.,-1.,0.));
#7397=DIRECTION('',(1.,0.,0.));
#7398=DIRECTION('',(-0.999854263079304,0.0170719829587079,0.));
#7399=DIRECTION('',(0.,-1.,0.));
#7400=DIRECTION('',(1.,0.,0.));
#7401=DIRECTION('',(0.,0.,-1.));
#7402=DIRECTION('',(0.,-1.,0.));
#7403=DIRECTION('',(0.,0.,-1.));
#7404=DIRECTION('',(1.,0.,0.));
#7405=DIRECTION('',(0.,-1.,0.));
#7406=DIRECTION('',(0.,0.,-1.));
#7407=DIRECTION('',(-1.,0.,-1.0842021724855E-16));
#7408=DIRECTION('',(0.,-1.,0.));
#7409=DIRECTION('',(0.,0.,-1.));
#7410=DIRECTION('',(0.,0.,1.));
#7411=DIRECTION('',(0.,-1.,0.));
#7412=DIRECTION('',(1.,0.,0.));
#7413=DIRECTION('',(0.,0.,-1.));
#7414=DIRECTION('',(0.,0.,1.));
#7415=DIRECTION('',(0.,-1.,0.));
#7416=DIRECTION('',(0.,0.,-1.));
#7417=DIRECTION('',(-1.,0.,-1.0842021724855E-16));
#7418=DIRECTION('',(0.,-1.,0.));
#7419=DIRECTION('',(0.,0.,-1.));
#7420=DIRECTION('',(1.,0.,0.));
#7421=DIRECTION('',(0.,-1.,0.));
#7422=DIRECTION('',(0.,0.,-1.));
#7423=DIRECTION('',(-1.0842021724855E-16,0.,1.));
#7424=DIRECTION('',(1.,0.,1.0842021724855E-16));
#7425=DIRECTION('',(0.,-1.,0.));
#7426=DIRECTION('',(1.,0.,1.0842021724855E-16));
#7427=DIRECTION('',(0.,-1.,0.));
#7428=DIRECTION('',(1.,0.,0.));
#7429=DIRECTION('',(0.,0.,-1.));
#7430=DIRECTION('',(0.,-1.,0.));
#7431=DIRECTION('',(-1.0842021724855E-16,0.,1.));
#7432=DIRECTION('',(0.,-1.,0.));
#7433=DIRECTION('',(0.,-1.,0.));
#7434=DIRECTION('',(-1.0842021724855E-16,0.,1.));
#7435=DIRECTION('',(0.,-1.,0.));
#7436=DIRECTION('',(0.,0.,-1.));
#7437=DIRECTION('',(0.,-1.,0.));
#7438=DIRECTION('',(0.,0.,-1.));
#7439=DIRECTION('',(0.,-1.,0.));
#7440=DIRECTION('',(0.,0.,-1.));
#7441=DIRECTION('',(0.,-1.,0.));
#7442=DIRECTION('',(0.,0.,-1.));
#7443=DIRECTION('',(0.,-1.,0.));
#7444=DIRECTION('',(0.,0.,-1.));
#7445=DIRECTION('',(-1.,0.,0.));
#7446=DIRECTION('',(0.,-1.,0.));
#7447=DIRECTION('',(-1.,0.,0.));
#7448=DIRECTION('',(0.,-1.,0.));
#7449=DIRECTION('',(0.,0.,-1.));
#7450=DIRECTION('',(0.,-1.,0.));
#7451=DIRECTION('',(0.,0.,-1.));
#7452=DIRECTION('',(0.,-1.,0.));
#7453=DIRECTION('',(-1.,0.,0.));
#7454=DIRECTION('',(0.,0.,1.));
#7455=DIRECTION('',(0.,0.,1.));
#7456=DIRECTION('',(0.,0.,-1.));
#7457=DIRECTION('',(0.,0.,-1.));
#7458=DIRECTION('',(0.,-1.,0.));
#7459=DIRECTION('',(0.,0.,1.));
#7460=DIRECTION('',(1.,0.,0.));
#7461=DIRECTION('',(1.,0.,0.));
#7462=DIRECTION('',(0.,-1.,0.));
#7463=DIRECTION('',(-1.,0.,0.));
#7464=DIRECTION('',(0.,-1.,0.));
#7465=DIRECTION('',(0.,-1.,0.));
#7466=DIRECTION('',(0.,0.,-1.));
#7467=DIRECTION('',(0.,-1.,0.));
#7468=DIRECTION('',(0.0170719829587079,0.999854263079304,0.));
#7469=DIRECTION('',(0.999854263079304,-0.0170719829587079,0.));
#7470=DIRECTION('',(0.,-1.,0.));
#7471=DIRECTION('',(0.,-1.,0.));
#7472=DIRECTION('',(0.,0.,-1.));
#7473=DIRECTION('',(-0.242535625036332,0.,-0.970142500145332));
#7474=DIRECTION('',(-0.970142500145332,0.,0.242535625036332));
#7475=DIRECTION('',(0.970009429652492,-0.0165623982057272,-0.242502357413123));
#7476=DIRECTION('',(0.,-1.,0.));
#7477=DIRECTION('',(0.970142500145332,0.,-0.242535625036332));
#7478=DIRECTION('',(1.,0.,2.16840434497101E-16));
#7479=DIRECTION('',(2.16840434497101E-16,0.,-1.));
#7480=DIRECTION('',(-2.16840434497101E-16,3.70243578408356E-18,1.));
#7481=DIRECTION('',(-2.16840434497101E-16,0.,1.));
#7482=DIRECTION('',(-1.,0.,0.));
#7483=DIRECTION('',(0.,0.,1.));
#7484=DIRECTION('',(0.,0.,1.));
#7485=DIRECTION('',(0.,1.,0.));
#7486=DIRECTION('',(0.,0.,-1.));
#7487=DIRECTION('',(0.,0.,-1.));
#7488=DIRECTION('',(0.,1.,0.));
#7489=DIRECTION('',(0.,0.,1.));
#7490=DIRECTION('',(1.,0.,0.));
#7491=DIRECTION('',(0.,0.,-1.));
#7492=DIRECTION('',(0.,0.,1.));
#7493=DIRECTION('',(0.,0.,1.));
#7494=DIRECTION('',(0.,-1.,0.));
#7495=DIRECTION('',(1.,0.,0.));
#7496=DIRECTION('',(0.,0.,-1.));
#7497=DIRECTION('',(0.,-1.,0.));
#7498=DIRECTION('',(0.,0.,-1.));
#7499=DIRECTION('',(0.,0.,-1.));
#7500=DIRECTION('',(0.,-1.,0.));
#7501=DIRECTION('',(0.,0.,-1.));
#7502=DIRECTION('',(0.,0.,-1.));
#7503=DIRECTION('',(-1.,0.,0.));
#7504=DIRECTION('',(0.,0.,1.));
#7505=DIRECTION('',(1.,0.,0.));
#7506=DIRECTION('',(1.23908819712629E-16,1.,0.));
#7507=DIRECTION('',(1.,0.,0.));
#7508=DIRECTION('',(0.,-1.,0.));
#7509=DIRECTION('',(0.,0.,-1.));
#7510=DIRECTION('',(-1.,0.,0.));
#7511=DIRECTION('',(0.,0.,1.));
#7512=DIRECTION('',(1.,0.,0.));
#7513=DIRECTION('',(1.,0.,0.));
#7514=DIRECTION('',(1.23908819712629E-16,1.,0.));
#7515=DIRECTION('',(2.55106393526001E-16,0.,-1.));
#7516=DIRECTION('',(-1.,0.,-2.55106393526001E-16));
#7517=DIRECTION('',(1.,0.,2.55106393526001E-16));
#7518=DIRECTION('',(0.,-1.,0.));
#7519=DIRECTION('',(1.,0.,2.55106393526001E-16));
#7520=DIRECTION('',(0.,-1.,0.));
#7521=DIRECTION('',(-1.,0.,-2.55106393526001E-16));
#7522=DIRECTION('',(1.7347234759768E-16,1.,4.42539049721332E-32));
#7523=DIRECTION('',(1.,0.,2.55106393526001E-16));
#7524=DIRECTION('',(0.,-1.,0.));
#7525=DIRECTION('',(0.,0.,-1.));
#7526=DIRECTION('',(3.46944695195362E-16,-1.,3.76158192263132E-32));
#7527=DIRECTION('',(1.,3.46944695195362E-16,0.));
#7528=DIRECTION('',(0.,-1.,0.));
#7529=DIRECTION('',(-1.0842021724855E-16,0.,1.));
#7530=DIRECTION('',(1.,0.,1.0842021724855E-16));
#7531=DIRECTION('',(1.,3.46944695195362E-16,1.0842021724855E-16));
#7532=DIRECTION('',(0.,-1.,0.));
#7533=DIRECTION('',(0.,-1.,0.));
#7534=DIRECTION('',(0.,0.,-1.));
#7535=DIRECTION('',(3.46944695195362E-16,-1.,3.76158192263132E-32));
#7536=DIRECTION('',(1.,3.46944695195362E-16,0.));
#7537=DIRECTION('',(0.,-1.,0.));
#7538=DIRECTION('',(0.,0.,-1.));
#7539=DIRECTION('',(-1.,0.,0.));
#7540=DIRECTION('',(-1.,-3.46944695195362E-16,0.));
#7541=DIRECTION('',(0.,-1.,0.));
#7542=DIRECTION('',(0.,-1.,0.));
#7543=DIRECTION('',(0.,0.,-1.));
#7544=DIRECTION('',(3.46944695195362E-16,-1.,3.76158192263132E-32));
#7545=DIRECTION('',(1.,3.46944695195362E-16,0.));
#7546=DIRECTION('',(0.,-1.,0.));
#7547=DIRECTION('',(-1.,0.,0.));
#7548=DIRECTION('',(0.,0.,1.));
#7549=DIRECTION('',(0.,3.76158192263132E-32,1.));
#7550=DIRECTION('',(0.,1.,0.));
#7551=DIRECTION('',(0.,0.,1.));
#7552=DIRECTION('',(0.,0.,-1.));
#7553=DIRECTION('',(0.,0.,-1.));
#7554=DIRECTION('',(-1.,0.,0.));
#7555=DIRECTION('',(0.,0.,1.));
#7556=DIRECTION('',(0.,0.,-1.));
#7557=DIRECTION('',(0.,0.,-1.));
#7558=DIRECTION('',(0.,0.,1.));
#7559=DIRECTION('',(0.,-1.,0.));
#7560=DIRECTION('',(0.,0.,-1.));
#7561=DIRECTION('',(0.,1.,0.));
#7562=DIRECTION('',(0.,0.,1.));
#7563=DIRECTION('',(0.,-1.,0.));
#7564=DIRECTION('',(0.,0.,-1.));
#7565=DIRECTION('',(0.,-1.,0.));
#7566=DIRECTION('',(-0.242535625036332,0.,-0.970142500145332));
#7567=DIRECTION('',(-0.970142500145332,0.,0.242535625036332));
#7568=DIRECTION('',(0.,-1.,0.));
#7569=DIRECTION('',(0.970142500145332,0.,-0.242535625036332));
#7570=DIRECTION('',(0.970142500145332,0.,-0.242535625036332));
#7571=DIRECTION('',(1.,0.,2.16840434497101E-16));
#7572=DIRECTION('',(2.16840434497101E-16,0.,-1.));
#7573=DIRECTION('',(-2.16840434497101E-16,0.,1.));
#7574=DIRECTION('',(-2.16840434497101E-16,0.,1.));
#7575=DIRECTION('',(0.,-1.,0.));
#7576=DIRECTION('',(0.,0.,1.));
#7577=DIRECTION('',(1.,0.,0.));
#7578=DIRECTION('',(-1.,0.,0.));
#7579=DIRECTION('',(-1.,0.,0.));
#7580=DIRECTION('',(0.,-1.,0.));
#7581=DIRECTION('',(-1.,0.,0.));
#7582=DIRECTION('',(0.,0.,1.));
#7583=DIRECTION('',(0.,0.,-1.));
#7584=DIRECTION('',(0.,0.,1.));
#7585=DIRECTION('',(0.,1.,0.));
#7586=DIRECTION('',(0.,0.,1.));
#7587=DIRECTION('',(0.,0.,-1.));
#7588=DIRECTION('',(1.,0.,0.));
#7589=DIRECTION('',(0.,0.,-1.));
#7590=DIRECTION('',(0.,0.,1.));
#7591=DIRECTION('',(0.,0.,1.));
#7592=DIRECTION('',(0.,-1.,0.));
#7593=DIRECTION('',(-4.33680868994202E-16,0.,1.));
#7594=DIRECTION('',(1.,0.,4.33680868994202E-16));
#7595=DIRECTION('',(-1.,0.,-4.33680868994202E-16));
#7596=DIRECTION('',(-1.,0.,-4.33680868994202E-16));
#7597=DIRECTION('',(1.23908819712629E-16,1.,0.));
#7598=DIRECTION('',(1.,0.,0.));
#7599=DIRECTION('',(0.,0.,-1.));
#7600=DIRECTION('',(0.,0.,1.));
#7601=DIRECTION('',(0.,0.,1.));
#7602=DIRECTION('',(0.,-1.,0.));
#7603=DIRECTION('',(1.,0.,0.));
#7604=DIRECTION('',(0.,0.,-1.));
#7605=DIRECTION('',(0.,-1.,0.));
#7606=DIRECTION('',(1.,0.,0.));
#7607=DIRECTION('',(0.,0.,-1.));
#7608=DIRECTION('',(0.,0.,1.));
#7609=DIRECTION('',(1.,0.,0.));
#7610=DIRECTION('',(0.,0.,1.));
#7611=DIRECTION('',(1.,0.,0.));
#7612=DIRECTION('',(0.,0.,1.));
#7613=DIRECTION('',(0.,0.,1.));
#7614=DIRECTION('',(0.,-1.,0.));
#7615=DIRECTION('',(0.,0.,-1.));
#7616=DIRECTION('',(-1.,0.,0.));
#7617=DIRECTION('',(0.,0.,-1.));
#7618=DIRECTION('',(-1.,1.7347234759768E-16,0.));
#7619=DIRECTION('',(-1.7347234759768E-16,-1.,0.));
#7620=DIRECTION('',(1.7347234759768E-16,1.,0.));
#7621=DIRECTION('',(0.,0.,-1.));
#7622=DIRECTION('',(0.,1.,0.));
#7623=DIRECTION('',(0.,0.,1.));
#7624=DIRECTION('',(1.,0.,0.));
#7625=DIRECTION('',(0.,0.,-1.));
#7626=DIRECTION('',(-1.,0.,0.));
#7627=DIRECTION('',(-1.,1.23908819712629E-16,0.));
#7628=DIRECTION('',(-1.23908819712629E-16,-1.,0.));
#7629=DIRECTION('',(0.,0.,-1.));
#7630=DIRECTION('',(-1.23908819712629E-16,-1.,0.));
#7631=DIRECTION('',(0.,0.,-1.));
#7632=DIRECTION('',(0.,0.,-1.));
#7633=DIRECTION('',(-1.,0.,0.));
#7634=DIRECTION('',(0.,0.,1.));
#7635=DIRECTION('',(1.,0.,0.));
#7636=DIRECTION('',(0.,0.,1.));
#7637=DIRECTION('',(1.,0.,0.));
#7638=DIRECTION('',(0.,0.,1.));
#7639=DIRECTION('',(1.,0.,0.));
#7640=DIRECTION('',(0.,0.,1.));
#7641=DIRECTION('',(1.,0.,0.));
#7642=DIRECTION('',(0.,0.,1.));
#7643=DIRECTION('',(1.,0.,0.));
#7644=DIRECTION('',(0.,0.,1.));
#7645=DIRECTION('',(1.,0.,0.));
#7646=DIRECTION('',(0.,0.,1.));
#7647=DIRECTION('',(1.,0.,0.));
#7648=DIRECTION('',(0.,0.,1.));
#7649=DIRECTION('',(1.,0.,0.));
#7650=DIRECTION('',(0.,0.,1.));
#7651=DIRECTION('',(1.,0.,0.));
#7652=DIRECTION('',(0.,0.,1.));
#7653=DIRECTION('',(1.,0.,0.));
#7654=DIRECTION('',(0.,0.,1.));
#7655=DIRECTION('',(1.,0.,0.));
#7656=DIRECTION('',(0.,0.,1.));
#7657=DIRECTION('',(1.,0.,0.));
#7658=DIRECTION('',(0.,0.,1.));
#7659=DIRECTION('',(1.,0.,0.));
#7660=DIRECTION('',(0.,0.,1.));
#7661=DIRECTION('',(1.,0.,0.));
#7662=DIRECTION('',(0.,0.,1.));
#7663=DIRECTION('',(1.,0.,0.));
#7664=DIRECTION('',(0.,0.,1.));
#7665=DIRECTION('',(1.,0.,0.));
#7666=DIRECTION('',(0.,0.,1.));
#7667=DIRECTION('',(1.,0.,0.));
#7668=DIRECTION('',(0.,0.,1.));
#7669=DIRECTION('',(1.,0.,0.));
#7670=DIRECTION('',(0.,0.,1.));
#7671=DIRECTION('',(1.,0.,0.));
#7672=DIRECTION('',(0.,0.,1.));
#7673=DIRECTION('',(1.,0.,0.));
#7674=DIRECTION('',(0.,0.,1.));
#7675=DIRECTION('',(1.,0.,0.));
#7676=DIRECTION('',(0.,0.,1.));
#7677=DIRECTION('',(1.,0.,0.));
#7678=DIRECTION('',(0.,0.,1.));
#7679=DIRECTION('',(1.,0.,0.));
#7680=DIRECTION('',(0.,0.,1.));
#7681=DIRECTION('',(1.,0.,0.));
#7682=DIRECTION('',(0.,0.,1.));
#7683=DIRECTION('',(1.,0.,0.));
#7684=DIRECTION('',(0.,0.,1.));
#7685=DIRECTION('',(1.,0.,0.));
#7686=DIRECTION('',(0.,0.,1.));
#7687=DIRECTION('',(1.,0.,0.));
#7688=DIRECTION('',(0.,0.,1.));
#7689=DIRECTION('',(1.,0.,0.));
#7690=DIRECTION('',(0.,0.,1.));
#7691=DIRECTION('',(1.,0.,0.));
#7692=DIRECTION('',(0.,0.,1.));
#7693=DIRECTION('',(1.,0.,0.));
#7694=DIRECTION('',(0.,0.,1.));
#7695=DIRECTION('',(1.,0.,0.));
#7696=DIRECTION('',(0.,0.,1.));
#7697=DIRECTION('',(1.,0.,0.));
#7698=DIRECTION('',(0.,0.,1.));
#7699=DIRECTION('',(1.,0.,0.));
#7700=DIRECTION('',(0.,0.,1.));
#7701=DIRECTION('',(1.,0.,0.));
#7702=DIRECTION('',(0.,0.,1.));
#7703=DIRECTION('',(1.,0.,0.));
#7704=DIRECTION('',(0.,0.,1.));
#7705=DIRECTION('',(1.,0.,0.));
#7706=DIRECTION('',(0.,0.,1.));
#7707=DIRECTION('',(1.,0.,0.));
#7708=DIRECTION('',(0.,0.,1.));
#7709=DIRECTION('',(1.,0.,0.));
#7710=DIRECTION('',(0.,0.,1.));
#7711=DIRECTION('',(1.,0.,0.));
#7712=DIRECTION('',(0.,0.,1.));
#7713=DIRECTION('',(1.,0.,0.));
#7714=DIRECTION('',(0.,0.,1.));
#7715=DIRECTION('',(1.,0.,0.));
#7716=DIRECTION('',(0.,0.,1.));
#7717=DIRECTION('',(1.,0.,0.));
#7718=DIRECTION('',(0.,0.,1.));
#7719=DIRECTION('',(1.,0.,0.));
#7720=DIRECTION('',(0.,0.,1.));
#7721=DIRECTION('',(1.,0.,0.));
#7722=DIRECTION('',(0.,0.,1.));
#7723=DIRECTION('',(1.,0.,0.));
#7724=DIRECTION('',(0.,0.,1.));
#7725=DIRECTION('',(1.,0.,0.));
#7726=DIRECTION('',(0.,0.,1.));
#7727=DIRECTION('',(1.,0.,0.));
#7728=DIRECTION('',(0.,0.,1.));
#7729=DIRECTION('',(1.,0.,0.));
#7730=DIRECTION('',(0.,0.,1.));
#7731=DIRECTION('',(1.,0.,0.));
#7732=DIRECTION('',(0.,0.,-1.));
#7733=DIRECTION('',(1.,0.,0.));
#7734=DIRECTION('',(0.,1.,0.));
#7735=DIRECTION('',(0.,0.,1.));
#7736=DIRECTION('',(1.,0.,0.));
#7737=DIRECTION('',(0.,0.,-1.));
#7738=DIRECTION('',(-1.,0.,0.));
#7739=DIRECTION('',(0.,0.,1.));
#7740=DIRECTION('',(0.,1.,0.));
#7741=DIRECTION('',(0.,0.,-1.));
#7742=DIRECTION('',(1.,0.,0.));
#7743=DIRECTION('',(0.,-1.,0.));
#7744=DIRECTION('',(0.,0.,-1.));
#7745=DIRECTION('',(0.,0.,1.));
#7746=DIRECTION('',(0.0170719829587079,0.999854263079304,0.));
#7747=DIRECTION('',(-0.999854263079304,0.0170719829587079,0.));
#7748=DIRECTION('',(0.,1.,0.));
#7749=DIRECTION('',(0.,0.,1.));
#7750=DIRECTION('',(3.46944695195362E-16,-1.,3.76158192263132E-32));
#7751=DIRECTION('',(1.,3.46944695195362E-16,0.));
#7752=DIRECTION('',(1.,3.46944695195362E-16,1.0842021724855E-16));
#7753=DIRECTION('',(0.,-1.,0.));
#7754=DIRECTION('',(0.,0.,-1.));
#7755=DIRECTION('',(1.,0.,1.0842021724855E-16));
#7756=DIRECTION('',(-1.0842021724855E-16,0.,1.));
#7757=DIRECTION('',(1.,0.,1.0842021724855E-16));
#7758=DIRECTION('',(0.,1.,0.));
#7759=DIRECTION('',(0.,0.,1.));
#7760=DIRECTION('',(0.,0.,1.));
#7761=DIRECTION('',(0.996194698091746,0.,-0.0871557427476582));
#7762=DIRECTION('',(0.,0.,1.));
#7763=DIRECTION('',(-0.965925826289068,0.,-0.258819045102521));
#7764=DIRECTION('',(0.,0.,1.));
#7765=DIRECTION('',(-1.,0.,0.));
#7766=DIRECTION('',(0.,0.,1.));
#7767=DIRECTION('',(0.,1.,0.));
#7768=DIRECTION('',(0.,0.,1.));
#7769=DIRECTION('',(0.,0.,1.));
#7770=DIRECTION('',(-1.,0.,0.));
#7771=DIRECTION('',(0.,0.,1.));
#7772=DIRECTION('',(-0.965925826289068,0.,-0.258819045102521));
#7773=DIRECTION('',(0.,0.,1.));
#7774=DIRECTION('',(0.996194698091746,0.,-0.0871557427476582));
#7775=DIRECTION('',(0.,0.,1.));
#7776=DIRECTION('',(0.,0.,1.));
#7777=DIRECTION('',(1.,0.,0.));
#7778=DIRECTION('',(0.,0.,-1.));
#7779=DIRECTION('',(-1.,0.,0.));
#7780=DIRECTION('',(0.,0.,1.));
#7781=DIRECTION('',(1.,0.,0.));
#7782=DIRECTION('',(0.0871557427476582,0.,0.996194698091746));
#7783=DIRECTION('',(-0.996194698091746,0.,0.0871557427476582));
#7784=DIRECTION('',(0.,0.,-1.));
#7785=DIRECTION('',(1.,0.,0.));
#7786=DIRECTION('',(0.,0.,-1.));
#7787=DIRECTION('',(-1.,0.,0.));
#7788=DIRECTION('',(0.,1.,0.));
#7789=DIRECTION('',(0.,1.,0.));
#7790=DIRECTION('',(0.0871557427476582,0.,0.996194698091746));
#7791=DIRECTION('',(0.996194698091746,0.,-0.0871557427476582));
#7792=DIRECTION('',(0.0871557427476582,0.,0.996194698091746));
#7793=DIRECTION('',(-0.996194698091746,0.,0.0871557427476582));
#7794=DIRECTION('',(1.,0.,0.));
#7795=DIRECTION('',(0.,0.,-1.));
#7796=DIRECTION('',(0.,0.,1.));
#7797=DIRECTION('',(0.,1.,0.));
#7798=DIRECTION('',(0.,0.,1.));
#7799=DIRECTION('',(1.,0.,0.));
#7800=DIRECTION('',(0.,0.,1.));
#7801=DIRECTION('',(0.258819045102521,0.,-0.965925826289068));
#7802=DIRECTION('',(0.965925826289068,0.,0.258819045102521));
#7803=DIRECTION('',(0.,0.,-1.));
#7804=DIRECTION('',(-1.,0.,0.));
#7805=DIRECTION('',(1.,0.,0.));
#7806=DIRECTION('',(0.,0.,-1.));
#7807=DIRECTION('',(0.,1.,0.));
#7808=DIRECTION('',(0.,0.,1.));
#7809=DIRECTION('',(1.,0.,0.));
#7810=DIRECTION('',(0.258819045102521,0.,-0.965925826289068));
#7811=DIRECTION('',(0.965925826289068,0.,0.258819045102521));
#7812=DIRECTION('',(0.258819045102521,0.,-0.965925826289068));
#7813=DIRECTION('',(-0.965925826289068,0.,-0.258819045102521));
#7814=DIRECTION('',(0.,0.,-1.));
#7815=DIRECTION('',(1.,0.,0.));
#7816=DIRECTION('',(0.,0.,1.));
#7817=DIRECTION('',(1.,0.,0.));
#7818=DIRECTION('',(0.,0.,1.));
#7819=DIRECTION('',(1.,0.,0.));
#7820=DIRECTION('',(0.,0.,1.));
#7821=DIRECTION('',(1.,0.,0.));
#7822=DIRECTION('',(0.,0.,1.));
#7823=DIRECTION('',(1.,0.,0.));
#7824=DIRECTION('',(0.,0.,1.));
#7825=DIRECTION('',(1.,0.,0.));
#7826=DIRECTION('',(0.,0.,1.));
#7827=DIRECTION('',(1.,0.,0.));
#7828=DIRECTION('',(0.,0.,1.));
#7829=DIRECTION('',(1.,0.,0.));
#7830=DIRECTION('',(0.,0.,1.));
#7831=DIRECTION('',(1.,0.,0.));
#7832=DIRECTION('',(0.,0.,1.));
#7833=DIRECTION('',(1.,0.,0.));
#7834=DIRECTION('',(0.,0.,1.));
#7835=DIRECTION('',(1.,0.,0.));
#7836=DIRECTION('',(0.,0.,1.));
#7837=DIRECTION('',(1.,0.,0.));
#7838=DIRECTION('',(0.,0.,1.));
#7839=DIRECTION('',(1.,0.,0.));
#7840=DIRECTION('',(0.,0.,1.));
#7841=DIRECTION('',(1.,0.,0.));
#7842=DIRECTION('',(0.,0.,1.));
#7843=DIRECTION('',(1.,0.,0.));
#7844=DIRECTION('',(0.,0.,1.));
#7845=DIRECTION('',(1.,0.,0.));
#7846=DIRECTION('',(0.,0.,1.));
#7847=DIRECTION('',(1.,0.,0.));
#7848=DIRECTION('',(0.,0.,1.));
#7849=DIRECTION('',(1.,0.,0.));
#7850=DIRECTION('',(0.,0.,1.));
#7851=DIRECTION('',(1.,0.,0.));
#7852=DIRECTION('',(0.,0.,1.));
#7853=DIRECTION('',(1.,0.,0.));
#7854=DIRECTION('',(0.,0.,1.));
#7855=DIRECTION('',(1.,0.,0.));
#7856=DIRECTION('',(0.,0.,1.));
#7857=DIRECTION('',(1.,0.,0.));
#7858=DIRECTION('',(0.,0.,1.));
#7859=DIRECTION('',(1.,0.,0.));
#7860=DIRECTION('',(0.,0.,1.));
#7861=DIRECTION('',(1.,0.,0.));
#7862=DIRECTION('',(0.,0.,1.));
#7863=DIRECTION('',(1.,0.,0.));
#7864=DIRECTION('',(0.,0.,1.));
#7865=DIRECTION('',(1.,0.,0.));
#7866=DIRECTION('',(0.,0.,1.));
#7867=DIRECTION('',(1.,0.,0.));
#7868=DIRECTION('',(0.,0.,1.));
#7869=DIRECTION('',(1.,0.,0.));
#7870=DIRECTION('',(0.,0.,1.));
#7871=DIRECTION('',(1.,0.,0.));
#7872=DIRECTION('',(0.,0.,1.));
#7873=DIRECTION('',(1.,0.,0.));
#7874=DIRECTION('',(0.,0.,1.));
#7875=DIRECTION('',(1.,0.,0.));
#7876=DIRECTION('',(0.,0.,1.));
#7877=DIRECTION('',(1.,0.,0.));
#7878=DIRECTION('',(0.,0.,1.));
#7879=DIRECTION('',(1.,0.,0.));
#7880=DIRECTION('',(0.,0.,1.));
#7881=DIRECTION('',(1.,0.,0.));
#7882=DIRECTION('',(0.,0.,1.));
#7883=DIRECTION('',(1.,0.,0.));
#7884=DIRECTION('',(0.,0.,1.));
#7885=DIRECTION('',(1.,0.,0.));
#7886=DIRECTION('',(0.,0.,1.));
#7887=DIRECTION('',(1.,0.,0.));
#7888=DIRECTION('',(0.,0.,1.));
#7889=DIRECTION('',(1.,0.,0.));
#7890=DIRECTION('',(0.,0.,1.));
#7891=DIRECTION('',(1.,0.,0.));
#7892=DIRECTION('',(0.,0.,1.));
#7893=DIRECTION('',(1.,0.,0.));
#7894=DIRECTION('',(0.,0.,1.));
#7895=DIRECTION('',(1.,0.,0.));
#7896=DIRECTION('',(0.,0.,1.));
#7897=DIRECTION('',(1.,0.,0.));
#7898=DIRECTION('',(0.,0.,1.));
#7899=DIRECTION('',(1.,0.,0.));
#7900=DIRECTION('',(0.,0.,1.));
#7901=DIRECTION('',(1.,0.,0.));
#7902=DIRECTION('',(0.,0.,1.));
#7903=DIRECTION('',(1.,0.,0.));
#7904=DIRECTION('',(0.,0.,1.));
#7905=DIRECTION('',(1.,0.,0.));
#7906=DIRECTION('',(0.,0.,1.));
#7907=DIRECTION('',(1.,0.,0.));
#7908=DIRECTION('',(0.,0.,1.));
#7909=DIRECTION('',(1.,0.,0.));
#7910=DIRECTION('',(0.,0.,1.));
#7911=DIRECTION('',(1.,0.,0.));
#7912=DIRECTION('',(0.,0.,1.));
#7913=DIRECTION('',(1.,0.,0.));
#7914=DIRECTION('',(0.,0.,1.));
#7915=DIRECTION('',(1.,0.,0.));
#7916=DIRECTION('',(-0.166490454906551,-0.986043066212125,0.));
#7917=DIRECTION('',(0.,0.,1.));
#7918=DIRECTION('',(1.,0.,0.));
#7919=DIRECTION('',(-0.0335782636891468,-0.999436091107191,0.));
#7920=DIRECTION('',(0.,0.,1.));
#7921=DIRECTION('',(1.,0.,0.));
#7922=DIRECTION('',(0.0999331324443108,-0.99499415527925,0.));
#7923=DIRECTION('',(0.,0.,1.));
#7924=DIRECTION('',(1.,0.,0.));
#7925=DIRECTION('',(0.231661219455806,-0.972796525178955,0.));
#7926=DIRECTION('',(0.,0.,1.));
#7927=DIRECTION('',(1.,0.,0.));
#7928=DIRECTION('',(0.359255306519643,-0.933239318040918,0.));
#7929=DIRECTION('',(0.,0.,1.));
#7930=DIRECTION('',(1.,0.,0.));
#7931=DIRECTION('',(0.480438474131558,-0.877028433161742,0.));
#7932=DIRECTION('',(0.,0.,1.));
#7933=DIRECTION('',(1.,0.,0.));
#7934=DIRECTION('',(0.593048205786327,-0.805166955117769,0.));
#7935=DIRECTION('',(0.,0.,1.));
#7936=DIRECTION('',(1.,0.,0.));
#7937=DIRECTION('',(0.69507497815859,-0.718937253686186,0.));
#7938=DIRECTION('',(0.,0.,1.));
#7939=DIRECTION('',(1.,0.,0.));
#7940=DIRECTION('',(0.784698121082898,-0.619878099926889,0.));
#7941=DIRECTION('',(0.,0.,1.));
#7942=DIRECTION('',(1.,0.,0.));
#7943=DIRECTION('',(0.860318307443775,-0.509757206792683,0.));
#7944=DIRECTION('',(0.,0.,1.));
#7945=DIRECTION('',(1.,0.,0.));
#7946=DIRECTION('',(0.920586093229689,-0.390539684221845,0.));
#7947=DIRECTION('',(0.,0.,1.));
#7948=DIRECTION('',(1.,0.,0.));
#7949=DIRECTION('',(0.964425998370593,-0.264352971738328,0.));
#7950=DIRECTION('',(0.,0.,1.));
#7951=DIRECTION('',(1.,0.,0.));
#7952=DIRECTION('',(0.991055698723238,-0.13344887421104,0.));
#7953=DIRECTION('',(0.,0.,1.));
#7954=DIRECTION('',(1.,0.,0.));
#7955=DIRECTION('',(0.999999986653756,-0.000163378361117876,0.));
#7956=DIRECTION('',(0.,0.,1.));
#7957=DIRECTION('',(1.,0.,0.));
#7958=DIRECTION('',(0.991099251131987,0.133125032978832,0.));
#7959=DIRECTION('',(0.,0.,1.));
#7960=DIRECTION('',(1.,0.,0.));
#7961=DIRECTION('',(0.964512325994353,0.264037824951205,0.));
#7962=DIRECTION('',(0.,0.,1.));
#7963=DIRECTION('',(1.,0.,0.));
#7964=DIRECTION('',(0.920713655549675,0.390238855682457,0.));
#7965=DIRECTION('',(0.,0.,1.));
#7966=DIRECTION('',(1.,0.,0.));
#7967=DIRECTION('',(0.860484828109697,0.509476064789137,0.));
#7968=DIRECTION('',(0.,0.,1.));
#7969=DIRECTION('',(1.,0.,0.));
#7970=DIRECTION('',(0.784900628526111,0.619621661451015,0.));
#7971=DIRECTION('',(0.,0.,1.));
#7972=DIRECTION('',(1.,0.,0.));
#7973=DIRECTION('',(0.695309858631992,0.71871009488469,0.));
#7974=DIRECTION('',(0.,0.,1.));
#7975=DIRECTION('',(1.,0.,0.));
#7976=DIRECTION('',(0.593311267839305,0.804973129647764,0.));
#7977=DIRECTION('',(0.,0.,1.));
#7978=DIRECTION('',(1.,0.,0.));
#7979=DIRECTION('',(0.480725023413614,0.876871399843774,0.));
#7980=DIRECTION('',(0.,0.,1.));
#7981=DIRECTION('',(1.,0.,0.));
#7982=DIRECTION('',(0.359560229562117,0.933121879133288,0.));
#7983=DIRECTION('',(0.,0.,1.));
#7984=DIRECTION('',(1.,0.,0.));
#7985=DIRECTION('',(0.231979074889061,0.972720776386325,0.));
#7986=DIRECTION('',(0.,0.,1.));
#7987=DIRECTION('',(1.,0.,0.));
#7988=DIRECTION('',(0.10025824813405,0.994961448339126,0.));
#7989=DIRECTION('',(0.,0.,1.));
#7990=DIRECTION('',(1.,0.,0.));
#7991=DIRECTION('',(-0.0332516894362195,0.999447009675669,0.));
#7992=DIRECTION('',(0.,0.,1.));
#7993=DIRECTION('',(1.,0.,0.));
#7994=DIRECTION('',(-0.166168249820191,0.986097415447224,0.));
#7995=DIRECTION('',(0.,0.,1.));
#7996=DIRECTION('',(1.,0.,0.));
#7997=DIRECTION('',(-0.29611953384891,0.955150889479303,0.));
#7998=DIRECTION('',(0.,0.,1.));
#7999=DIRECTION('',(1.,0.,0.));
#8000=DIRECTION('',(-0.420786557782656,0.907159673260129,0.));
#8001=DIRECTION('',(0.,0.,1.));
#8002=DIRECTION('',(1.,0.,0.));
#8003=DIRECTION('',(-0.537944635622789,0.842980171181188,0.));
#8004=DIRECTION('',(0.,0.,1.));
#8005=DIRECTION('',(1.,0.,0.));
#8006=DIRECTION('',(-0.645503078699234,0.763757667974476,0.));
#8007=DIRECTION('',(0.,0.,1.));
#8008=DIRECTION('',(1.,0.,0.));
#8009=DIRECTION('',(-0.741542504040265,0.670905891091808,0.));
#8010=DIRECTION('',(0.,0.,1.));
#8011=DIRECTION('',(1.,0.,0.));
#8012=DIRECTION('',(-0.824349085829588,0.566081782688617,0.));
#8013=DIRECTION('',(0.,0.,1.));
#8014=DIRECTION('',(1.,0.,0.));
#8015=DIRECTION('',(-0.892445138654788,0.451155931459885,0.));
#8016=DIRECTION('',(0.,0.,1.));
#8017=DIRECTION('',(1.,0.,0.));
#8018=DIRECTION('',(-0.944615486836326,0.328179191950025,0.));
#8019=DIRECTION('',(0.,0.,1.));
#8020=DIRECTION('',(1.,0.,0.));
#8021=DIRECTION('',(-0.979929149278148,0.199346086981923,0.));
#8022=DIRECTION('',(0.,0.,1.));
#8023=DIRECTION('',(1.,0.,0.));
#8024=DIRECTION('',(-0.99775595283572,0.0669556463704487,0.));
#8025=DIRECTION('',(0.,0.,1.));
#8026=DIRECTION('',(1.,0.,0.));
#8027=DIRECTION('',(-0.997777777777847,-0.0666296193348089,0.));
#8028=DIRECTION('',(0.,0.,1.));
#8029=DIRECTION('',(1.,0.,0.));
#8030=DIRECTION('',(-0.97999423463809,-0.199025877905626,0.));
#8031=DIRECTION('',(0.,0.,1.));
#8032=DIRECTION('',(1.,0.,0.));
#8033=DIRECTION('',(-0.944722671164228,-0.327870514972491,0.));
#8034=DIRECTION('',(0.,0.,1.));
#8035=DIRECTION('',(1.,0.,0.));
#8036=DIRECTION('',(-0.892592509241941,-0.450864294932716,0.));
#8037=DIRECTION('',(0.,0.,1.));
#8038=DIRECTION('',(1.,0.,0.));
#8039=DIRECTION('',(-0.824534012847481,-0.565812390866115,0.));
#8040=DIRECTION('',(0.,0.,1.));
#8041=DIRECTION('',(1.,0.,0.));
#8042=DIRECTION('',(-0.741761687459284,-0.670663551281532,0.));
#8043=DIRECTION('',(0.,0.,1.));
#8044=DIRECTION('',(1.,0.,0.));
#8045=DIRECTION('',(-0.64575260718518,-0.763546704736222,0.));
#8046=DIRECTION('',(0.,0.,1.));
#8047=DIRECTION('',(1.,0.,0.));
#8048=DIRECTION('',(-0.538220056338899,-0.842804349154982,0.));
#8049=DIRECTION('',(0.,0.,1.));
#8050=DIRECTION('',(1.,0.,0.));
#8051=DIRECTION('',(-0.42108295584059,-0.907022129994936,0.));
#8052=DIRECTION('',(0.,0.,1.));
#8053=DIRECTION('',(1.,0.,0.));
#8054=DIRECTION('',(-0.296431620012763,-0.95505407944085,0.));
#8055=DIRECTION('',(0.,0.,1.));
#8056=DIRECTION('',(1.,0.,0.));
#8057=DIRECTION('',(0.,0.,1.));
#8058=DIRECTION('',(1.,0.,0.));
#8059=DIRECTION('',(0.,0.,-1.));
#8060=DIRECTION('',(-1.,0.,0.));
#8061=DIRECTION('',(-0.892445138654788,0.451155931459885,0.));
#8062=DIRECTION('',(0.,0.,1.));
#8063=DIRECTION('',(1.,0.,0.));
#8064=DIRECTION('',(-0.824349085829588,0.566081782688617,0.));
#8065=DIRECTION('',(0.,0.,1.));
#8066=DIRECTION('',(1.,0.,0.));
#8067=DIRECTION('',(-0.741542504040265,0.670905891091808,0.));
#8068=DIRECTION('',(0.,0.,1.));
#8069=DIRECTION('',(1.,0.,0.));
#8070=DIRECTION('',(-0.645503078699234,0.763757667974476,0.));
#8071=DIRECTION('',(0.,0.,1.));
#8072=DIRECTION('',(1.,0.,0.));
#8073=DIRECTION('',(-0.537944635622789,0.842980171181188,0.));
#8074=DIRECTION('',(0.,0.,1.));
#8075=DIRECTION('',(1.,0.,0.));
#8076=DIRECTION('',(-0.420786557782656,0.907159673260129,0.));
#8077=DIRECTION('',(0.,0.,1.));
#8078=DIRECTION('',(1.,0.,0.));
#8079=DIRECTION('',(-0.29611953384891,0.955150889479303,0.));
#8080=DIRECTION('',(0.,0.,1.));
#8081=DIRECTION('',(1.,0.,0.));
#8082=DIRECTION('',(-0.166168249820191,0.986097415447224,0.));
#8083=DIRECTION('',(0.,0.,1.));
#8084=DIRECTION('',(1.,0.,0.));
#8085=DIRECTION('',(-0.0332516894362195,0.999447009675669,0.));
#8086=DIRECTION('',(0.,0.,1.));
#8087=DIRECTION('',(1.,0.,0.));
#8088=DIRECTION('',(0.10025824813405,0.994961448339126,0.));
#8089=DIRECTION('',(0.,0.,1.));
#8090=DIRECTION('',(1.,0.,0.));
#8091=DIRECTION('',(0.231979074889061,0.972720776386325,0.));
#8092=DIRECTION('',(0.,0.,1.));
#8093=DIRECTION('',(1.,0.,0.));
#8094=DIRECTION('',(0.359560229562117,0.933121879133288,0.));
#8095=DIRECTION('',(0.,0.,1.));
#8096=DIRECTION('',(1.,0.,0.));
#8097=DIRECTION('',(0.480725023413614,0.876871399843774,0.));
#8098=DIRECTION('',(0.,0.,1.));
#8099=DIRECTION('',(1.,0.,0.));
#8100=DIRECTION('',(0.593311267839305,0.804973129647764,0.));
#8101=DIRECTION('',(0.,0.,1.));
#8102=DIRECTION('',(1.,0.,0.));
#8103=DIRECTION('',(0.695309858631992,0.71871009488469,0.));
#8104=DIRECTION('',(0.,0.,1.));
#8105=DIRECTION('',(1.,0.,0.));
#8106=DIRECTION('',(0.784900628526111,0.619621661451015,0.));
#8107=DIRECTION('',(0.,0.,1.));
#8108=DIRECTION('',(1.,0.,0.));
#8109=DIRECTION('',(0.860484828109697,0.509476064789137,0.));
#8110=DIRECTION('',(0.,0.,1.));
#8111=DIRECTION('',(1.,0.,0.));
#8112=DIRECTION('',(0.920713655549675,0.390238855682457,0.));
#8113=DIRECTION('',(0.,0.,1.));
#8114=DIRECTION('',(1.,0.,0.));
#8115=DIRECTION('',(0.964512325994353,0.264037824951205,0.));
#8116=DIRECTION('',(0.,0.,1.));
#8117=DIRECTION('',(1.,0.,0.));
#8118=DIRECTION('',(0.991099251131987,0.133125032978832,0.));
#8119=DIRECTION('',(0.,0.,1.));
#8120=DIRECTION('',(1.,0.,0.));
#8121=DIRECTION('',(0.999999986653755,-0.000163378361117876,0.));
#8122=DIRECTION('',(0.,0.,1.));
#8123=DIRECTION('',(1.,0.,0.));
#8124=DIRECTION('',(0.991055698723238,-0.13344887421104,0.));
#8125=DIRECTION('',(0.,0.,1.));
#8126=DIRECTION('',(1.,0.,0.));
#8127=DIRECTION('',(0.964425998370593,-0.264352971738328,0.));
#8128=DIRECTION('',(0.,0.,1.));
#8129=DIRECTION('',(1.,0.,0.));
#8130=DIRECTION('',(0.920586093229689,-0.390539684221845,0.));
#8131=DIRECTION('',(0.,0.,1.));
#8132=DIRECTION('',(1.,0.,0.));
#8133=DIRECTION('',(0.860318307443775,-0.509757206792683,0.));
#8134=DIRECTION('',(0.,0.,1.));
#8135=DIRECTION('',(1.,0.,0.));
#8136=DIRECTION('',(0.784698121082898,-0.619878099926889,0.));
#8137=DIRECTION('',(0.,0.,1.));
#8138=DIRECTION('',(1.,0.,0.));
#8139=DIRECTION('',(0.69507497815859,-0.718937253686186,0.));
#8140=DIRECTION('',(0.,0.,1.));
#8141=DIRECTION('',(1.,0.,0.));
#8142=DIRECTION('',(0.593048205786327,-0.805166955117769,0.));
#8143=DIRECTION('',(0.,0.,1.));
#8144=DIRECTION('',(1.,0.,0.));
#8145=DIRECTION('',(0.480438474131558,-0.877028433161742,0.));
#8146=DIRECTION('',(0.,0.,1.));
#8147=DIRECTION('',(1.,0.,0.));
#8148=DIRECTION('',(0.359255306519643,-0.933239318040918,0.));
#8149=DIRECTION('',(0.,0.,1.));
#8150=DIRECTION('',(1.,0.,0.));
#8151=DIRECTION('',(0.231661219455806,-0.972796525178955,0.));
#8152=DIRECTION('',(0.,0.,1.));
#8153=DIRECTION('',(1.,0.,0.));
#8154=DIRECTION('',(0.0999331324443108,-0.99499415527925,0.));
#8155=DIRECTION('',(0.,0.,1.));
#8156=DIRECTION('',(1.,0.,0.));
#8157=DIRECTION('',(-0.0335782636891468,-0.999436091107191,0.));
#8158=DIRECTION('',(0.,0.,1.));
#8159=DIRECTION('',(1.,0.,0.));
#8160=DIRECTION('',(-0.166490454906551,-0.986043066212126,0.));
#8161=DIRECTION('',(0.,0.,1.));
#8162=DIRECTION('',(1.,0.,0.));
#8163=DIRECTION('',(-0.296431620012763,-0.95505407944085,0.));
#8164=DIRECTION('',(0.,0.,1.));
#8165=DIRECTION('',(1.,0.,0.));
#8166=DIRECTION('',(-0.42108295584059,-0.907022129994936,0.));
#8167=DIRECTION('',(0.,0.,1.));
#8168=DIRECTION('',(1.,0.,0.));
#8169=DIRECTION('',(-0.538220056338899,-0.842804349154982,0.));
#8170=DIRECTION('',(0.,0.,1.));
#8171=DIRECTION('',(1.,0.,0.));
#8172=DIRECTION('',(-0.64575260718518,-0.763546704736222,0.));
#8173=DIRECTION('',(0.,0.,1.));
#8174=DIRECTION('',(1.,0.,0.));
#8175=DIRECTION('',(-0.741761687459284,-0.670663551281532,0.));
#8176=DIRECTION('',(0.,0.,1.));
#8177=DIRECTION('',(1.,0.,0.));
#8178=DIRECTION('',(-0.824534012847481,-0.565812390866115,0.));
#8179=DIRECTION('',(0.,0.,1.));
#8180=DIRECTION('',(1.,0.,0.));
#8181=DIRECTION('',(-0.892592509241942,-0.450864294932716,0.));
#8182=DIRECTION('',(0.,0.,1.));
#8183=DIRECTION('',(1.,0.,0.));
#8184=DIRECTION('',(-0.944722671164228,-0.327870514972491,0.));
#8185=DIRECTION('',(0.,0.,1.));
#8186=DIRECTION('',(1.,0.,0.));
#8187=DIRECTION('',(-0.97999423463809,-0.199025877905626,0.));
#8188=DIRECTION('',(0.,0.,1.));
#8189=DIRECTION('',(1.,0.,0.));
#8190=DIRECTION('',(-0.997777777777847,-0.0666296193348089,0.));
#8191=DIRECTION('',(0.,0.,1.));
#8192=DIRECTION('',(1.,0.,0.));
#8193=DIRECTION('',(-0.99775595283572,0.0669556463704487,0.));
#8194=DIRECTION('',(0.,0.,1.));
#8195=DIRECTION('',(1.,0.,0.));
#8196=DIRECTION('',(-0.979929149278148,0.199346086981923,0.));
#8197=DIRECTION('',(0.,0.,1.));
#8198=DIRECTION('',(1.,0.,0.));
#8199=DIRECTION('',(-0.944615486836326,0.328179191950025,0.));
#8200=DIRECTION('',(0.,0.,1.));
#8201=DIRECTION('',(1.,0.,0.));
#8202=DIRECTION('',(0.,0.,1.));
#8203=DIRECTION('',(1.,0.,0.));
#8204=DIRECTION('',(0.,0.,-1.));
#8205=DIRECTION('',(-1.,0.,0.));
#8206=DIRECTION('',(0.,0.,-1.));
#8207=DIRECTION('',(1.,0.,0.));
#8208=DIRECTION('',(0.,0.,-1.));
#8209=DIRECTION('',(-1.,0.,0.));
#8210=DIRECTION('',(0.,0.,1.));
#8211=DIRECTION('',(1.,0.,0.));
#8212=DIRECTION('',(0.,0.,-1.));
#8213=DIRECTION('',(-1.,0.,0.));
#8214=DIRECTION('',(0.,0.,1.));
#8215=DIRECTION('',(1.,0.,0.));
#8216=DIRECTION('',(-0.999436091107191,0.0335782636891468,0.));
#8217=DIRECTION('',(-0.0335782636891468,-0.999436091107191,0.));
#8218=DIRECTION('',(0.,0.,1.));
#8219=DIRECTION('',(0.,0.,1.));
#8220=DIRECTION('',(-0.986043066212125,0.166490454906551,0.));
#8221=DIRECTION('',(-0.166490454906551,-0.986043066212126,0.));
#8222=DIRECTION('',(0.,0.,1.));
#8223=DIRECTION('',(0.,0.,1.));
#8224=DIRECTION('',(-0.95505407944085,0.296431620012763,0.));
#8225=DIRECTION('',(-0.296431620012763,-0.95505407944085,0.));
#8226=DIRECTION('',(0.,0.,1.));
#8227=DIRECTION('',(0.,0.,1.));
#8228=DIRECTION('',(-0.907022129994936,0.42108295584059,0.));
#8229=DIRECTION('',(-0.42108295584059,-0.907022129994936,0.));
#8230=DIRECTION('',(0.,0.,1.));
#8231=DIRECTION('',(0.,0.,1.));
#8232=DIRECTION('',(-0.842804349154982,0.538220056338899,0.));
#8233=DIRECTION('',(-0.538220056338899,-0.842804349154982,0.));
#8234=DIRECTION('',(0.,0.,1.));
#8235=DIRECTION('',(0.,0.,1.));
#8236=DIRECTION('',(-0.763546704736222,0.64575260718518,0.));
#8237=DIRECTION('',(-0.64575260718518,-0.763546704736222,0.));
#8238=DIRECTION('',(0.,0.,1.));
#8239=DIRECTION('',(0.,0.,1.));
#8240=DIRECTION('',(-0.670663551281532,0.741761687459284,0.));
#8241=DIRECTION('',(-0.741761687459284,-0.670663551281532,0.));
#8242=DIRECTION('',(0.,0.,1.));
#8243=DIRECTION('',(0.,0.,1.));
#8244=DIRECTION('',(-0.565812390866115,0.824534012847481,0.));
#8245=DIRECTION('',(-0.824534012847481,-0.565812390866115,0.));
#8246=DIRECTION('',(0.,0.,1.));
#8247=DIRECTION('',(0.,0.,1.));
#8248=DIRECTION('',(-0.450864294932716,0.892592509241942,0.));
#8249=DIRECTION('',(-0.892592509241942,-0.450864294932716,0.));
#8250=DIRECTION('',(0.,0.,1.));
#8251=DIRECTION('',(0.,0.,1.));
#8252=DIRECTION('',(-0.327870514972491,0.944722671164228,0.));
#8253=DIRECTION('',(-0.944722671164228,-0.327870514972491,0.));
#8254=DIRECTION('',(0.,0.,1.));
#8255=DIRECTION('',(0.,0.,1.));
#8256=DIRECTION('',(-0.199025877905626,0.97999423463809,0.));
#8257=DIRECTION('',(-0.97999423463809,-0.199025877905626,0.));
#8258=DIRECTION('',(0.,0.,1.));
#8259=DIRECTION('',(0.,0.,1.));
#8260=DIRECTION('',(-0.0666296193348089,0.997777777777847,0.));
#8261=DIRECTION('',(-0.997777777777847,-0.0666296193348089,0.));
#8262=DIRECTION('',(0.,0.,1.));
#8263=DIRECTION('',(0.,0.,1.));
#8264=DIRECTION('',(0.0669556463704487,0.99775595283572,0.));
#8265=DIRECTION('',(-0.99775595283572,0.0669556463704487,0.));
#8266=DIRECTION('',(0.,0.,1.));
#8267=DIRECTION('',(0.,0.,1.));
#8268=DIRECTION('',(0.199346086981923,0.979929149278148,0.));
#8269=DIRECTION('',(-0.979929149278148,0.199346086981923,0.));
#8270=DIRECTION('',(0.,0.,1.));
#8271=DIRECTION('',(0.,0.,1.));
#8272=DIRECTION('',(0.328179191950025,0.944615486836326,0.));
#8273=DIRECTION('',(-0.944615486836326,0.328179191950025,0.));
#8274=DIRECTION('',(0.,0.,1.));
#8275=DIRECTION('',(0.,0.,1.));
#8276=DIRECTION('',(0.451155931459885,0.892445138654788,0.));
#8277=DIRECTION('',(-0.892445138654788,0.451155931459885,0.));
#8278=DIRECTION('',(0.,0.,1.));
#8279=DIRECTION('',(0.,0.,1.));
#8280=DIRECTION('',(0.566081782688617,0.824349085829588,0.));
#8281=DIRECTION('',(-0.824349085829588,0.566081782688617,0.));
#8282=DIRECTION('',(0.,0.,1.));
#8283=DIRECTION('',(0.,0.,1.));
#8284=DIRECTION('',(0.670905891091808,0.741542504040265,0.));
#8285=DIRECTION('',(-0.741542504040265,0.670905891091808,0.));
#8286=DIRECTION('',(0.,0.,1.));
#8287=DIRECTION('',(0.,0.,1.));
#8288=DIRECTION('',(0.763757667974476,0.645503078699234,0.));
#8289=DIRECTION('',(-0.645503078699234,0.763757667974476,0.));
#8290=DIRECTION('',(0.,0.,1.));
#8291=DIRECTION('',(0.,0.,1.));
#8292=DIRECTION('',(0.842980171181188,0.537944635622789,0.));
#8293=DIRECTION('',(-0.537944635622789,0.842980171181188,0.));
#8294=DIRECTION('',(0.,0.,1.));
#8295=DIRECTION('',(0.,0.,1.));
#8296=DIRECTION('',(0.907159673260129,0.420786557782656,0.));
#8297=DIRECTION('',(-0.420786557782656,0.907159673260129,0.));
#8298=DIRECTION('',(0.,0.,1.));
#8299=DIRECTION('',(0.,0.,1.));
#8300=DIRECTION('',(0.955150889479303,0.29611953384891,0.));
#8301=DIRECTION('',(-0.29611953384891,0.955150889479303,0.));
#8302=DIRECTION('',(0.,0.,1.));
#8303=DIRECTION('',(0.,0.,1.));
#8304=DIRECTION('',(0.986097415447224,0.166168249820191,0.));
#8305=DIRECTION('',(-0.166168249820191,0.986097415447224,0.));
#8306=DIRECTION('',(0.,0.,1.));
#8307=DIRECTION('',(0.,0.,1.));
#8308=DIRECTION('',(0.999447009675669,0.0332516894362195,0.));
#8309=DIRECTION('',(-0.0332516894362195,0.999447009675669,0.));
#8310=DIRECTION('',(0.,0.,1.));
#8311=DIRECTION('',(0.,0.,1.));
#8312=DIRECTION('',(0.994961448339126,-0.10025824813405,0.));
#8313=DIRECTION('',(0.10025824813405,0.994961448339126,0.));
#8314=DIRECTION('',(0.,0.,1.));
#8315=DIRECTION('',(0.,0.,1.));
#8316=DIRECTION('',(0.972720776386325,-0.231979074889061,0.));
#8317=DIRECTION('',(0.231979074889061,0.972720776386325,0.));
#8318=DIRECTION('',(0.,0.,1.));
#8319=DIRECTION('',(0.,0.,1.));
#8320=DIRECTION('',(0.933121879133288,-0.359560229562117,0.));
#8321=DIRECTION('',(0.359560229562117,0.933121879133288,0.));
#8322=DIRECTION('',(0.,0.,1.));
#8323=DIRECTION('',(0.,0.,1.));
#8324=DIRECTION('',(0.876871399843774,-0.480725023413614,0.));
#8325=DIRECTION('',(0.480725023413614,0.876871399843774,0.));
#8326=DIRECTION('',(0.,0.,1.));
#8327=DIRECTION('',(0.,0.,1.));
#8328=DIRECTION('',(0.804973129647764,-0.593311267839305,0.));
#8329=DIRECTION('',(0.593311267839305,0.804973129647764,0.));
#8330=DIRECTION('',(0.,0.,1.));
#8331=DIRECTION('',(0.,0.,1.));
#8332=DIRECTION('',(0.71871009488469,-0.695309858631992,0.));
#8333=DIRECTION('',(0.695309858631992,0.71871009488469,0.));
#8334=DIRECTION('',(0.,0.,1.));
#8335=DIRECTION('',(0.,0.,1.));
#8336=DIRECTION('',(0.619621661451015,-0.784900628526111,0.));
#8337=DIRECTION('',(0.784900628526111,0.619621661451015,0.));
#8338=DIRECTION('',(0.,0.,1.));
#8339=DIRECTION('',(0.,0.,1.));
#8340=DIRECTION('',(0.509476064789137,-0.860484828109697,0.));
#8341=DIRECTION('',(0.860484828109697,0.509476064789137,0.));
#8342=DIRECTION('',(0.,0.,1.));
#8343=DIRECTION('',(0.,0.,1.));
#8344=DIRECTION('',(0.390238855682457,-0.920713655549675,0.));
#8345=DIRECTION('',(0.920713655549675,0.390238855682457,0.));
#8346=DIRECTION('',(0.,0.,1.));
#8347=DIRECTION('',(0.,0.,1.));
#8348=DIRECTION('',(0.264037824951205,-0.964512325994353,0.));
#8349=DIRECTION('',(0.964512325994353,0.264037824951205,0.));
#8350=DIRECTION('',(0.,0.,1.));
#8351=DIRECTION('',(0.,0.,1.));
#8352=DIRECTION('',(0.133125032978832,-0.991099251131987,0.));
#8353=DIRECTION('',(0.991099251131987,0.133125032978832,0.));
#8354=DIRECTION('',(0.,0.,1.));
#8355=DIRECTION('',(0.,0.,1.));
#8356=DIRECTION('',(-0.000163378361117876,-0.999999986653755,0.));
#8357=DIRECTION('',(0.999999986653755,-0.000163378361117876,0.));
#8358=DIRECTION('',(0.,0.,1.));
#8359=DIRECTION('',(0.,0.,1.));
#8360=DIRECTION('',(-0.13344887421104,-0.991055698723238,0.));
#8361=DIRECTION('',(0.991055698723238,-0.13344887421104,0.));
#8362=DIRECTION('',(0.,0.,1.));
#8363=DIRECTION('',(0.,0.,1.));
#8364=DIRECTION('',(-0.264352971738328,-0.964425998370593,0.));
#8365=DIRECTION('',(0.964425998370593,-0.264352971738328,0.));
#8366=DIRECTION('',(0.,0.,1.));
#8367=DIRECTION('',(0.,0.,1.));
#8368=DIRECTION('',(-0.390539684221845,-0.920586093229689,0.));
#8369=DIRECTION('',(0.920586093229689,-0.390539684221845,0.));
#8370=DIRECTION('',(0.,0.,1.));
#8371=DIRECTION('',(0.,0.,1.));
#8372=DIRECTION('',(-0.509757206792683,-0.860318307443775,0.));
#8373=DIRECTION('',(0.860318307443775,-0.509757206792683,0.));
#8374=DIRECTION('',(0.,0.,1.));
#8375=DIRECTION('',(0.,0.,1.));
#8376=DIRECTION('',(-0.619878099926889,-0.784698121082898,0.));
#8377=DIRECTION('',(0.784698121082898,-0.619878099926889,0.));
#8378=DIRECTION('',(0.,0.,1.));
#8379=DIRECTION('',(0.,0.,1.));
#8380=DIRECTION('',(-0.718937253686186,-0.69507497815859,0.));
#8381=DIRECTION('',(0.69507497815859,-0.718937253686186,0.));
#8382=DIRECTION('',(0.,0.,1.));
#8383=DIRECTION('',(0.,0.,1.));
#8384=DIRECTION('',(-0.805166955117769,-0.593048205786327,0.));
#8385=DIRECTION('',(0.593048205786327,-0.805166955117769,0.));
#8386=DIRECTION('',(0.,0.,1.));
#8387=DIRECTION('',(0.,0.,1.));
#8388=DIRECTION('',(-0.877028433161742,-0.480438474131558,0.));
#8389=DIRECTION('',(0.480438474131558,-0.877028433161742,0.));
#8390=DIRECTION('',(0.,0.,1.));
#8391=DIRECTION('',(0.,0.,1.));
#8392=DIRECTION('',(-0.933239318040918,-0.359255306519643,0.));
#8393=DIRECTION('',(0.359255306519643,-0.933239318040918,0.));
#8394=DIRECTION('',(0.,0.,1.));
#8395=DIRECTION('',(0.,0.,1.));
#8396=DIRECTION('',(-0.972796525178955,-0.231661219455806,0.));
#8397=DIRECTION('',(0.231661219455806,-0.972796525178955,0.));
#8398=DIRECTION('',(0.,0.,1.));
#8399=DIRECTION('',(0.,0.,1.));
#8400=DIRECTION('',(-0.99499415527925,-0.0999331324443108,0.));
#8401=DIRECTION('',(0.0999331324443108,-0.99499415527925,0.));
#8402=DIRECTION('',(0.,0.,1.));
#8403=DIRECTION('',(0.,0.,1.));
#8404=DIRECTION('',(0.,0.,1.));
#8405=DIRECTION('',(1.,0.,0.));
#8406=DIRECTION('',(0.,0.,1.));
#8407=DIRECTION('',(1.,0.,0.));
#8408=DIRECTION('',(0.,0.,1.));
#8409=DIRECTION('',(1.,0.,0.));
#8410=DIRECTION('',(0.,0.,1.));
#8411=DIRECTION('',(1.,0.,0.));
#8412=DIRECTION('',(0.,0.,1.));
#8413=DIRECTION('',(1.,0.,0.));
#8414=DIRECTION('',(0.,0.,1.));
#8415=DIRECTION('',(1.,0.,0.));
#8416=DIRECTION('',(0.,0.,1.));
#8417=DIRECTION('',(1.,0.,0.));
#8418=DIRECTION('',(0.,0.,1.));
#8419=DIRECTION('',(1.,0.,0.));
#8420=DIRECTION('',(0.,0.,1.));
#8421=DIRECTION('',(1.,0.,0.));
#8422=DIRECTION('',(0.,0.,1.));
#8423=DIRECTION('',(1.,0.,0.));
#8424=DIRECTION('',(0.,0.,1.));
#8425=DIRECTION('',(1.,0.,0.));
#8426=DIRECTION('',(0.,0.,1.));
#8427=DIRECTION('',(1.,0.,0.));
#8428=DIRECTION('',(0.,0.,1.));
#8429=DIRECTION('',(1.,0.,0.));
#8430=DIRECTION('',(0.,0.,1.));
#8431=DIRECTION('',(1.,0.,0.));
#8432=DIRECTION('',(0.,0.,1.));
#8433=DIRECTION('',(1.,0.,0.));
#8434=DIRECTION('',(0.,0.,1.));
#8435=DIRECTION('',(1.,0.,0.));
#8436=DIRECTION('',(0.,0.,1.));
#8437=DIRECTION('',(1.,0.,0.));
#8438=DIRECTION('',(0.,0.,1.));
#8439=DIRECTION('',(1.,0.,0.));
#8440=DIRECTION('',(0.,0.,1.));
#8441=DIRECTION('',(1.,0.,0.));
#8442=DIRECTION('',(0.,0.,1.));
#8443=DIRECTION('',(1.,0.,0.));
#8444=DIRECTION('',(0.,0.,1.));
#8445=DIRECTION('',(1.,0.,0.));
#8446=DIRECTION('',(0.,0.,1.));
#8447=DIRECTION('',(1.,0.,0.));
#8448=DIRECTION('',(0.,0.,1.));
#8449=DIRECTION('',(1.,0.,0.));
#8450=DIRECTION('',(0.,0.,1.));
#8451=DIRECTION('',(1.,0.,0.));
#8452=DIRECTION('',(0.,0.,1.));
#8453=DIRECTION('',(1.,0.,0.));
#8454=DIRECTION('',(0.,0.,1.));
#8455=DIRECTION('',(1.,0.,0.));
#8456=DIRECTION('',(0.,0.,1.));
#8457=DIRECTION('',(1.,0.,0.));
#8458=DIRECTION('',(0.,0.,1.));
#8459=DIRECTION('',(1.,0.,0.));
#8460=DIRECTION('',(0.,0.,1.));
#8461=DIRECTION('',(1.,0.,0.));
#8462=DIRECTION('',(0.,0.,1.));
#8463=DIRECTION('',(1.,0.,0.));
#8464=DIRECTION('',(0.,0.,1.));
#8465=DIRECTION('',(1.,0.,0.));
#8466=DIRECTION('',(0.,0.,1.));
#8467=DIRECTION('',(1.,0.,0.));
#8468=DIRECTION('',(0.,0.,1.));
#8469=DIRECTION('',(1.,0.,0.));
#8470=DIRECTION('',(0.,0.,1.));
#8471=DIRECTION('',(1.,0.,0.));
#8472=DIRECTION('',(0.,0.,1.));
#8473=DIRECTION('',(1.,0.,0.));
#8474=DIRECTION('',(0.,0.,1.));
#8475=DIRECTION('',(1.,0.,0.));
#8476=DIRECTION('',(0.,0.,1.));
#8477=DIRECTION('',(1.,0.,0.));
#8478=DIRECTION('',(0.,0.,1.));
#8479=DIRECTION('',(1.,0.,0.));
#8480=DIRECTION('',(0.,0.,1.));
#8481=DIRECTION('',(1.,0.,0.));
#8482=DIRECTION('',(0.,0.,1.));
#8483=DIRECTION('',(1.,0.,0.));
#8484=DIRECTION('',(0.,0.,1.));
#8485=DIRECTION('',(1.,0.,0.));
#8486=DIRECTION('',(0.,0.,1.));
#8487=DIRECTION('',(1.,0.,0.));
#8488=DIRECTION('',(0.,0.,1.));
#8489=DIRECTION('',(1.,0.,0.));
#8490=DIRECTION('',(0.,0.,1.));
#8491=DIRECTION('',(1.,0.,0.));
#8492=DIRECTION('',(0.,0.,1.));
#8493=DIRECTION('',(1.,0.,0.));
#8494=DIRECTION('',(0.,0.,1.));
#8495=DIRECTION('',(1.,0.,0.));
#8496=DIRECTION('',(0.,0.,1.));
#8497=DIRECTION('',(1.,0.,0.));
#8498=DIRECTION('',(0.,0.,1.));
#8499=DIRECTION('',(1.,0.,0.));
#8500=DIRECTION('',(0.,0.,1.));
#8501=DIRECTION('',(1.,0.,0.));
#8502=DIRECTION('',(-1.,0.,6.99485272571293E-17));
#8503=DIRECTION('',(6.99485272571293E-17,0.,1.));
#8504=DIRECTION('',(6.99485272571293E-17,0.,1.));
#8505=DIRECTION('',(0.,-1.,0.));
#8506=DIRECTION('',(-6.99485272571293E-17,0.,-1.));
#8507=DIRECTION('',(0.,-1.,0.));
#8508=DIRECTION('',(-1.,0.,6.99485272571293E-17));
#8509=DIRECTION('',(6.99485272571293E-17,0.,1.));
#8510=DIRECTION('',(-6.99485272571293E-17,0.,-1.));
#8511=DIRECTION('',(0.,-1.,0.));
#8512=DIRECTION('',(0.,0.,-1.));
#8513=DIRECTION('',(0.,-1.,0.));
#8514=DIRECTION('',(-6.99485272571293E-17,0.,-1.));
#8515=DIRECTION('',(0.,-1.,0.));
#8516=DIRECTION('',(0.,1.,0.));
#8517=DIRECTION('',(3.46944695195362E-16,0.,-1.));
#8518=DIRECTION('',(0.,1.,0.));
#8519=DIRECTION('',(3.46944695195362E-16,0.,-1.));
#8520=DIRECTION('',(1.,0.,0.));
#8521=DIRECTION('',(0.,0.,-1.));
#8522=DIRECTION('',(0.,-1.,0.));
#8523=DIRECTION('',(0.,0.,-1.));
#8524=DIRECTION('',(0.,-1.,0.));
#8525=DIRECTION('',(0.,0.,1.));
#8526=DIRECTION('',(0.,0.,-1.));
#8527=DIRECTION('',(-1.,0.,0.));
#8528=DIRECTION('',(3.46944695195361E-16,1.,0.));
#8529=DIRECTION('',(-1.,0.,0.));
#8530=DIRECTION('',(0.,-1.,0.));
#8531=DIRECTION('',(1.,0.,0.));
#8532=DIRECTION('',(0.,-1.,0.));
#8533=DIRECTION('',(1.,0.,0.));
#8534=DIRECTION('',(1.,0.,0.));
#8535=DIRECTION('',(-1.,0.,0.));
#8536=DIRECTION('',(0.,0.,-1.));
#8537=DIRECTION('',(-1.,0.,0.));
#8538=DIRECTION('',(1.,0.,0.));
#8539=DIRECTION('',(0.,-1.,0.));
#8540=DIRECTION('',(1.,0.,0.));
#8541=DIRECTION('',(0.,0.,1.));
#8542=DIRECTION('',(1.,0.,0.));
#8543=DIRECTION('',(0.,-1.,0.));
#8544=DIRECTION('',(1.,0.,0.));
#8545=DIRECTION('',(-1.,0.,0.));
#8546=DIRECTION('',(1.,0.,0.));
#8547=DIRECTION('',(0.,0.,-1.));
#8548=DIRECTION('',(0.,0.,-1.));
#8549=DIRECTION('',(0.,-1.,0.));
#8550=DIRECTION('',(0.,0.,1.));
#8551=DIRECTION('',(1.,0.,0.));
#8552=DIRECTION('',(0.,0.,-1.));
#8553=DIRECTION('',(0.,0.,-1.));
#8554=DIRECTION('',(0.,0.,1.));
#8555=DIRECTION('',(0.,0.,1.));
#8556=DIRECTION('',(1.,0.,0.));
#8557=DIRECTION('',(4.33680868994202E-16,1.,0.));
#8558=DIRECTION('',(-1.,0.,0.));
#8559=DIRECTION('',(7.2280144832367E-17,-1.,0.));
#8560=DIRECTION('',(-1.,0.,0.));
#8561=DIRECTION('',(7.2280144832367E-17,-1.,0.));
#8562=DIRECTION('',(-1.,3.85494105772624E-16,0.));
#8563=DIRECTION('',(0.,1.,0.));
#8564=DIRECTION('',(-1.,0.,0.));
#8565=DIRECTION('',(7.2280144832367E-17,-1.,0.));
#8566=DIRECTION('',(-1.,0.,0.));
#8567=DIRECTION('',(7.2280144832367E-17,-1.,0.));
#8568=DIRECTION('',(-1.,0.,0.));
#8569=DIRECTION('',(-1.,0.,0.));
#8570=DIRECTION('',(0.,-1.,0.));
#8571=DIRECTION('',(-1.,0.,0.));
#8572=DIRECTION('',(-1.,0.,0.));
#8573=DIRECTION('',(-1.,0.,0.));
#8574=DIRECTION('',(0.,1.,0.));
#8575=DIRECTION('',(-1.,0.,6.99485272571293E-17));
#8576=DIRECTION('',(6.99485272571293E-17,0.,1.));
#8577=DIRECTION('',(6.99485272571293E-17,0.,1.));
#8578=DIRECTION('',(-6.99485272571293E-17,0.,-1.));
#8579=DIRECTION('',(0.,0.,1.));
#8580=DIRECTION('',(1.,0.,0.));
#8581=DIRECTION('',(1.,0.,0.));
#8582=DIRECTION('',(-1.,0.,0.));
#8583=DIRECTION('',(0.,1.,0.));
#8584=DIRECTION('',(-1.,0.,0.));
#8585=DIRECTION('',(0.,1.,0.));
#8586=DIRECTION('',(-1.,0.,0.));
#8587=DIRECTION('',(0.,0.,-1.));
#8588=DIRECTION('',(1.,0.,0.));
#8589=DIRECTION('',(0.,1.,0.));
#8590=DIRECTION('',(-1.,0.,0.));
#8591=DIRECTION('',(0.,1.,0.));
#8592=DIRECTION('',(-1.,0.,0.));
#8593=DIRECTION('',(0.,-1.,0.));
#8594=DIRECTION('',(0.,0.,-1.));
#8595=DIRECTION('',(0.,0.,-1.));
#8596=DIRECTION('',(-1.,0.,0.));
#8597=DIRECTION('',(0.8,0.,-0.6));
#8598=DIRECTION('',(0.,-1.,0.));
#8599=DIRECTION('',(0.,0.,-1.));
#8600=DIRECTION('',(1.,0.,1.79454152687256E-16));
#8601=DIRECTION('',(-0.808736084303189,0.,0.588171697675046));
#8602=DIRECTION('',(0.,-1.,0.));
#8603=DIRECTION('',(0.,0.,-1.));
#8604=DIRECTION('',(0.,0.,-1.));
#8605=DIRECTION('',(-1.,0.,0.));
#8606=DIRECTION('',(0.,-1.,0.));
#8607=DIRECTION('',(0.,0.,-1.));
#8608=DIRECTION('',(-0.808736084303189,0.,0.588171697675046));
#8609=DIRECTION('',(0.,0.,-1.));
#8610=DIRECTION('',(-1.,0.,0.));
#8611=DIRECTION('',(0.,0.,1.));
#8612=DIRECTION('',(0.,-1.,0.));
#8613=DIRECTION('',(0.,0.,-1.));
#8614=DIRECTION('',(0.,0.,1.));
#8615=DIRECTION('',(-1.,0.,0.));
#8616=DIRECTION('',(0.,0.,-1.));
#8617=DIRECTION('',(-0.808736084303189,0.,0.588171697675046));
#8618=DIRECTION('',(0.,-1.,0.));
#8619=DIRECTION('',(0.,0.,-1.));
#8620=DIRECTION('',(-1.,0.,0.));
#8621=DIRECTION('',(0.,0.,-1.));
#8622=DIRECTION('',(0.,-1.,0.));
#8623=DIRECTION('',(0.,0.,-1.));
#8624=DIRECTION('',(-0.808736084303189,0.,0.588171697675046));
#8625=DIRECTION('',(1.,0.,1.79454152687256E-16));
#8626=DIRECTION('',(0.,-1.,0.));
#8627=DIRECTION('',(0.,0.,-1.));
#8628=DIRECTION('',(0.8,0.,-0.6));
#8629=DIRECTION('',(-1.,0.,0.));
#8630=DIRECTION('',(0.,0.,-1.));
#8631=DIRECTION('',(0.,1.,0.));
#8632=DIRECTION('',(0.,0.,1.));
#8633=DIRECTION('',(-1.,3.46944695195361E-16,0.));
#8634=DIRECTION('',(-3.46944695195361E-16,-1.,0.));
#8635=DIRECTION('',(3.46944695195361E-16,1.,0.));
#8636=DIRECTION('',(0.,0.,-1.));
#8637=DIRECTION('',(1.,0.,0.));
#8638=DIRECTION('',(3.03576608295942E-16,1.,0.));
#8639=DIRECTION('',(0.,0.,-1.));
#8640=DIRECTION('',(-1.,0.,0.));
#8641=DIRECTION('',(0.,1.,0.));
#8642=DIRECTION('',(0.,1.,0.));
#8643=DIRECTION('',(1.,0.,0.));
#8644=DIRECTION('',(0.,0.,-1.));
#8645=DIRECTION('',(0.,1.,0.));
#8646=DIRECTION('',(-0.588171697675046,0.,-0.808736084303189));
#8647=DIRECTION('',(-0.808736084303189,0.,0.588171697675046));
#8648=DIRECTION('',(0.,1.,0.));
#8649=DIRECTION('',(0.,1.,0.));
#8650=DIRECTION('',(0.,0.,1.));
#8651=DIRECTION('',(0.,1.,0.));
#8652=DIRECTION('',(0.,0.,-1.));
#8653=DIRECTION('',(-1.,0.,0.));
#8654=DIRECTION('',(0.,1.,0.));
#8655=DIRECTION('',(-1.,0.,0.));
#8656=DIRECTION('',(0.,0.,1.));
#8657=DIRECTION('',(1.,0.,0.));
#8658=DIRECTION('',(0.,0.,-1.));
#8659=DIRECTION('',(0.,1.,0.));
#8660=DIRECTION('',(0.,0.,1.));
#8661=DIRECTION('',(0.,1.,0.));
#8662=DIRECTION('',(-0.588171697675046,0.,-0.808736084303189));
#8663=DIRECTION('',(-0.808736084303189,0.,0.588171697675046));
#8664=DIRECTION('',(-1.79454152687256E-16,0.,1.));
#8665=DIRECTION('',(1.,0.,1.79454152687256E-16));
#8666=DIRECTION('',(0.,1.,0.));
#8667=DIRECTION('',(0.,1.,0.));
#8668=DIRECTION('',(0.,0.,1.));
#8669=DIRECTION('',(0.,1.,0.));
#8670=DIRECTION('',(0.6,0.,0.8));
#8671=DIRECTION('',(0.8,0.,-0.6));
#8672=DIRECTION('',(-1.,4.33680868994202E-16,0.));
#8673=DIRECTION('',(-4.33680868994202E-16,-1.,0.));
#8674=DIRECTION('',(0.,0.,-1.));
#8675=DIRECTION('',(4.33680868994202E-16,1.,0.));
#8676=DIRECTION('',(0.,0.,-1.));
#8677=DIRECTION('',(0.,-1.,0.));
#8678=DIRECTION('',(0.,0.,-1.));
#8679=DIRECTION('',(0.,0.,-1.));
#8680=DIRECTION('',(-1.,0.,0.));
#8681=DIRECTION('',(1.,7.2280144832367E-17,0.));
#8682=DIRECTION('',(-7.2280144832367E-17,1.,0.));
#8683=DIRECTION('',(0.,0.,-1.));
#8684=DIRECTION('',(7.2280144832367E-17,-1.,0.));
#8685=DIRECTION('',(0.,-1.,0.));
#8686=DIRECTION('',(0.,0.,-1.));
#8687=DIRECTION('',(0.,0.,-1.));
#8688=DIRECTION('',(-1.,0.,0.));
#8689=DIRECTION('',(1.,7.2280144832367E-17,0.));
#8690=DIRECTION('',(-7.2280144832367E-17,1.,0.));
#8691=DIRECTION('',(0.,0.,-1.));
#8692=DIRECTION('',(7.2280144832367E-17,-1.,0.));
#8693=DIRECTION('',(0.,-1.,0.));
#8694=DIRECTION('',(0.,0.,-1.));
#8695=DIRECTION('',(0.,0.,-1.));
#8696=DIRECTION('',(-1.,0.,0.));
#8697=DIRECTION('',(-1.,0.,0.));
#8698=DIRECTION('',(0.,0.,1.));
#8699=DIRECTION('',(0.,0.,-1.));
#8700=DIRECTION('',(0.,1.,0.));
#8701=DIRECTION('',(-3.85494105772624E-16,-1.,0.));
#8702=DIRECTION('',(1.,-3.85494105772624E-16,0.));
#8703=DIRECTION('',(0.,0.,-1.));
#8704=DIRECTION('',(-1.,3.85494105772624E-16,0.));
#8705=DIRECTION('',(1.,7.2280144832367E-17,0.));
#8706=DIRECTION('',(-7.2280144832367E-17,1.,0.));
#8707=DIRECTION('',(0.,0.,-1.));
#8708=DIRECTION('',(7.2280144832367E-17,-1.,0.));
#8709=DIRECTION('',(0.,-1.,0.));
#8710=DIRECTION('',(0.,0.,-1.));
#8711=DIRECTION('',(0.,0.,-1.));
#8712=DIRECTION('',(-1.,0.,0.));
#8713=DIRECTION('',(1.,7.2280144832367E-17,0.));
#8714=DIRECTION('',(-7.2280144832367E-17,1.,0.));
#8715=DIRECTION('',(0.,0.,-1.));
#8716=DIRECTION('',(7.2280144832367E-17,-1.,0.));
#8717=DIRECTION('',(0.,-1.,0.));
#8718=DIRECTION('',(0.,0.,-1.));
#8719=DIRECTION('',(-1.,0.,0.));
#8720=DIRECTION('',(0.,0.,1.));
#8721=DIRECTION('',(1.,0.,0.));
#8722=DIRECTION('',(0.,0.,1.));
#8723=DIRECTION('',(1.,0.,0.));
#8724=DIRECTION('',(0.,1.,0.));
#8725=DIRECTION('',(0.,0.,1.));
#8726=DIRECTION('',(0.,1.,0.));
#8727=DIRECTION('',(0.,0.,1.));
#8728=DIRECTION('',(0.,1.,0.));
#8729=DIRECTION('',(0.,0.,-1.));
#8730=DIRECTION('',(0.,0.,-1.));
#8731=DIRECTION('',(-1.,0.,0.));
#8732=DIRECTION('',(-1.,0.,0.));
#8733=DIRECTION('',(0.,0.,-1.));
#8734=DIRECTION('',(-1.,-1.22464679914735E-16,0.));
#8735=DIRECTION('',(1.22464679914735E-16,-1.,0.));
#8736=DIRECTION('',(-1.,0.,0.));
#8737=DIRECTION('',(0.,0.,-1.));
#8738=DIRECTION('',(0.,0.,-1.));
#8739=DIRECTION('',(-1.,0.,0.));
#8740=DIRECTION('',(0.,-1.,0.));
#8741=DIRECTION('',(0.,0.,-1.));
#8742=DIRECTION('',(0.,-1.,0.));
#8743=DIRECTION('',(0.,0.,-1.));
#8744=DIRECTION('',(0.,-1.,0.));
#8745=DIRECTION('',(0.,0.,-1.));
#8746=DIRECTION('',(0.,1.,0.));
#8747=DIRECTION('',(-1.,0.,0.));
#8748=DIRECTION('',(0.,1.,0.));
#8749=DIRECTION('',(0.,0.,1.));
#8750=DIRECTION('',(0.,-1.,0.));
#8751=DIRECTION('',(1.,0.,0.));
#8752=DIRECTION('',(0.,-1.,0.));
#8753=DIRECTION('',(0.,0.,-1.));
#8754=DIRECTION('',(0.,1.,0.));
#8755=DIRECTION('',(0.,0.,1.));
#8756=DIRECTION('',(0.,-1.,0.));
#8757=DIRECTION('',(0.,0.,-1.));
#8758=DIRECTION('',(0.535365806981645,4.45781584131037E-17,0.844620300913311));
#8759=DIRECTION('',(-8.32667268468868E-17,1.,1.67885597086195E-32));
#8760=DIRECTION('',(0.,0.,1.));
#8761=DIRECTION('',(1.,0.,0.));
#8762=DIRECTION('',(0.,0.,1.));
#8763=DIRECTION('',(1.,0.,0.));
#8764=CARTESIAN_POINT('',(0.,0.,0.));
#8765=CARTESIAN_POINT('',(0.0075,0.007,-0.00325));
#8766=CARTESIAN_POINT('',(0.007875,0.002,-0.00325));
#8767=CARTESIAN_POINT('',(0.00725,0.002,-0.00325));
#8768=CARTESIAN_POINT('',(0.00675,0.002,-0.00325));
#8769=CARTESIAN_POINT('',(0.00725,0.001,-0.00325));
#8770=CARTESIAN_POINT('',(0.00725,0.,-0.00325));
#8771=CARTESIAN_POINT('',(0.0075,0.,-0.00325));
#8772=CARTESIAN_POINT('',(-0.00975,0.,-0.00325));
#8773=CARTESIAN_POINT('',(-0.00975,0.007,-0.00325));
#8774=CARTESIAN_POINT('',(-0.00975,0.00246922359359559,-0.00325));
#8775=CARTESIAN_POINT('',(-0.00775,0.0035,-0.00325));
#8776=CARTESIAN_POINT('',(-0.00975,0.00453077640640442,-0.00325));
#8777=CARTESIAN_POINT('',(-0.00975,0.007,-0.00325));
#8778=CARTESIAN_POINT('',(-0.00975,0.007,-0.00325));
#8779=CARTESIAN_POINT('',(0.0075,0.007,-0.00325));
#8780=CARTESIAN_POINT('',(0.00725,0.007,-0.00325));
#8781=CARTESIAN_POINT('',(0.00725,0.006,-0.00325));
#8782=CARTESIAN_POINT('',(0.00725,0.005,-0.00325));
#8783=CARTESIAN_POINT('',(0.007875,0.005,-0.00325));
#8784=CARTESIAN_POINT('',(0.00675,0.005,-0.00325));
#8785=CARTESIAN_POINT('',(0.007875,0.0035,-0.00325));
#8786=CARTESIAN_POINT('',(-0.0045,0.005,-0.00325));
#8787=CARTESIAN_POINT('',(-0.00525,0.005,-0.00325));
#8788=CARTESIAN_POINT('',(-0.00375,0.005,-0.00325));
#8789=CARTESIAN_POINT('',(-0.00525,0.003,-0.00325));
#8790=CARTESIAN_POINT('',(-0.00525,0.001,-0.00325));
#8791=CARTESIAN_POINT('',(-0.00025,0.001,-0.00325));
#8792=CARTESIAN_POINT('',(0.00425,0.001,-0.00325));
#8793=CARTESIAN_POINT('',(0.00425,0.0035,-0.00325));
#8794=CARTESIAN_POINT('',(0.00425,0.006,-0.00325));
#8795=CARTESIAN_POINT('',(-0.00025,0.006,-0.00325));
#8796=CARTESIAN_POINT('',(-0.00375,0.006,-0.00325));
#8797=CARTESIAN_POINT('',(-0.00375,0.003,-0.00325));
#8798=CARTESIAN_POINT('',(-0.00775,0.0035,-0.00325));
#8799=CARTESIAN_POINT('',(-0.00668910176712625,0.00504600127408918,-0.00325));
#8800=CARTESIAN_POINT('',(-0.00668859665745877,0.00504565453593043,-0.00325));
#8801=CARTESIAN_POINT('',(-0.00679446879514015,0.00511325296111276,-0.00325));
#8802=CARTESIAN_POINT('',(-0.00690408262850899,0.00517333463497584,-0.00325));
#8803=CARTESIAN_POINT('',(-0.00775,0.0035,-0.00325));
#8804=CARTESIAN_POINT('',(-0.00690462944700297,0.00517361095482956,-0.00325));
#8805=CARTESIAN_POINT('',(-0.00701802010906845,0.00522621853751831,-0.00325));
#8806=CARTESIAN_POINT('',(-0.00713466401509362,0.00527115403781808,-0.00325));
#8807=CARTESIAN_POINT('',(-0.00775,0.0035,-0.00325));
#8808=CARTESIAN_POINT('',(-0.00713524278442513,0.00527135500843242,-0.00325));
#8809=CARTESIAN_POINT('',(-0.00725463362149134,0.00530837970322696,-0.00325));
#8810=CARTESIAN_POINT('',(-0.00737622608690648,0.00533736715489604,-0.00325));
#8811=CARTESIAN_POINT('',(-0.00775,0.0035,-0.00325));
#8812=CARTESIAN_POINT('',(-0.00737682647892308,0.00533748918994563,-0.00325));
#8813=CARTESIAN_POINT('',(-0.00750008695867417,0.00535827029029021,-0.00325));
#8814=CARTESIAN_POINT('',(-0.00762445816305337,0.00537079241156684,-0.00325));
#8815=CARTESIAN_POINT('',(-0.00775,0.0035,-0.00325));
#8816=CARTESIAN_POINT('',(-0.0076250694637453,0.00537083333333333,-0.00325));
#8817=CARTESIAN_POINT('',(-0.00775,0.005375,-0.00325));
#8818=CARTESIAN_POINT('',(-0.00787493053625471,0.00537083333333333,-0.00325));
#8819=CARTESIAN_POINT('',(-0.00775,0.0035,-0.00325));
#8820=CARTESIAN_POINT('',(-0.00787554183694664,0.00537079241156684,-0.00325));
#8821=CARTESIAN_POINT('',(-0.00799991304132584,0.00535827029029021,-0.00325));
#8822=CARTESIAN_POINT('',(-0.00812317352107693,0.00533748918994563,-0.00325));
#8823=CARTESIAN_POINT('',(-0.00775,0.0035,-0.00325));
#8824=CARTESIAN_POINT('',(-0.00812377391309352,0.00533736715489604,-0.00325));
#8825=CARTESIAN_POINT('',(-0.00824536637850867,0.00530837970322696,-0.00325));
#8826=CARTESIAN_POINT('',(-0.00836475721557488,0.00527135500843242,-0.00325));
#8827=CARTESIAN_POINT('',(-0.00775,0.0035,-0.00325));
#8828=CARTESIAN_POINT('',(-0.00836533598490639,0.00527115403781808,-0.00325));
#8829=CARTESIAN_POINT('',(-0.00848197989093156,0.00522621853751831,-0.00325));
#8830=CARTESIAN_POINT('',(-0.00859537055299703,0.00517361095482956,-0.00325));
#8831=CARTESIAN_POINT('',(-0.00775,0.0035,-0.00325));
#8832=CARTESIAN_POINT('',(-0.00859591737149102,0.00517333463497584,-0.00325));
#8833=CARTESIAN_POINT('',(-0.00870553120485985,0.00511325296111276,-0.00325));
#8834=CARTESIAN_POINT('',(-0.00881089823287375,0.00504600127408918,-0.00325));
#8835=CARTESIAN_POINT('',(-0.00775,0.0035,-0.00325));
#8836=CARTESIAN_POINT('',(-0.00881140334254123,0.00504565453593043,-0.00325));
#8837=CARTESIAN_POINT('',(-0.00891203104180046,0.00497149884739749,-0.00325));
#8838=CARTESIAN_POINT('',(-0.00900749415865169,0.00489080316398723,-0.00325));
#8839=CARTESIAN_POINT('',(-0.00775,0.0035,-0.00325));
#8840=CARTESIAN_POINT('',(-0.00900794854579869,0.0048903921950741,-0.00325));
#8841=CARTESIAN_POINT('',(-0.00909779440727112,0.00480348580188996,-0.00325));
#8842=CARTESIAN_POINT('',(-0.0091816500713779,0.00471078613847519,-0.00325));
#8843=CARTESIAN_POINT('',(-0.00775,0.0035,-0.00325));
#8844=CARTESIAN_POINT('',(-0.00918204562745502,0.00471031827255767,-0.00325));
#8845=CARTESIAN_POINT('',(-0.00925950634961418,0.00461221202136754,-0.00325));
#8846=CARTESIAN_POINT('',(-0.00933025815466395,0.004509162605638,-0.00325));
#8847=CARTESIAN_POINT('',(-0.00775,0.0035,-0.00325));
#8848=CARTESIAN_POINT('',(-0.00933058782096362,0.00450864619179447,-0.00325));
#8849=CARTESIAN_POINT('',(-0.00939428111538751,0.00440109079097503,-0.00325));
#8850=CARTESIAN_POINT('',(-0.00945066649374302,0.0042895305421957,-0.00325));
#8851=CARTESIAN_POINT('',(-0.00775,0.0035,-0.00325));
#8852=CARTESIAN_POINT('',(-0.0094509243873623,0.00428897479584344,-0.00325));
#8853=CARTESIAN_POINT('',(-0.00949971364570301,0.00417388957407034,-0.00325));
#8854=CARTESIAN_POINT('',(-0.0095407263989517,0.00405580928752359,-0.00325));
#8855=CARTESIAN_POINT('',(-0.00775,0.0035,-0.00325));
#8856=CARTESIAN_POINT('',(-0.00954090791777286,0.00405522412596942,-0.00325));
#8857=CARTESIAN_POINT('',(-0.00957392249455944,0.00393466278175162,-0.00325));
#8858=CARTESIAN_POINT('',(-0.00959883074914799,0.00381216960294825,-0.00325));
#8859=CARTESIAN_POINT('',(-0.00775,0.0035,-0.00325));
#8860=CARTESIAN_POINT('',(-0.00959893265396336,0.00381156546841396,-0.00325));
#8861=CARTESIAN_POINT('',(-0.00961558340329095,0.00368767942179519,-0.00325));
#8862=CARTESIAN_POINT('',(-0.00962394267082613,0.00356295924441287,-0.00325));
#8863=CARTESIAN_POINT('',(-0.00775,0.0035,-0.00325));
#8864=CARTESIAN_POINT('',(-0.00962396314314186,0.00356234691769354,-0.00325));
#8865=CARTESIAN_POINT('',(-0.00962395293199423,0.00343734691811061,-0.00325));
#8866=CARTESIAN_POINT('',(-0.00961561404114884,0.00331262537666941,-0.00325));
#8867=CARTESIAN_POINT('',(-0.00775,0.0035,-0.00325));
#8868=CARTESIAN_POINT('',(-0.00961555271563598,0.00331201578474985,-0.00325));
#8869=CARTESIAN_POINT('',(-0.00959888172623131,0.00318813246015663,-0.00325));
#8870=CARTESIAN_POINT('',(-0.00957399348471004,0.00306563521351827,-0.00325));
#8871=CARTESIAN_POINT('',(-0.00775,0.0035,-0.00325));
#8872=CARTESIAN_POINT('',(-0.00957385145572382,0.00306503923458073,-0.00325));
#8873=CARTESIAN_POINT('',(-0.00954081718226296,0.00294448328583944,-0.00325));
#8874=CARTESIAN_POINT('',(-0.00949982372132538,0.00282639630027219,-0.00325));
#8875=CARTESIAN_POINT('',(-0.00775,0.0035,-0.00325));
#8876=CARTESIAN_POINT('',(-0.00949960352337641,0.00282582456957492,-0.00325));
#8877=CARTESIAN_POINT('',(-0.00945079546325189,0.00271074732044687,-0.00325));
#8878=CARTESIAN_POINT('',(-0.00939442831217957,0.00259917786100571,-0.00325));
#8879=CARTESIAN_POINT('',(-0.00775,0.0035,-0.00325));
#8880=CARTESIAN_POINT('',(-0.00939413387470549,0.00259864058109658,-0.00325));
#8881=CARTESIAN_POINT('',(-0.00933042300890649,0.00249109558781868,-0.00325));
#8882=CARTESIAN_POINT('',(-0.0092596880408457,0.00238803461415048,-0.00325));
#8883=CARTESIAN_POINT('',(-0.00775,0.0035,-0.00325));
#8884=CARTESIAN_POINT('',(-0.00925932461809018,0.00238754137280214,-0.00325));
#8885=CARTESIAN_POINT('',(-0.00918184786852624,0.00228944777832724,-0.00325));
#8886=CARTESIAN_POINT('',(-0.00909800735065775,0.00219673441594866,-0.00325));
#8887=CARTESIAN_POINT('',(-0.00775,0.0035,-0.00325));
#8888=CARTESIAN_POINT('',(-0.0090975814279085,0.00219629401506471,-0.00325));
#8889=CARTESIAN_POINT('',(-0.00900772136901104,0.00210940230191008,-0.00325));
#8890=CARTESIAN_POINT('',(-0.00891227143736243,0.00202869102296918,-0.00325));
#8891=CARTESIAN_POINT('',(-0.00775,0.0035,-0.00325));
#8892=CARTESIAN_POINT('',(-0.00891179061522099,0.00202831132151381,-0.00325));
#8893=CARTESIAN_POINT('',(-0.00881115080186987,0.0019541720743592,-0.00325));
#8894=CARTESIAN_POINT('',(-0.00870579476273267,0.00188690317354078,-0.00325));
#8895=CARTESIAN_POINT('',(-0.00775,0.0035,-0.00325));
#8896=CARTESIAN_POINT('',(-0.00870526762148153,0.00188659094729544,-0.00325));
#8897=CARTESIAN_POINT('',(-0.00859564397353019,0.00182652718276272,-0.00325));
#8898=CARTESIAN_POINT('',(-0.00848226190791872,0.00177390107519551,-0.00325));
#8899=CARTESIAN_POINT('',(-0.00775,0.0035,-0.00325));
#8900=CARTESIAN_POINT('',(-0.00848169785440602,0.00177366189584496,-0.00325));
#8901=CARTESIAN_POINT('',(-0.0083650466084492,0.00172874545323515,-0.00325));
#8902=CARTESIAN_POINT('',(-0.00824566182201037,0.00169170125305542,-0.00325));
#8903=CARTESIAN_POINT('',(-0.00775,0.0035,-0.00325));
#8904=CARTESIAN_POINT('',(-0.0082450709217844,0.00169153938876083,-0.00325));
#8905=CARTESIAN_POINT('',(-0.0081234737220697,0.0016625718030564,-0.00325));
#8906=CARTESIAN_POINT('',(-0.0080002166391458,0.00164177056489394,-0.00325));
#8907=CARTESIAN_POINT('',(-0.00775,0.0035,-0.00325));
#8908=CARTESIAN_POINT('',(-0.00799960943683508,0.00164168890412749,-0.00325));
#8909=CARTESIAN_POINT('',(-0.00787523618827211,0.00162918710258158,-0.00325));
#8910=CARTESIAN_POINT('',(-0.00775030633442793,0.00162500002502421,-0.00325));
#8911=CARTESIAN_POINT('',(-0.00775,0.0035,-0.00325));
#8912=CARTESIAN_POINT('',(-0.00774969366557208,0.00162500002502421,-0.00325));
#8913=CARTESIAN_POINT('',(-0.0076247638117279,0.00162918710258159,-0.00325));
#8914=CARTESIAN_POINT('',(-0.00750039056316493,0.00164168890412749,-0.00325));
#8915=CARTESIAN_POINT('',(-0.00775,0.0035,-0.00325));
#8916=CARTESIAN_POINT('',(-0.00749978336085421,0.00164177056489394,-0.00325));
#8917=CARTESIAN_POINT('',(-0.00737652627793031,0.0016625718030564,-0.00325));
#8918=CARTESIAN_POINT('',(-0.00725492907821561,0.00169153938876083,-0.00325));
#8919=CARTESIAN_POINT('',(-0.00775,0.0035,-0.00325));
#8920=CARTESIAN_POINT('',(-0.00725433817798963,0.00169170125305542,-0.00325));
#8921=CARTESIAN_POINT('',(-0.00713495339155081,0.00172874545323515,-0.00325));
#8922=CARTESIAN_POINT('',(-0.00701830214559398,0.00177366189584496,-0.00325));
#8923=CARTESIAN_POINT('',(-0.00775,0.0035,-0.00325));
#8924=CARTESIAN_POINT('',(-0.00701773809208128,0.00177390107519551,-0.00325));
#8925=CARTESIAN_POINT('',(-0.00690435602646981,0.00182652718276272,-0.00325));
#8926=CARTESIAN_POINT('',(-0.00679473237851847,0.00188659094729544,-0.00325));
#8927=CARTESIAN_POINT('',(-0.00775,0.0035,-0.00325));
#8928=CARTESIAN_POINT('',(-0.00679420523726735,0.00188690317354078,-0.00325));
#8929=CARTESIAN_POINT('',(-0.00668884919813014,0.00195417207435919,-0.00325));
#8930=CARTESIAN_POINT('',(-0.00658820938477902,0.00202831132151381,-0.00325));
#8931=CARTESIAN_POINT('',(-0.00775,0.0035,-0.00325));
#8932=CARTESIAN_POINT('',(-0.00658772856263757,0.00202869102296918,-0.00325));
#8933=CARTESIAN_POINT('',(-0.00649227863098896,0.00210940230191007,-0.00325));
#8934=CARTESIAN_POINT('',(-0.00640241857209151,0.00219629401506471,-0.00325));
#8935=CARTESIAN_POINT('',(-0.00775,0.0035,-0.00325));
#8936=CARTESIAN_POINT('',(-0.00640199264934225,0.00219673441594867,-0.00325));
#8937=CARTESIAN_POINT('',(-0.00631815213147375,0.00228944777832725,-0.00325));
#8938=CARTESIAN_POINT('',(-0.00624067538190982,0.00238754137280216,-0.00325));
#8939=CARTESIAN_POINT('',(-0.00775,0.0035,-0.00325));
#8940=CARTESIAN_POINT('',(-0.00624031195915431,0.00238803461415048,-0.00325));
#8941=CARTESIAN_POINT('',(-0.00616957699109351,0.00249109558781867,-0.00325));
#8942=CARTESIAN_POINT('',(-0.00610586612529452,0.00259864058109657,-0.00325));
#8943=CARTESIAN_POINT('',(-0.00775,0.0035,-0.00325));
#8944=CARTESIAN_POINT('',(-0.00610557168782043,0.00259917786100572,-0.00325));
#8945=CARTESIAN_POINT('',(-0.00604920453674811,0.00271074732044688,-0.00325));
#8946=CARTESIAN_POINT('',(-0.00600039647662359,0.00282582456957493,-0.00325));
#8947=CARTESIAN_POINT('',(-0.00775,0.0035,-0.00325));
#8948=CARTESIAN_POINT('',(-0.00600017627867462,0.00282639630027219,-0.00325));
#8949=CARTESIAN_POINT('',(-0.00595918281773704,0.00294448328583943,-0.00325));
#8950=CARTESIAN_POINT('',(-0.00592614854427619,0.00306503923458073,-0.00325));
#8951=CARTESIAN_POINT('',(-0.00775,0.0035,-0.00325));
#8952=CARTESIAN_POINT('',(-0.00592600651528996,0.00306563521351827,-0.00325));
#8953=CARTESIAN_POINT('',(-0.0059011182737687,0.00318813246015663,-0.00325));
#8954=CARTESIAN_POINT('',(-0.00588444728436402,0.00331201578474985,-0.00325));
#8955=CARTESIAN_POINT('',(-0.00775,0.0035,-0.00325));
#8956=CARTESIAN_POINT('',(-0.00588438595885116,0.00331262537666941,-0.00325));
#8957=CARTESIAN_POINT('',(-0.00587604706800578,0.00343734691811061,-0.00325));
#8958=CARTESIAN_POINT('',(-0.00587603685685814,0.00356234691769354,-0.00325));
#8959=CARTESIAN_POINT('',(-0.00775,0.0035,-0.00325));
#8960=CARTESIAN_POINT('',(-0.00587605732917387,0.00356295924441288,-0.00325));
#8961=CARTESIAN_POINT('',(-0.00588441659670906,0.00368767942179519,-0.00325));
#8962=CARTESIAN_POINT('',(-0.00590106734603664,0.00381156546841396,-0.00325));
#8963=CARTESIAN_POINT('',(-0.00775,0.0035,-0.00325));
#8964=CARTESIAN_POINT('',(-0.00590116925085201,0.00381216960294825,-0.00325));
#8965=CARTESIAN_POINT('',(-0.00592607750544056,0.00393466278175162,-0.00325));
#8966=CARTESIAN_POINT('',(-0.00595909208222715,0.00405522412596942,-0.00325));
#8967=CARTESIAN_POINT('',(-0.00775,0.0035,-0.00325));
#8968=CARTESIAN_POINT('',(-0.0059592736010483,0.00405580928752359,-0.00325));
#8969=CARTESIAN_POINT('',(-0.006000286354297,0.00417388957407034,-0.00325));
#8970=CARTESIAN_POINT('',(-0.0060490756126377,0.00428897479584344,-0.00325));
#8971=CARTESIAN_POINT('',(-0.00775,0.0035,-0.00325));
#8972=CARTESIAN_POINT('',(-0.00604933350625699,0.0042895305421957,-0.00325));
#8973=CARTESIAN_POINT('',(-0.0061057188846125,0.00440109079097504,-0.00325));
#8974=CARTESIAN_POINT('',(-0.00616941217903639,0.00450864619179448,-0.00325));
#8975=CARTESIAN_POINT('',(-0.00775,0.0035,-0.00325));
#8976=CARTESIAN_POINT('',(-0.00616974184533605,0.004509162605638,-0.00325));
#8977=CARTESIAN_POINT('',(-0.00624049365038582,0.00461221202136754,-0.00325));
#8978=CARTESIAN_POINT('',(-0.00631795437254499,0.00471031827255767,-0.00325));
#8979=CARTESIAN_POINT('',(-0.00775,0.0035,-0.00325));
#8980=CARTESIAN_POINT('',(-0.0063183499286221,0.00471078613847519,-0.00325));
#8981=CARTESIAN_POINT('',(-0.00640220559272888,0.00480348580188995,-0.00325));
#8982=CARTESIAN_POINT('',(-0.00649205145420131,0.0048903921950741,-0.00325));
#8983=CARTESIAN_POINT('',(-0.00775,0.0035,-0.00325));
#8984=CARTESIAN_POINT('',(-0.00649250584134831,0.00489080316398723,-0.00325));
#8985=CARTESIAN_POINT('',(-0.00658796895819954,0.00497149884739749,-0.00325));
#8986=CARTESIAN_POINT('',(-0.00775,0.0035,-0.02725));
#8987=CARTESIAN_POINT('',(-0.00962394267082613,0.00356295924441287,-0.02525));
#8988=CARTESIAN_POINT('',(-0.00962394267082613,0.00356295924441287,-0.00025));
#8989=CARTESIAN_POINT('',(-0.00775,0.0035,-0.00025));
#8990=CARTESIAN_POINT('',(-0.00962396314314186,0.00356234691769354,-0.00025));
#8991=CARTESIAN_POINT('',(-0.00962396314314186,0.00356234691769354,-0.02525));
#8992=CARTESIAN_POINT('',(-0.00775,0.0035,-0.02725));
#8993=CARTESIAN_POINT('',(-0.00775,0.0035,-0.00025));
#8994=CARTESIAN_POINT('',(-0.00959883074914799,0.00381216960294825,-0.00025));
#8995=CARTESIAN_POINT('',(-0.00959893265396336,0.00381156546841396,-0.00025));
#8996=CARTESIAN_POINT('',(-0.00959893265396336,0.00381156546841396,-0.02525));
#8997=CARTESIAN_POINT('',(-0.00959883074914799,0.00381216960294825,-0.02525));
#8998=CARTESIAN_POINT('',(-0.00775,0.0035,-0.02725));
#8999=CARTESIAN_POINT('',(-0.00775,0.0035,-0.00025));
#9000=CARTESIAN_POINT('',(-0.0095407263989517,0.00405580928752359,-0.00025));
#9001=CARTESIAN_POINT('',(-0.00954090791777286,0.00405522412596942,-0.00025));
#9002=CARTESIAN_POINT('',(-0.00954090791777286,0.00405522412596942,-0.02525));
#9003=CARTESIAN_POINT('',(-0.0095407263989517,0.00405580928752359,-0.02525));
#9004=CARTESIAN_POINT('',(-0.00775,0.0035,-0.02725));
#9005=CARTESIAN_POINT('',(-0.00775,0.0035,-0.00025));
#9006=CARTESIAN_POINT('',(-0.00945066649374302,0.0042895305421957,-0.00025));
#9007=CARTESIAN_POINT('',(-0.0094509243873623,0.00428897479584344,-0.00025));
#9008=CARTESIAN_POINT('',(-0.0094509243873623,0.00428897479584344,-0.02525));
#9009=CARTESIAN_POINT('',(-0.00945066649374302,0.0042895305421957,-0.02525));
#9010=CARTESIAN_POINT('',(-0.00775,0.0035,-0.02725));
#9011=CARTESIAN_POINT('',(-0.00775,0.0035,-0.00025));
#9012=CARTESIAN_POINT('',(-0.00933025815466395,0.004509162605638,-0.00025));
#9013=CARTESIAN_POINT('',(-0.00933058782096362,0.00450864619179447,-0.00025));
#9014=CARTESIAN_POINT('',(-0.00933058782096362,0.00450864619179447,-0.02525));
#9015=CARTESIAN_POINT('',(-0.00933025815466395,0.004509162605638,-0.02525));
#9016=CARTESIAN_POINT('',(-0.00775,0.0035,-0.02725));
#9017=CARTESIAN_POINT('',(-0.00775,0.0035,-0.00025));
#9018=CARTESIAN_POINT('',(-0.0091816500713779,0.00471078613847519,-0.00025));
#9019=CARTESIAN_POINT('',(-0.00918204562745502,0.00471031827255767,-0.00025));
#9020=CARTESIAN_POINT('',(-0.00918204562745502,0.00471031827255767,-0.02525));
#9021=CARTESIAN_POINT('',(-0.0091816500713779,0.00471078613847519,-0.02525));
#9022=CARTESIAN_POINT('',(-0.00775,0.0035,-0.02725));
#9023=CARTESIAN_POINT('',(-0.00775,0.0035,-0.00025));
#9024=CARTESIAN_POINT('',(-0.00900749415865169,0.00489080316398723,-0.00025));
#9025=CARTESIAN_POINT('',(-0.00900794854579869,0.0048903921950741,-0.00025));
#9026=CARTESIAN_POINT('',(-0.00900794854579869,0.0048903921950741,-0.02525));
#9027=CARTESIAN_POINT('',(-0.00900749415865169,0.00489080316398723,-0.02525));
#9028=CARTESIAN_POINT('',(-0.00775,0.0035,-0.02725));
#9029=CARTESIAN_POINT('',(-0.00775,0.0035,-0.00025));
#9030=CARTESIAN_POINT('',(-0.00881089823287375,0.00504600127408918,-0.00025));
#9031=CARTESIAN_POINT('',(-0.00881140334254123,0.00504565453593043,-0.00025));
#9032=CARTESIAN_POINT('',(-0.00881140334254123,0.00504565453593043,-0.02525));
#9033=CARTESIAN_POINT('',(-0.00881089823287375,0.00504600127408918,-0.02525));
#9034=CARTESIAN_POINT('',(-0.00775,0.0035,-0.02725));
#9035=CARTESIAN_POINT('',(-0.00775,0.0035,-0.00025));
#9036=CARTESIAN_POINT('',(-0.00859537055299703,0.00517361095482956,-0.00025));
#9037=CARTESIAN_POINT('',(-0.00859591737149102,0.00517333463497584,-0.00025));
#9038=CARTESIAN_POINT('',(-0.00859591737149102,0.00517333463497584,-0.02525));
#9039=CARTESIAN_POINT('',(-0.00859537055299703,0.00517361095482956,-0.02525));
#9040=CARTESIAN_POINT('',(-0.00775,0.0035,-0.02725));
#9041=CARTESIAN_POINT('',(-0.00775,0.0035,-0.00025));
#9042=CARTESIAN_POINT('',(-0.00836475721557488,0.00527135500843242,-0.00025));
#9043=CARTESIAN_POINT('',(-0.00836533598490639,0.00527115403781808,-0.00025));
#9044=CARTESIAN_POINT('',(-0.00836533598490639,0.00527115403781808,-0.02525));
#9045=CARTESIAN_POINT('',(-0.00836475721557488,0.00527135500843242,-0.02525));
#9046=CARTESIAN_POINT('',(-0.00775,0.0035,-0.02725));
#9047=CARTESIAN_POINT('',(-0.00775,0.0035,-0.00025));
#9048=CARTESIAN_POINT('',(-0.00812317352107693,0.00533748918994563,-0.00025));
#9049=CARTESIAN_POINT('',(-0.00812377391309352,0.00533736715489604,-0.00025));
#9050=CARTESIAN_POINT('',(-0.00812377391309352,0.00533736715489604,-0.02525));
#9051=CARTESIAN_POINT('',(-0.00812317352107693,0.00533748918994563,-0.02525));
#9052=CARTESIAN_POINT('',(-0.00775,0.0035,-0.02725));
#9053=CARTESIAN_POINT('',(-0.00775,0.0035,-0.00025));
#9054=CARTESIAN_POINT('',(-0.00787493053625471,0.00537083333333333,-0.00025));
#9055=CARTESIAN_POINT('',(-0.00787554183694664,0.00537079241156684,-0.00025));
#9056=CARTESIAN_POINT('',(-0.00787554183694664,0.00537079241156684,-0.02525));
#9057=CARTESIAN_POINT('',(-0.00787493053625471,0.00537083333333333,-0.02525));
#9058=CARTESIAN_POINT('',(-0.00775,0.0035,-0.02725));
#9059=CARTESIAN_POINT('',(-0.00775,0.0035,-0.00025));
#9060=CARTESIAN_POINT('',(-0.00762445816305337,0.00537079241156684,-0.00025));
#9061=CARTESIAN_POINT('',(-0.00762506946374529,0.00537083333333333,-0.00025));
#9062=CARTESIAN_POINT('',(-0.00762506946374529,0.00537083333333333,-0.02525));
#9063=CARTESIAN_POINT('',(-0.00762445816305337,0.00537079241156684,-0.02525));
#9064=CARTESIAN_POINT('',(-0.00775,0.0035,-0.02725));
#9065=CARTESIAN_POINT('',(-0.00775,0.0035,-0.00025));
#9066=CARTESIAN_POINT('',(-0.00737622608690648,0.00533736715489604,-0.00025));
#9067=CARTESIAN_POINT('',(-0.00737682647892308,0.00533748918994563,-0.00025));
#9068=CARTESIAN_POINT('',(-0.00737682647892308,0.00533748918994563,-0.02525));
#9069=CARTESIAN_POINT('',(-0.00737622608690648,0.00533736715489604,-0.02525));
#9070=CARTESIAN_POINT('',(-0.00775,0.0035,-0.02725));
#9071=CARTESIAN_POINT('',(-0.00775,0.0035,-0.00025));
#9072=CARTESIAN_POINT('',(-0.00713466401509362,0.00527115403781808,-0.00025));
#9073=CARTESIAN_POINT('',(-0.00713524278442513,0.00527135500843242,-0.00025));
#9074=CARTESIAN_POINT('',(-0.00713524278442513,0.00527135500843242,-0.02525));
#9075=CARTESIAN_POINT('',(-0.00713466401509362,0.00527115403781808,-0.02525));
#9076=CARTESIAN_POINT('',(-0.00775,0.0035,-0.02725));
#9077=CARTESIAN_POINT('',(-0.00775,0.0035,-0.00025));
#9078=CARTESIAN_POINT('',(-0.00690408262850899,0.00517333463497584,-0.00025));
#9079=CARTESIAN_POINT('',(-0.00690462944700297,0.00517361095482956,-0.00025));
#9080=CARTESIAN_POINT('',(-0.00690462944700297,0.00517361095482956,-0.02525));
#9081=CARTESIAN_POINT('',(-0.00690408262850899,0.00517333463497584,-0.02525));
#9082=CARTESIAN_POINT('',(-0.00775,0.0035,-0.02725));
#9083=CARTESIAN_POINT('',(-0.00775,0.0035,-0.00025));
#9084=CARTESIAN_POINT('',(-0.00668859665745877,0.00504565453593043,-0.00025));
#9085=CARTESIAN_POINT('',(-0.00668910176712625,0.00504600127408918,-0.00025));
#9086=CARTESIAN_POINT('',(-0.00668910176712625,0.00504600127408918,-0.02525));
#9087=CARTESIAN_POINT('',(-0.00668859665745877,0.00504565453593043,-0.02525));
#9088=CARTESIAN_POINT('',(-0.00775,0.0035,-0.02725));
#9089=CARTESIAN_POINT('',(-0.00775,0.0035,-0.00025));
#9090=CARTESIAN_POINT('',(-0.00649205145420131,0.0048903921950741,-0.00025));
#9091=CARTESIAN_POINT('',(-0.00649250584134832,0.00489080316398723,-0.00025));
#9092=CARTESIAN_POINT('',(-0.00649250584134832,0.00489080316398723,-0.02525));
#9093=CARTESIAN_POINT('',(-0.00649205145420131,0.0048903921950741,-0.02525));
#9094=CARTESIAN_POINT('',(-0.00775,0.0035,-0.02725));
#9095=CARTESIAN_POINT('',(-0.00775,0.0035,-0.00025));
#9096=CARTESIAN_POINT('',(-0.00631795437254499,0.00471031827255767,-0.00025));
#9097=CARTESIAN_POINT('',(-0.0063183499286221,0.00471078613847519,-0.00025));
#9098=CARTESIAN_POINT('',(-0.0063183499286221,0.00471078613847519,-0.02525));
#9099=CARTESIAN_POINT('',(-0.00631795437254499,0.00471031827255767,-0.02525));
#9100=CARTESIAN_POINT('',(-0.00775,0.0035,-0.02725));
#9101=CARTESIAN_POINT('',(-0.00775,0.0035,-0.00025));
#9102=CARTESIAN_POINT('',(-0.00616941217903639,0.00450864619179448,-0.00025));
#9103=CARTESIAN_POINT('',(-0.00616974184533605,0.004509162605638,-0.00025));
#9104=CARTESIAN_POINT('',(-0.00616974184533605,0.004509162605638,-0.02525));
#9105=CARTESIAN_POINT('',(-0.00616941217903639,0.00450864619179448,-0.02525));
#9106=CARTESIAN_POINT('',(-0.00775,0.0035,-0.02725));
#9107=CARTESIAN_POINT('',(-0.00775,0.0035,-0.00025));
#9108=CARTESIAN_POINT('',(-0.0060490756126377,0.00428897479584344,-0.00025));
#9109=CARTESIAN_POINT('',(-0.00604933350625699,0.0042895305421957,-0.00025));
#9110=CARTESIAN_POINT('',(-0.00604933350625699,0.0042895305421957,-0.02525));
#9111=CARTESIAN_POINT('',(-0.0060490756126377,0.00428897479584344,-0.02525));
#9112=CARTESIAN_POINT('',(-0.00775,0.0035,-0.02725));
#9113=CARTESIAN_POINT('',(-0.00775,0.0035,-0.00025));
#9114=CARTESIAN_POINT('',(-0.00595909208222715,0.00405522412596942,-0.00025));
#9115=CARTESIAN_POINT('',(-0.0059592736010483,0.00405580928752359,-0.00025));
#9116=CARTESIAN_POINT('',(-0.0059592736010483,0.00405580928752359,-0.02525));
#9117=CARTESIAN_POINT('',(-0.00595909208222715,0.00405522412596942,-0.02525));
#9118=CARTESIAN_POINT('',(-0.00775,0.0035,-0.02725));
#9119=CARTESIAN_POINT('',(-0.00775,0.0035,-0.00025));
#9120=CARTESIAN_POINT('',(-0.00590106734603664,0.00381156546841396,-0.00025));
#9121=CARTESIAN_POINT('',(-0.00590116925085201,0.00381216960294825,-0.00025));
#9122=CARTESIAN_POINT('',(-0.00590116925085201,0.00381216960294825,-0.02525));
#9123=CARTESIAN_POINT('',(-0.00590106734603664,0.00381156546841396,-0.02525));
#9124=CARTESIAN_POINT('',(-0.00775,0.0035,-0.02725));
#9125=CARTESIAN_POINT('',(-0.00775,0.0035,-0.00025));
#9126=CARTESIAN_POINT('',(-0.00587603685685814,0.00356234691769354,-0.00025));
#9127=CARTESIAN_POINT('',(-0.00587605732917387,0.00356295924441288,-0.00025));
#9128=CARTESIAN_POINT('',(-0.00587605732917387,0.00356295924441288,-0.02525));
#9129=CARTESIAN_POINT('',(-0.00587603685685814,0.00356234691769354,-0.02525));
#9130=CARTESIAN_POINT('',(-0.00775,0.0035,-0.02725));
#9131=CARTESIAN_POINT('',(-0.00775,0.0035,-0.00025));
#9132=CARTESIAN_POINT('',(-0.00588444728436402,0.00331201578474985,-0.00025));
#9133=CARTESIAN_POINT('',(-0.00588438595885116,0.00331262537666941,-0.00025));
#9134=CARTESIAN_POINT('',(-0.00588438595885116,0.00331262537666941,-0.02525));
#9135=CARTESIAN_POINT('',(-0.00588444728436402,0.00331201578474985,-0.02525));
#9136=CARTESIAN_POINT('',(-0.00775,0.0035,-0.02725));
#9137=CARTESIAN_POINT('',(-0.00775,0.0035,-0.00025));
#9138=CARTESIAN_POINT('',(-0.00592614854427619,0.00306503923458073,-0.00025));
#9139=CARTESIAN_POINT('',(-0.00592600651528996,0.00306563521351827,-0.00025));
#9140=CARTESIAN_POINT('',(-0.00592600651528996,0.00306563521351827,-0.02525));
#9141=CARTESIAN_POINT('',(-0.00592614854427619,0.00306503923458073,-0.02525));
#9142=CARTESIAN_POINT('',(-0.00775,0.0035,-0.02725));
#9143=CARTESIAN_POINT('',(-0.00775,0.0035,-0.00025));
#9144=CARTESIAN_POINT('',(-0.00600039647662359,0.00282582456957493,-0.00025));
#9145=CARTESIAN_POINT('',(-0.00600017627867462,0.00282639630027219,-0.00025));
#9146=CARTESIAN_POINT('',(-0.00600017627867462,0.00282639630027219,-0.02525));
#9147=CARTESIAN_POINT('',(-0.00600039647662359,0.00282582456957493,-0.02525));
#9148=CARTESIAN_POINT('',(-0.00775,0.0035,-0.02725));
#9149=CARTESIAN_POINT('',(-0.00775,0.0035,-0.00025));
#9150=CARTESIAN_POINT('',(-0.00610586612529452,0.00259864058109657,-0.00025));
#9151=CARTESIAN_POINT('',(-0.00610557168782043,0.00259917786100572,-0.00025));
#9152=CARTESIAN_POINT('',(-0.00610557168782043,0.00259917786100572,-0.02525));
#9153=CARTESIAN_POINT('',(-0.00610586612529452,0.00259864058109657,-0.02525));
#9154=CARTESIAN_POINT('',(-0.00775,0.0035,-0.02725));
#9155=CARTESIAN_POINT('',(-0.00775,0.0035,-0.00025));
#9156=CARTESIAN_POINT('',(-0.00624067538190982,0.00238754137280216,-0.00025));
#9157=CARTESIAN_POINT('',(-0.00624031195915431,0.00238803461415048,-0.00025));
#9158=CARTESIAN_POINT('',(-0.00624031195915431,0.00238803461415048,-0.02525));
#9159=CARTESIAN_POINT('',(-0.00624067538190982,0.00238754137280216,-0.02525));
#9160=CARTESIAN_POINT('',(-0.00775,0.0035,-0.02725));
#9161=CARTESIAN_POINT('',(-0.00775,0.0035,-0.00025));
#9162=CARTESIAN_POINT('',(-0.00640241857209151,0.00219629401506471,-0.00025));
#9163=CARTESIAN_POINT('',(-0.00640199264934225,0.00219673441594867,-0.00025));
#9164=CARTESIAN_POINT('',(-0.00640199264934225,0.00219673441594867,-0.02525));
#9165=CARTESIAN_POINT('',(-0.00640241857209151,0.00219629401506471,-0.02525));
#9166=CARTESIAN_POINT('',(-0.00775,0.0035,-0.02725));
#9167=CARTESIAN_POINT('',(-0.00775,0.0035,-0.00025));
#9168=CARTESIAN_POINT('',(-0.00658820938477902,0.00202831132151381,-0.00025));
#9169=CARTESIAN_POINT('',(-0.00658772856263757,0.00202869102296918,-0.00025));
#9170=CARTESIAN_POINT('',(-0.00658772856263757,0.00202869102296918,-0.02525));
#9171=CARTESIAN_POINT('',(-0.00658820938477902,0.00202831132151381,-0.02525));
#9172=CARTESIAN_POINT('',(-0.00775,0.0035,-0.02725));
#9173=CARTESIAN_POINT('',(-0.00775,0.0035,-0.00025));
#9174=CARTESIAN_POINT('',(-0.00679473237851847,0.00188659094729544,-0.00025));
#9175=CARTESIAN_POINT('',(-0.00679420523726735,0.00188690317354078,-0.00025));
#9176=CARTESIAN_POINT('',(-0.00679420523726735,0.00188690317354078,-0.02525));
#9177=CARTESIAN_POINT('',(-0.00679473237851847,0.00188659094729544,-0.02525));
#9178=CARTESIAN_POINT('',(-0.00775,0.0035,-0.02725));
#9179=CARTESIAN_POINT('',(-0.00775,0.0035,-0.00025));
#9180=CARTESIAN_POINT('',(-0.00701830214559398,0.00177366189584496,-0.00025));
#9181=CARTESIAN_POINT('',(-0.00701773809208128,0.00177390107519551,-0.00025));
#9182=CARTESIAN_POINT('',(-0.00701773809208128,0.00177390107519551,-0.02525));
#9183=CARTESIAN_POINT('',(-0.00701830214559398,0.00177366189584496,-0.02525));
#9184=CARTESIAN_POINT('',(-0.00775,0.0035,-0.02725));
#9185=CARTESIAN_POINT('',(-0.00775,0.0035,-0.00025));
#9186=CARTESIAN_POINT('',(-0.00725492907821561,0.00169153938876083,-0.00025));
#9187=CARTESIAN_POINT('',(-0.00725433817798963,0.00169170125305542,-0.00025));
#9188=CARTESIAN_POINT('',(-0.00725433817798963,0.00169170125305542,-0.02525));
#9189=CARTESIAN_POINT('',(-0.00725492907821561,0.00169153938876083,-0.02525));
#9190=CARTESIAN_POINT('',(-0.00775,0.0035,-0.02725));
#9191=CARTESIAN_POINT('',(-0.00775,0.0035,-0.00025));
#9192=CARTESIAN_POINT('',(-0.00750039056316493,0.00164168890412749,-0.00025));
#9193=CARTESIAN_POINT('',(-0.00749978336085421,0.00164177056489394,-0.00025));
#9194=CARTESIAN_POINT('',(-0.00749978336085421,0.00164177056489394,-0.02525));
#9195=CARTESIAN_POINT('',(-0.00750039056316493,0.00164168890412749,-0.02525));
#9196=CARTESIAN_POINT('',(-0.00775,0.0035,-0.02725));
#9197=CARTESIAN_POINT('',(-0.00775,0.0035,-0.00025));
#9198=CARTESIAN_POINT('',(-0.00775030633442793,0.00162500002502421,-0.00025));
#9199=CARTESIAN_POINT('',(-0.00774969366557208,0.00162500002502421,-0.00025));
#9200=CARTESIAN_POINT('',(-0.00774969366557208,0.00162500002502421,-0.02525));
#9201=CARTESIAN_POINT('',(-0.00775030633442793,0.00162500002502421,-0.02525));
#9202=CARTESIAN_POINT('',(-0.00775,0.0035,-0.02725));
#9203=CARTESIAN_POINT('',(-0.00775,0.0035,-0.00025));
#9204=CARTESIAN_POINT('',(-0.0080002166391458,0.00164177056489394,-0.00025));
#9205=CARTESIAN_POINT('',(-0.00799960943683508,0.00164168890412749,-0.00025));
#9206=CARTESIAN_POINT('',(-0.00799960943683508,0.00164168890412749,-0.02525));
#9207=CARTESIAN_POINT('',(-0.0080002166391458,0.00164177056489394,-0.02525));
#9208=CARTESIAN_POINT('',(-0.00775,0.0035,-0.02725));
#9209=CARTESIAN_POINT('',(-0.00775,0.0035,-0.00025));
#9210=CARTESIAN_POINT('',(-0.00824566182201037,0.00169170125305542,-0.00025));
#9211=CARTESIAN_POINT('',(-0.0082450709217844,0.00169153938876083,-0.00025));
#9212=CARTESIAN_POINT('',(-0.0082450709217844,0.00169153938876083,-0.02525));
#9213=CARTESIAN_POINT('',(-0.00824566182201037,0.00169170125305542,-0.02525));
#9214=CARTESIAN_POINT('',(-0.00775,0.0035,-0.02725));
#9215=CARTESIAN_POINT('',(-0.00775,0.0035,-0.00025));
#9216=CARTESIAN_POINT('',(-0.00848226190791872,0.00177390107519551,-0.00025));
#9217=CARTESIAN_POINT('',(-0.00848169785440602,0.00177366189584496,-0.00025));
#9218=CARTESIAN_POINT('',(-0.00848169785440602,0.00177366189584496,-0.02525));
#9219=CARTESIAN_POINT('',(-0.00848226190791872,0.00177390107519551,-0.02525));
#9220=CARTESIAN_POINT('',(-0.00775,0.0035,-0.02725));
#9221=CARTESIAN_POINT('',(-0.00775,0.0035,-0.00025));
#9222=CARTESIAN_POINT('',(-0.00870579476273267,0.00188690317354078,-0.00025));
#9223=CARTESIAN_POINT('',(-0.00870526762148153,0.00188659094729544,-0.00025));
#9224=CARTESIAN_POINT('',(-0.00870526762148153,0.00188659094729544,-0.02525));
#9225=CARTESIAN_POINT('',(-0.00870579476273267,0.00188690317354078,-0.02525));
#9226=CARTESIAN_POINT('',(-0.00775,0.0035,-0.02725));
#9227=CARTESIAN_POINT('',(-0.00775,0.0035,-0.00025));
#9228=CARTESIAN_POINT('',(-0.00891227143736243,0.00202869102296918,-0.00025));
#9229=CARTESIAN_POINT('',(-0.00891179061522099,0.00202831132151381,-0.00025));
#9230=CARTESIAN_POINT('',(-0.00891179061522099,0.00202831132151381,-0.02525));
#9231=CARTESIAN_POINT('',(-0.00891227143736243,0.00202869102296918,-0.02525));
#9232=CARTESIAN_POINT('',(-0.00775,0.0035,-0.02725));
#9233=CARTESIAN_POINT('',(-0.00775,0.0035,-0.00025));
#9234=CARTESIAN_POINT('',(-0.00909800735065775,0.00219673441594866,-0.00025));
#9235=CARTESIAN_POINT('',(-0.0090975814279085,0.00219629401506471,-0.00025));
#9236=CARTESIAN_POINT('',(-0.0090975814279085,0.00219629401506471,-0.02525));
#9237=CARTESIAN_POINT('',(-0.00909800735065775,0.00219673441594866,-0.02525));
#9238=CARTESIAN_POINT('',(-0.00775,0.0035,-0.02725));
#9239=CARTESIAN_POINT('',(-0.00775,0.0035,-0.00025));
#9240=CARTESIAN_POINT('',(-0.0092596880408457,0.00238803461415048,-0.00025));
#9241=CARTESIAN_POINT('',(-0.00925932461809018,0.00238754137280214,-0.00025));
#9242=CARTESIAN_POINT('',(-0.00925932461809018,0.00238754137280214,-0.02525));
#9243=CARTESIAN_POINT('',(-0.0092596880408457,0.00238803461415048,-0.02525));
#9244=CARTESIAN_POINT('',(-0.00775,0.0035,-0.02725));
#9245=CARTESIAN_POINT('',(-0.00775,0.0035,-0.00025));
#9246=CARTESIAN_POINT('',(-0.00939442831217957,0.00259917786100571,-0.00025));
#9247=CARTESIAN_POINT('',(-0.00939413387470549,0.00259864058109658,-0.00025));
#9248=CARTESIAN_POINT('',(-0.00939413387470549,0.00259864058109658,-0.02525));
#9249=CARTESIAN_POINT('',(-0.00939442831217957,0.00259917786100571,-0.02525));
#9250=CARTESIAN_POINT('',(-0.00775,0.0035,-0.02725));
#9251=CARTESIAN_POINT('',(-0.00775,0.0035,-0.00025));
#9252=CARTESIAN_POINT('',(-0.00949982372132538,0.00282639630027219,-0.00025));
#9253=CARTESIAN_POINT('',(-0.00949960352337641,0.00282582456957492,-0.00025));
#9254=CARTESIAN_POINT('',(-0.00949960352337641,0.00282582456957492,-0.02525));
#9255=CARTESIAN_POINT('',(-0.00949982372132538,0.00282639630027219,-0.02525));
#9256=CARTESIAN_POINT('',(-0.00775,0.0035,-0.02725));
#9257=CARTESIAN_POINT('',(-0.00775,0.0035,-0.00025));
#9258=CARTESIAN_POINT('',(-0.00957399348471004,0.00306563521351827,-0.00025));
#9259=CARTESIAN_POINT('',(-0.00957385145572382,0.00306503923458073,-0.00025));
#9260=CARTESIAN_POINT('',(-0.00957385145572382,0.00306503923458073,-0.02525));
#9261=CARTESIAN_POINT('',(-0.00957399348471004,0.00306563521351827,-0.02525));
#9262=CARTESIAN_POINT('',(0.0075,0.007,-0.00325));
#9263=CARTESIAN_POINT('',(0.007875,0.002,-0.00325));
#9264=CARTESIAN_POINT('',(0.009,0.002,-0.00325));
#9265=CARTESIAN_POINT('',(0.00875,0.002,-0.00325));
#9266=CARTESIAN_POINT('',(0.007875,0.0035,-0.00325));
#9267=CARTESIAN_POINT('',(0.00975,0.0035,-0.00325));
#9268=CARTESIAN_POINT('',(0.00975,0.007,-0.00325));
#9269=CARTESIAN_POINT('',(0.00975,0.,-0.00325));
#9270=CARTESIAN_POINT('',(0.0075,0.,-0.00325));
#9271=CARTESIAN_POINT('',(0.00875,0.,-0.00325));
#9272=CARTESIAN_POINT('',(0.00875,0.001,-0.00325));
#9273=CARTESIAN_POINT('',(0.0075,0.007,-0.00325));
#9274=CARTESIAN_POINT('',(0.007875,0.0035,-0.00325));
#9275=CARTESIAN_POINT('',(0.009,0.005,-0.00325));
#9276=CARTESIAN_POINT('',(0.007875,0.005,-0.00325));
#9277=CARTESIAN_POINT('',(0.00875,0.005,-0.00325));
#9278=CARTESIAN_POINT('',(0.00875,0.006,-0.00325));
#9279=CARTESIAN_POINT('',(0.00875,0.007,-0.00325));
#9280=CARTESIAN_POINT('',(0.0075,0.007,-0.00325));
#9281=CARTESIAN_POINT('',(0.00975,0.007,-0.00325));
#9282=CARTESIAN_POINT('',(0.00975,0.007,-0.00325));
#9283=CARTESIAN_POINT('',(0.008,0.007,-0.00225));
#9284=CARTESIAN_POINT('',(0.00725,0.001,-0.00225));
#9285=CARTESIAN_POINT('',(0.00725,0.00196585105732083,-0.00225));
#9286=CARTESIAN_POINT('',(0.00725,0.002,-0.00225));
#9287=CARTESIAN_POINT('',(0.008,0.002,-0.00225));
#9288=CARTESIAN_POINT('',(0.00875,0.002,-0.00225));
#9289=CARTESIAN_POINT('',(0.00875,0.007,-0.00225));
#9290=CARTESIAN_POINT('',(0.00875,0.005,-0.00225));
#9291=CARTESIAN_POINT('',(0.008,0.005,-0.00225));
#9292=CARTESIAN_POINT('',(0.00725,0.005,-0.00225));
#9293=CARTESIAN_POINT('',(0.00475,0.005,-0.00225));
#9294=CARTESIAN_POINT('',(0.00425,0.005,-0.00225));
#9295=CARTESIAN_POINT('',(0.00425,0.007,-0.00225));
#9296=CARTESIAN_POINT('',(0.00425,0.002,-0.00225));
#9297=CARTESIAN_POINT('',(0.00475,0.002,-0.00225));
#9298=CARTESIAN_POINT('',(0.00525,0.002,-0.00225));
#9299=CARTESIAN_POINT('',(0.00625,0.00198292552866041,-0.00225));
#9300=CARTESIAN_POINT('',(0.,0.007,0.00025));
#9301=CARTESIAN_POINT('',(0.00875,0.007,-0.001625));
#9302=CARTESIAN_POINT('',(0.00875,0.007,-0.001));
#9303=CARTESIAN_POINT('',(0.0085,0.007,-0.001));
#9304=CARTESIAN_POINT('',(0.0085,0.007,-0.00075));
#9305=CARTESIAN_POINT('',(0.008,0.007,-0.00075));
#9306=CARTESIAN_POINT('',(0.0075,0.007,-0.00075));
#9307=CARTESIAN_POINT('',(0.0075,0.007,-0.0005));
#9308=CARTESIAN_POINT('',(0.0075,0.007,-0.00025));
#9309=CARTESIAN_POINT('',(0.0085,0.007,-0.00025));
#9310=CARTESIAN_POINT('',(0.0095,0.007,-0.00025));
#9311=CARTESIAN_POINT('',(0.0095,0.007,-0.0005));
#9312=CARTESIAN_POINT('',(0.00975,0.007,-0.0005));
#9313=CARTESIAN_POINT('',(0.00975,0.007,-0.00275));
#9314=CARTESIAN_POINT('',(0.,0.,0.00025));
#9315=CARTESIAN_POINT('',(0.00875,0.,-0.001625));
#9316=CARTESIAN_POINT('',(0.00875,0.,-0.001));
#9317=CARTESIAN_POINT('',(0.00975,0.,-0.00275));
#9318=CARTESIAN_POINT('',(0.00975,0.,-0.0005));
#9319=CARTESIAN_POINT('',(0.0095,0.,-0.0005));
#9320=CARTESIAN_POINT('',(0.0095,0.,-0.00025));
#9321=CARTESIAN_POINT('',(0.0085,0.,-0.00025));
#9322=CARTESIAN_POINT('',(0.0075,0.,-0.00025));
#9323=CARTESIAN_POINT('',(0.0075,0.,-0.0005));
#9324=CARTESIAN_POINT('',(0.0075,0.,-0.00075));
#9325=CARTESIAN_POINT('',(0.008,0.,-0.00075));
#9326=CARTESIAN_POINT('',(0.0085,0.,-0.00075));
#9327=CARTESIAN_POINT('',(0.0085,0.,-0.001));
#9328=CARTESIAN_POINT('',(0.0085,0.007,-0.00025));
#9329=CARTESIAN_POINT('',(0.0075,0.007,-0.00025));
#9330=CARTESIAN_POINT('',(0.0075,0.005,-0.00025));
#9331=CARTESIAN_POINT('',(0.0085,0.005,-0.00025));
#9332=CARTESIAN_POINT('',(0.0095,0.005,-0.00025));
#9333=CARTESIAN_POINT('',(0.0095,0.007,-0.00025));
#9334=CARTESIAN_POINT('',(0.00975,0.007,-0.00275));
#9335=CARTESIAN_POINT('',(0.00975,0.0035,-0.00125));
#9336=CARTESIAN_POINT('',(0.00975,0.005,-0.00125));
#9337=CARTESIAN_POINT('',(0.00975,0.002,-0.00125));
#9338=CARTESIAN_POINT('',(0.00975,0.002,-0.00125));
#9339=CARTESIAN_POINT('',(0.00975,0.002,-0.0005));
#9340=CARTESIAN_POINT('',(0.00975,0.007,-0.0005));
#9341=CARTESIAN_POINT('',(0.00975,0.007,-0.0005));
#9342=CARTESIAN_POINT('',(0.00975,0.005,-0.0005));
#9343=CARTESIAN_POINT('',(0.00975,0.005,-0.00125));
#9344=CARTESIAN_POINT('',(0.0095,0.007,-0.0005));
#9345=CARTESIAN_POINT('',(0.0095,0.005,-0.0005));
#9346=CARTESIAN_POINT('',(0.0075,0.007,-0.0005));
#9347=CARTESIAN_POINT('',(0.0075,0.005,-0.0005));
#9348=CARTESIAN_POINT('',(0.0075,0.005,-0.00075));
#9349=CARTESIAN_POINT('',(0.0075,0.007,-0.00075));
#9350=CARTESIAN_POINT('',(0.008,0.007,-0.00075));
#9351=CARTESIAN_POINT('',(0.0085,0.007,-0.00075));
#9352=CARTESIAN_POINT('',(0.0085,0.005,-0.00075));
#9353=CARTESIAN_POINT('',(0.008,0.005,-0.00075));
#9354=CARTESIAN_POINT('',(0.0085,0.007,-0.001));
#9355=CARTESIAN_POINT('',(0.0085,0.005,-0.001));
#9356=CARTESIAN_POINT('',(0.00875,0.005,-0.001));
#9357=CARTESIAN_POINT('',(0.00875,0.007,-0.001));
#9358=CARTESIAN_POINT('',(0.00725,0.007,-0.00184759705080055));
#9359=CARTESIAN_POINT('',(0.00725,0.005,-0.00225));
#9360=CARTESIAN_POINT('',(0.00725,0.005,-0.0014451941016011));
#9361=CARTESIAN_POINT('',(0.00725,0.005,-0.00225));
#9362=CARTESIAN_POINT('',(0.00725,0.007,-0.00184759705080055));
#9363=CARTESIAN_POINT('',(0.00725,0.007,-0.0014451941016011));
#9364=CARTESIAN_POINT('',(0.00725,0.007,-0.0014451941016011));
#9365=CARTESIAN_POINT('',(0.00475,0.007,0.00325));
#9366=CARTESIAN_POINT('',(0.00475,0.002,0.00325));
#9367=CARTESIAN_POINT('',(0.00425,0.002,0.00325));
#9368=CARTESIAN_POINT('',(0.00525,0.002,0.00325));
#9369=CARTESIAN_POINT('',(0.00425,0.007,0.00325));
#9370=CARTESIAN_POINT('',(0.00425,0.,0.00325));
#9371=CARTESIAN_POINT('',(0.00475,0.,0.00325));
#9372=CARTESIAN_POINT('',(0.00525,0.,0.00325));
#9373=CARTESIAN_POINT('',(0.00525,0.007,0.00325));
#9374=CARTESIAN_POINT('',(0.007,0.007,-0.0014451941016011));
#9375=CARTESIAN_POINT('',(0.00725,0.007,-0.0014451941016011));
#9376=CARTESIAN_POINT('',(0.00725,0.00196585105732083,-0.0014451941016011));
#9377=CARTESIAN_POINT('',(0.00725,0.,-0.0014451941016011));
#9378=CARTESIAN_POINT('',(0.007,0.00197011967515573,-0.0014451941016011));
#9379=CARTESIAN_POINT('',(0.00706063390625908,0.0019690843832611,-0.00120265847656477));
#9380=CARTESIAN_POINT('',(0.00706063390625908,0.007,-0.00120265847656477));
#9381=CARTESIAN_POINT('',(0.00706063390625908,0.,-0.00120265847656477));
#9382=CARTESIAN_POINT('',(0.007,0.,-0.0014451941016011));
#9383=CARTESIAN_POINT('',(0.00615531695312954,0.007,-0.000976329238282384));
#9384=CARTESIAN_POINT('',(0.00607474020070303,0.0019859179970805,-0.000956185050175756));
#9385=CARTESIAN_POINT('',(0.00525,0.002,-0.00075));
#9386=CARTESIAN_POINT('',(0.00525,0.007,-0.00075));
#9387=CARTESIAN_POINT('',(0.00525,0.,-0.00075));
#9388=CARTESIAN_POINT('',(0.00615531695312954,0.,-0.000976329238282384));
#9389=CARTESIAN_POINT('',(0.00525,0.007,0.00125));
#9390=CARTESIAN_POINT('',(0.00525,0.002,0.00125));
#9391=CARTESIAN_POINT('',(0.00525,0.,0.00125));
#9392=CARTESIAN_POINT('',(0.00425,0.0035,0.00275));
#9393=CARTESIAN_POINT('',(0.00425,0.005,-0.00225));
#9394=CARTESIAN_POINT('',(0.00425,0.005,0.00275));
#9395=CARTESIAN_POINT('',(0.00425,0.0035,0.00275));
#9396=CARTESIAN_POINT('',(0.00425,0.006,0.00275));
#9397=CARTESIAN_POINT('',(0.00425,0.006,0.00275));
#9398=CARTESIAN_POINT('',(0.00425,0.001,0.00275));
#9399=CARTESIAN_POINT('',(0.00425,0.001,0.00275));
#9400=CARTESIAN_POINT('',(0.00425,0.0035,0.00275));
#9401=CARTESIAN_POINT('',(0.00425,0.002,0.00275));
#9402=CARTESIAN_POINT('',(0.00425,0.002,-0.00225));
#9403=CARTESIAN_POINT('',(-0.00975,0.007,-0.00275));
#9404=CARTESIAN_POINT('',(-0.00975,0.00246922359359559,-0.00325));
#9405=CARTESIAN_POINT('',(-0.00975,0.00246922359359559,-0.00225));
#9406=CARTESIAN_POINT('',(-0.00975,0.,-0.00275));
#9407=CARTESIAN_POINT('',(-0.00975,0.,-0.00225));
#9408=CARTESIAN_POINT('',(-0.00975,0.007,-0.00225));
#9409=CARTESIAN_POINT('',(-0.00375,0.003,0.02175));
#9410=CARTESIAN_POINT('',(-0.00375,0.003,0.00275));
#9411=CARTESIAN_POINT('',(-0.00375,0.005,0.00275));
#9412=CARTESIAN_POINT('',(-0.00375,0.001,0.00275));
#9413=CARTESIAN_POINT('',(-0.00375,0.005,0.00275));
#9414=CARTESIAN_POINT('',(-0.00375,0.006,0.02175));
#9415=CARTESIAN_POINT('',(-0.00375,0.006,0.00375));
#9416=CARTESIAN_POINT('',(-0.00375,0.007,0.00375));
#9417=CARTESIAN_POINT('',(-0.00375,0.001,0.00375));
#9418=CARTESIAN_POINT('',(-0.00375,0.001,0.02175));
#9419=CARTESIAN_POINT('',(-0.0075,0.007,-0.00225));
#9420=CARTESIAN_POINT('',(-0.00775,0.0035,-0.00225));
#9421=CARTESIAN_POINT('',(-0.00575,0.00453077640640442,-0.00225));
#9422=CARTESIAN_POINT('',(-0.00975,0.00453077640640442,-0.00225));
#9423=CARTESIAN_POINT('',(-0.00575,0.007,-0.00225));
#9424=CARTESIAN_POINT('',(-0.00575,0.007,-0.00225));
#9425=CARTESIAN_POINT('',(-0.0075,0.007,-0.00225));
#9426=CARTESIAN_POINT('',(-0.00975,0.007,-0.00225));
#9427=CARTESIAN_POINT('',(-0.00975,0.007,-0.00225));
#9428=CARTESIAN_POINT('',(-0.0075,0.007,-0.00225));
#9429=CARTESIAN_POINT('',(-0.00775,0.0035,-0.00225));
#9430=CARTESIAN_POINT('',(-0.00575,0.00246922359359559,-0.00225));
#9431=CARTESIAN_POINT('',(-0.0075,0.,-0.00225));
#9432=CARTESIAN_POINT('',(-0.00575,0.,-0.00225));
#9433=CARTESIAN_POINT('',(-0.00575,0.007,-0.00225));
#9434=CARTESIAN_POINT('',(-8.67361737988404E-19,0.007,0.00375));
#9435=CARTESIAN_POINT('',(-8.67361737988404E-19,0.,0.00375));
#9436=CARTESIAN_POINT('',(-0.00425,0.,0.00375));
#9437=CARTESIAN_POINT('',(0.00425,0.,0.00375));
#9438=CARTESIAN_POINT('',(0.00425,0.007,0.00375));
#9439=CARTESIAN_POINT('',(0.00425,0.007,0.00375));
#9440=CARTESIAN_POINT('',(-8.67361737988404E-19,0.007,0.00375));
#9441=CARTESIAN_POINT('',(-0.00425,0.007,0.00375));
#9442=CARTESIAN_POINT('',(-0.00425,0.007,0.00375));
#9443=CARTESIAN_POINT('',(-8.67361737988404E-19,0.006,0.00375));
#9444=CARTESIAN_POINT('',(0.00325,0.006,0.00375));
#9445=CARTESIAN_POINT('',(0.00325,0.007,0.00375));
#9446=CARTESIAN_POINT('',(0.00325,0.001,0.00375));
#9447=CARTESIAN_POINT('',(-8.67361737988404E-19,0.001,0.00375));
#9448=CARTESIAN_POINT('',(0.0095,0.007,-0.0005));
#9449=CARTESIAN_POINT('',(0.0095,0.002,-0.0005));
#9450=CARTESIAN_POINT('',(0.0095,0.002,-0.00025));
#9451=CARTESIAN_POINT('',(0.0095,0.007,-0.00025));
#9452=CARTESIAN_POINT('',(0.0085,0.007,-0.00025));
#9453=CARTESIAN_POINT('',(0.0085,0.002,-0.00025));
#9454=CARTESIAN_POINT('',(0.0075,0.002,-0.00025));
#9455=CARTESIAN_POINT('',(0.0075,0.007,-0.00025));
#9456=CARTESIAN_POINT('',(0.0075,0.007,-0.0005));
#9457=CARTESIAN_POINT('',(0.0075,0.002,-0.0005));
#9458=CARTESIAN_POINT('',(0.0075,0.002,-0.00075));
#9459=CARTESIAN_POINT('',(0.0075,0.007,-0.00075));
#9460=CARTESIAN_POINT('',(0.008,0.007,-0.00075));
#9461=CARTESIAN_POINT('',(0.008,0.002,-0.00075));
#9462=CARTESIAN_POINT('',(0.0085,0.002,-0.00075));
#9463=CARTESIAN_POINT('',(0.0085,0.007,-0.00075));
#9464=CARTESIAN_POINT('',(0.0085,0.007,-0.001));
#9465=CARTESIAN_POINT('',(0.0085,0.002,-0.001));
#9466=CARTESIAN_POINT('',(0.00875,0.002,-0.001));
#9467=CARTESIAN_POINT('',(0.00875,0.007,-0.001));
#9468=CARTESIAN_POINT('',(0.00875,0.007,-0.001625));
#9469=CARTESIAN_POINT('',(0.00875,0.002,-0.001625));
#9470=CARTESIAN_POINT('',(0.00875,0.002,-0.00125));
#9471=CARTESIAN_POINT('',(0.00875,0.007,-0.00125));
#9472=CARTESIAN_POINT('',(0.00875,0.005,-0.00125));
#9473=CARTESIAN_POINT('',(0.00875,0.005,-0.001625));
#9474=CARTESIAN_POINT('',(0.00875,0.005,-0.00225));
#9475=CARTESIAN_POINT('',(0.00875,0.002,-0.00225));
#9476=CARTESIAN_POINT('',(0.00725,0.007,-0.00184759705080055));
#9477=CARTESIAN_POINT('',(0.00725,0.,-0.00184759705080055));
#9478=CARTESIAN_POINT('',(0.00725,0.002,-0.00225));
#9479=CARTESIAN_POINT('',(0.00725,0.00196585105732083,-0.00225));
#9480=CARTESIAN_POINT('',(0.007,0.007,-0.0014451941016011));
#9481=CARTESIAN_POINT('',(0.007,0.005,-0.0014451941016011));
#9482=CARTESIAN_POINT('',(0.00706063390625908,0.005,-0.00120265847656477));
#9483=CARTESIAN_POINT('',(0.007,0.007,-0.0014451941016011));
#9484=CARTESIAN_POINT('',(0.00706063390625908,0.007,-0.00120265847656477));
#9485=CARTESIAN_POINT('',(0.00706063390625908,0.007,-0.00120265847656477));
#9486=CARTESIAN_POINT('',(0.00615531695312954,0.007,-0.000976329238282384));
#9487=CARTESIAN_POINT('',(0.00525,0.007,-0.00075));
#9488=CARTESIAN_POINT('',(0.00525,0.007,-0.00075));
#9489=CARTESIAN_POINT('',(0.00525,0.005,-0.00075));
#9490=CARTESIAN_POINT('',(0.00615531695312954,0.005,-0.000976329238282384));
#9491=CARTESIAN_POINT('',(0.00615531695312954,0.007,-0.000976329238282384));
#9492=CARTESIAN_POINT('',(0.00525,0.007,0.00125));
#9493=CARTESIAN_POINT('',(0.00525,0.005,0.00125));
#9494=CARTESIAN_POINT('',(0.00525,0.005,0.00325));
#9495=CARTESIAN_POINT('',(0.00525,0.007,0.00125));
#9496=CARTESIAN_POINT('',(0.00525,0.007,0.00325));
#9497=CARTESIAN_POINT('',(0.00525,0.007,0.00325));
#9498=CARTESIAN_POINT('',(0.00475,0.007,0.00325));
#9499=CARTESIAN_POINT('',(0.00475,0.005,0.00325));
#9500=CARTESIAN_POINT('',(0.00425,0.005,0.00325));
#9501=CARTESIAN_POINT('',(0.00475,0.007,0.00325));
#9502=CARTESIAN_POINT('',(0.00425,0.007,0.00325));
#9503=CARTESIAN_POINT('',(0.00425,0.007,0.00325));
#9504=CARTESIAN_POINT('',(0.00425,0.007,0.0035));
#9505=CARTESIAN_POINT('',(0.00425,0.,0.0035));
#9506=CARTESIAN_POINT('',(0.00425,0.002,-0.00225));
#9507=CARTESIAN_POINT('',(0.00425,0.0035,0.00275));
#9508=CARTESIAN_POINT('',(0.00425,0.005,-0.00225));
#9509=CARTESIAN_POINT('',(0.00425,0.007,0.0035));
#9510=CARTESIAN_POINT('',(-0.00425,0.007,0.0035));
#9511=CARTESIAN_POINT('',(-0.00425,0.,0.0035));
#9512=CARTESIAN_POINT('',(-0.00425,0.,0.00325));
#9513=CARTESIAN_POINT('',(-0.00425,0.007,0.0035));
#9514=CARTESIAN_POINT('',(-0.00425,0.007,0.00325));
#9515=CARTESIAN_POINT('',(-0.00425,0.007,0.00325));
#9516=CARTESIAN_POINT('',(-0.00475,0.007,0.00325));
#9517=CARTESIAN_POINT('',(-0.00475,0.,0.00325));
#9518=CARTESIAN_POINT('',(-0.00575,0.,0.00325));
#9519=CARTESIAN_POINT('',(-0.00475,0.007,0.00325));
#9520=CARTESIAN_POINT('',(-0.00575,0.007,0.00325));
#9521=CARTESIAN_POINT('',(-0.00575,0.0035,0.00325));
#9522=CARTESIAN_POINT('',(-0.00975,0.007,-0.00275));
#9523=CARTESIAN_POINT('',(-0.00975,0.00453077640640442,-0.00325));
#9524=CARTESIAN_POINT('',(-0.00975,0.007,-0.00275));
#9525=CARTESIAN_POINT('',(0.,0.007,0.00025));
#9526=CARTESIAN_POINT('',(-0.00575,0.007,0.00325));
#9527=CARTESIAN_POINT('',(0.,0.,0.00025));
#9528=CARTESIAN_POINT('',(-0.00575,0.,0.00325));
#9529=CARTESIAN_POINT('',(-0.00775,0.0035,-0.02725));
#9530=CARTESIAN_POINT('',(-0.00775,0.0035,-0.00025));
#9531=CARTESIAN_POINT('',(-0.00961561404114884,0.00331262537666941,-0.00025));
#9532=CARTESIAN_POINT('',(-0.0096155527910863,0.00331201578474985,-0.00025));
#9533=CARTESIAN_POINT('',(-0.00961555271563598,0.00331201578474985,-0.02525));
#9534=CARTESIAN_POINT('',(-0.00961561404114884,0.00331262537666941,-0.02525));
#9535=CARTESIAN_POINT('',(-0.00025,0.006,0.02175));
#9536=CARTESIAN_POINT('',(0.00375,0.006,0.00275));
#9537=CARTESIAN_POINT('',(0.00325,0.006,0.00275));
#9538=CARTESIAN_POINT('',(0.00325,0.006,0.02175));
#9539=CARTESIAN_POINT('',(0.00325,0.0035,0.02175));
#9540=CARTESIAN_POINT('',(0.00325,0.0035,0.00275));
#9541=CARTESIAN_POINT('',(0.00325,0.001,0.00275));
#9542=CARTESIAN_POINT('',(0.00325,0.001,0.02175));
#9543=CARTESIAN_POINT('',(-0.00025,0.001,0.02175));
#9544=CARTESIAN_POINT('',(0.00375,0.001,0.00275));
#9545=CARTESIAN_POINT('',(-0.00525,0.001,0.00275));
#9546=CARTESIAN_POINT('',(-0.00525,0.001,0.00275));
#9547=CARTESIAN_POINT('',(-0.0045,0.001,0.00275));
#9548=CARTESIAN_POINT('',(-0.00575,0.0035,0.00325));
#9549=CARTESIAN_POINT('',(-0.00575,0.00453077640640442,-0.00025));
#9550=CARTESIAN_POINT('',(-0.00575,0.00453077640640442,-0.00025));
#9551=CARTESIAN_POINT('',(-0.00575,0.0035,-0.00025));
#9552=CARTESIAN_POINT('',(-0.00575,0.00246922359359559,-0.00025));
#9553=CARTESIAN_POINT('',(-0.00575,0.00246922359359559,-0.00025));
#9554=CARTESIAN_POINT('',(-0.00775,0.0035,-0.00025));
#9555=CARTESIAN_POINT('',(-0.00775,0.0035,-0.00025));
#9556=CARTESIAN_POINT('',(-0.007625,0.0035,-0.00025));
#9557=CARTESIAN_POINT('',(-0.00961558340329095,0.00368767942179519,-0.00025));
#9558=CARTESIAN_POINT('',(-0.00957392249455944,0.00393466278175162,-0.00025));
#9559=CARTESIAN_POINT('',(-0.00949971364570301,0.00417388957407034,-0.00025));
#9560=CARTESIAN_POINT('',(-0.00939428111538751,0.00440109079097503,-0.00025));
#9561=CARTESIAN_POINT('',(-0.00925950634961418,0.00461221202136754,-0.00025));
#9562=CARTESIAN_POINT('',(-0.00909779440727112,0.00480348580188996,-0.00025));
#9563=CARTESIAN_POINT('',(-0.00891203104180046,0.00497149884739749,-0.00025));
#9564=CARTESIAN_POINT('',(-0.00870553120485985,0.00511325296111276,-0.00025));
#9565=CARTESIAN_POINT('',(-0.00848197989093156,0.00522621853751831,-0.00025));
#9566=CARTESIAN_POINT('',(-0.00824536637850867,0.00530837970322696,-0.00025));
#9567=CARTESIAN_POINT('',(-0.00799991304132584,0.00535827029029021,-0.00025));
#9568=CARTESIAN_POINT('',(-0.00775,0.005375,-0.00025));
#9569=CARTESIAN_POINT('',(-0.00750008695867417,0.00535827029029021,-0.00025));
#9570=CARTESIAN_POINT('',(-0.00725463362149134,0.00530837970322696,-0.00025));
#9571=CARTESIAN_POINT('',(-0.00701802010906845,0.00522621853751831,-0.00025));
#9572=CARTESIAN_POINT('',(-0.00679446879514015,0.00511325296111276,-0.00025));
#9573=CARTESIAN_POINT('',(-0.00658796895819954,0.00497149884739749,-0.00025));
#9574=CARTESIAN_POINT('',(-0.00640220559272888,0.00480348580188995,-0.00025));
#9575=CARTESIAN_POINT('',(-0.00624049365038582,0.00461221202136754,-0.00025));
#9576=CARTESIAN_POINT('',(-0.0061057188846125,0.00440109079097504,-0.00025));
#9577=CARTESIAN_POINT('',(-0.006000286354297,0.00417388957407034,-0.00025));
#9578=CARTESIAN_POINT('',(-0.00592607750544056,0.00393466278175162,-0.00025));
#9579=CARTESIAN_POINT('',(-0.00588441659670906,0.00368767942179519,-0.00025));
#9580=CARTESIAN_POINT('',(-0.00587604706800578,0.00343734691811061,-0.00025));
#9581=CARTESIAN_POINT('',(-0.0059011182737687,0.00318813246015663,-0.00025));
#9582=CARTESIAN_POINT('',(-0.00595918281773704,0.00294448328583943,-0.00025));
#9583=CARTESIAN_POINT('',(-0.00604920453674811,0.00271074732044688,-0.00025));
#9584=CARTESIAN_POINT('',(-0.00616957699109351,0.00249109558781867,-0.00025));
#9585=CARTESIAN_POINT('',(-0.00631815213147375,0.00228944777832725,-0.00025));
#9586=CARTESIAN_POINT('',(-0.00649227863098896,0.00210940230191007,-0.00025));
#9587=CARTESIAN_POINT('',(-0.00668884919813014,0.00195417207435919,-0.00025));
#9588=CARTESIAN_POINT('',(-0.00690435602646981,0.00182652718276272,-0.00025));
#9589=CARTESIAN_POINT('',(-0.00713495339155081,0.00172874545323515,-0.00025));
#9590=CARTESIAN_POINT('',(-0.00737652627793031,0.0016625718030564,-0.00025));
#9591=CARTESIAN_POINT('',(-0.0076247638117279,0.00162918710258159,-0.00025));
#9592=CARTESIAN_POINT('',(-0.00787523618827211,0.00162918710258158,-0.00025));
#9593=CARTESIAN_POINT('',(-0.0081234737220697,0.0016625718030564,-0.00025));
#9594=CARTESIAN_POINT('',(-0.0083650466084492,0.00172874545323515,-0.00025));
#9595=CARTESIAN_POINT('',(-0.00859564397353019,0.00182652718276272,-0.00025));
#9596=CARTESIAN_POINT('',(-0.00881115080186987,0.0019541720743592,-0.00025));
#9597=CARTESIAN_POINT('',(-0.00900772136901104,0.00210940230191008,-0.00025));
#9598=CARTESIAN_POINT('',(-0.00918184786852624,0.00228944777832724,-0.00025));
#9599=CARTESIAN_POINT('',(-0.00933042300890649,0.00249109558781868,-0.00025));
#9600=CARTESIAN_POINT('',(-0.00945079546325189,0.00271074732044687,-0.00025));
#9601=CARTESIAN_POINT('',(-0.00954081718226296,0.00294448328583944,-0.00025));
#9602=CARTESIAN_POINT('',(-0.00959888172623131,0.00318813246015663,-0.00025));
#9603=CARTESIAN_POINT('',(-0.00962395293199423,0.00343734691811061,-0.00025));
#9604=CARTESIAN_POINT('',(0.,0.0035,0.00275));
#9605=CARTESIAN_POINT('',(-0.0045,0.005,0.00275));
#9606=CARTESIAN_POINT('',(-0.0045,0.005,0.00275));
#9607=CARTESIAN_POINT('',(-0.00525,0.005,0.00275));
#9608=CARTESIAN_POINT('',(-0.00525,0.005,0.00275));
#9609=CARTESIAN_POINT('',(-0.00525,0.003,0.00275));
#9610=CARTESIAN_POINT('',(-0.00525,0.003,0.00275));
#9611=CARTESIAN_POINT('',(0.,0.0035,0.00275));
#9612=CARTESIAN_POINT('',(0.00475,0.002,-0.00225));
#9613=CARTESIAN_POINT('',(0.00525,0.002,-0.00225));
#9614=CARTESIAN_POINT('',(0.00625,0.00198292552866041,-0.00225));
#9615=CARTESIAN_POINT('',(0.00475,0.005,-0.00225));
#9616=CARTESIAN_POINT('',(0.0085,0.002,-0.00125));
#9617=CARTESIAN_POINT('',(0.0085,0.002,-0.00125));
#9618=CARTESIAN_POINT('',(0.0085,0.005,-0.00125));
#9619=CARTESIAN_POINT('',(0.0085,0.005,-0.00125));
#9620=CARTESIAN_POINT('',(0.0085,0.0035,-0.00125));
#9621=CARTESIAN_POINT('',(0.008,0.005,-0.00225));
#9622=CARTESIAN_POINT('',(0.009,0.005,-0.00425));
#9623=CARTESIAN_POINT('',(0.009,0.005,-0.00427187216588148));
#9624=CARTESIAN_POINT('',(0.00783204891495349,0.005,-0.00416968968638711));
#9625=CARTESIAN_POINT('',(0.00955205098312484,0.005,-0.00432017036859325));
#9626=CARTESIAN_POINT('',(0.00955205098312484,0.005,-0.00525));
#9627=CARTESIAN_POINT('',(0.00955205098312484,0.005,-0.00503509108678311));
#9628=CARTESIAN_POINT('',(0.00880024047358084,0.005,-0.00523653810567666));
#9629=CARTESIAN_POINT('',(0.00875,0.005,-0.00525));
#9630=CARTESIAN_POINT('',(0.00875,0.005,-0.00525));
#9631=CARTESIAN_POINT('',(0.00875,0.005,-0.00425));
#9632=CARTESIAN_POINT('',(0.007875,0.005,-0.00425));
#9633=CARTESIAN_POINT('',(0.00675,0.005,-0.00425));
#9634=CARTESIAN_POINT('',(0.00675,0.005,-0.00425));
#9635=CARTESIAN_POINT('',(0.008,0.002,-0.00225));
#9636=CARTESIAN_POINT('',(0.00675,0.002,-0.00425));
#9637=CARTESIAN_POINT('',(0.00675,0.002,-0.00425));
#9638=CARTESIAN_POINT('',(0.007875,0.002,-0.00425));
#9639=CARTESIAN_POINT('',(0.00875,0.002,-0.00425));
#9640=CARTESIAN_POINT('',(0.00875,0.002,-0.00525));
#9641=CARTESIAN_POINT('',(0.00875,0.002,-0.00525));
#9642=CARTESIAN_POINT('',(0.00880024047358084,0.002,-0.00523653810567666));
#9643=CARTESIAN_POINT('',(0.00955205098312484,0.002,-0.00503509108678311));
#9644=CARTESIAN_POINT('',(0.00955205098312484,0.002,-0.00525));
#9645=CARTESIAN_POINT('',(0.00955205098312484,0.002,-0.00432017036859325));
#9646=CARTESIAN_POINT('',(0.00783204891495349,0.002,-0.00416968968638711));
#9647=CARTESIAN_POINT('',(0.009,0.002,-0.00427187216588148));
#9648=CARTESIAN_POINT('',(0.009,0.002,-0.00425));
#9649=CARTESIAN_POINT('',(0.007875,0.0035,-0.00425));
#9650=CARTESIAN_POINT('',(0.007875,0.0035,-0.00425));
#9651=CARTESIAN_POINT('',(0.007875,0.0035,-0.00425));
#9652=CARTESIAN_POINT('',(0.007875,0.0035,-0.00417344741941482));
#9653=CARTESIAN_POINT('',(0.000311636508256196,0.0035,-0.00425));
#9654=CARTESIAN_POINT('',(0.007875,0.0035,-0.00425));
#9655=CARTESIAN_POINT('',(0.00875,0.00301587708172407,-0.00425));
#9656=CARTESIAN_POINT('',(0.00875,0.00398412291827593,-0.00425));
#9657=CARTESIAN_POINT('',(0.00875,0.00250793854086203,-0.00425));
#9658=CARTESIAN_POINT('',(0.00875,0.00449206145913796,-0.00425));
#9659=CARTESIAN_POINT('',(0.00875,0.00449206145913796,-0.00425));
#9660=CARTESIAN_POINT('',(0.007875,0.0035,-0.00417344741941482));
#9661=CARTESIAN_POINT('',(0.00875,0.00250793854086203,-0.00525));
#9662=CARTESIAN_POINT('',(0.00875,0.00301587708172407,-0.00525));
#9663=CARTESIAN_POINT('',(0.00875,0.00301587708172407,-0.00525));
#9664=CARTESIAN_POINT('',(0.00875,0.00250793854086203,-0.00525));
#9665=CARTESIAN_POINT('',(0.007875,0.0035,-0.00525));
#9666=CARTESIAN_POINT('',(0.00875,0.00398412291827593,-0.00525));
#9667=CARTESIAN_POINT('',(0.00875,0.00398412291827593,-0.00525));
#9668=CARTESIAN_POINT('',(0.007875,0.0035,-0.00548445554337723));
#9669=CARTESIAN_POINT('',(0.007875,0.0035,-0.00325));
#9670=CARTESIAN_POINT('',(0.006875,0.0035,-0.00325));
#9671=CARTESIAN_POINT('',(0.00875,0.00449206145913796,-0.00525));
#9672=CARTESIAN_POINT('',(0.00875,0.00449206145913796,-0.00525));
#9673=CARTESIAN_POINT('',(0.007875,0.0035,-0.00525));
#9674=CARTESIAN_POINT('',(0.007875,0.0035,-0.00548445554337723));
#9675=CARTESIAN_POINT('',(0.00875,0.00449206145913796,-0.00525));
#9676=CARTESIAN_POINT('',(0.007875,0.0035,-0.00325));
#9677=CARTESIAN_POINT('',(-0.00962395293199423,0.00343734691811061,-0.02525));
#9678=CARTESIAN_POINT('',(-0.00959888172623131,0.00318813246015663,-0.02525));
#9679=CARTESIAN_POINT('',(-0.00954081718226296,0.00294448328583944,-0.02525));
#9680=CARTESIAN_POINT('',(-0.00945079546325189,0.00271074732044687,-0.02525));
#9681=CARTESIAN_POINT('',(-0.00933042300890649,0.00249109558781868,-0.02525));
#9682=CARTESIAN_POINT('',(-0.00918184786852624,0.00228944777832724,-0.02525));
#9683=CARTESIAN_POINT('',(-0.00900772136901104,0.00210940230191008,-0.02525));
#9684=CARTESIAN_POINT('',(-0.00881115080186987,0.0019541720743592,-0.02525));
#9685=CARTESIAN_POINT('',(-0.00859564397353019,0.00182652718276272,-0.02525));
#9686=CARTESIAN_POINT('',(-0.0083650466084492,0.00172874545323515,-0.02525));
#9687=CARTESIAN_POINT('',(-0.0081234737220697,0.0016625718030564,-0.02525));
#9688=CARTESIAN_POINT('',(-0.00787523618827211,0.00162918710258158,-0.02525));
#9689=CARTESIAN_POINT('',(-0.0076247638117279,0.00162918710258159,-0.02525));
#9690=CARTESIAN_POINT('',(-0.00737652627793031,0.0016625718030564,-0.02525));
#9691=CARTESIAN_POINT('',(-0.00713495339155081,0.00172874545323515,-0.02525));
#9692=CARTESIAN_POINT('',(-0.00690435602646981,0.00182652718276272,-0.02525));
#9693=CARTESIAN_POINT('',(-0.00668884919813014,0.00195417207435919,-0.02525));
#9694=CARTESIAN_POINT('',(-0.00649227863098896,0.00210940230191007,-0.02525));
#9695=CARTESIAN_POINT('',(-0.00631815213147375,0.00228944777832725,-0.02525));
#9696=CARTESIAN_POINT('',(-0.00616957699109351,0.00249109558781867,-0.02525));
#9697=CARTESIAN_POINT('',(-0.00604920453674811,0.00271074732044688,-0.02525));
#9698=CARTESIAN_POINT('',(-0.00595918281773704,0.00294448328583943,-0.02525));
#9699=CARTESIAN_POINT('',(-0.0059011182737687,0.00318813246015663,-0.02525));
#9700=CARTESIAN_POINT('',(-0.00587604706800578,0.00343734691811061,-0.02525));
#9701=CARTESIAN_POINT('',(-0.00588441659670906,0.00368767942179519,-0.02525));
#9702=CARTESIAN_POINT('',(-0.00592607750544056,0.00393466278175162,-0.02525));
#9703=CARTESIAN_POINT('',(-0.006000286354297,0.00417388957407034,-0.02525));
#9704=CARTESIAN_POINT('',(-0.0061057188846125,0.00440109079097504,-0.02525));
#9705=CARTESIAN_POINT('',(-0.00624049365038582,0.00461221202136754,-0.02525));
#9706=CARTESIAN_POINT('',(-0.00640220559272888,0.00480348580188995,-0.02525));
#9707=CARTESIAN_POINT('',(-0.00658796895819954,0.00497149884739749,-0.02525));
#9708=CARTESIAN_POINT('',(-0.00679446879514015,0.00511325296111276,-0.02525));
#9709=CARTESIAN_POINT('',(-0.00701802010906845,0.00522621853751831,-0.02525));
#9710=CARTESIAN_POINT('',(-0.00725463362149134,0.00530837970322696,-0.02525));
#9711=CARTESIAN_POINT('',(-0.00750008695867417,0.00535827029029021,-0.02525));
#9712=CARTESIAN_POINT('',(-0.00775,0.005375,-0.02525));
#9713=CARTESIAN_POINT('',(-0.00799991304132584,0.00535827029029021,-0.02525));
#9714=CARTESIAN_POINT('',(-0.00824536637850867,0.00530837970322696,-0.02525));
#9715=CARTESIAN_POINT('',(-0.00848197989093156,0.00522621853751831,-0.02525));
#9716=CARTESIAN_POINT('',(-0.00870553120485985,0.00511325296111276,-0.02525));
#9717=CARTESIAN_POINT('',(-0.00891203104180046,0.00497149884739749,-0.02525));
#9718=CARTESIAN_POINT('',(-0.00909779440727112,0.00480348580188996,-0.02525));
#9719=CARTESIAN_POINT('',(-0.00925950634961418,0.00461221202136754,-0.02525));
#9720=CARTESIAN_POINT('',(-0.00939428111538751,0.00440109079097503,-0.02525));
#9721=CARTESIAN_POINT('',(-0.00949971364570301,0.00417388957407034,-0.02525));
#9722=CARTESIAN_POINT('',(-0.00957392249455944,0.00393466278175162,-0.02525));
#9723=CARTESIAN_POINT('',(-0.00961558340329095,0.00368767942179519,-0.02525));
#9724=CARTESIAN_POINT('',(1.56079292632644E-9,-0.114300001361959,-8.9498758664569E-11));
#9725=CARTESIAN_POINT('',(-0.007625,0.0035,-0.00025));
#9726=CARTESIAN_POINT('',(-0.00847217190768292,0.00319614142213205,-0.00025));
#9727=CARTESIAN_POINT('',(-0.00839767902182528,0.00290810435857866,-0.00025));
#9728=CARTESIAN_POINT('',(-0.00790069165792996,0.0024583527544837,-0.000249999999999998));
#9729=CARTESIAN_POINT('',(-0.00726689654176032,0.0026118237215833,-0.00025));
#9730=CARTESIAN_POINT('',(-0.00703647450843759,0.00279937073077796,-0.00025));
#9731=CARTESIAN_POINT('',(-0.00847217190768292,0.00319614142213206,-0.00025));
#9732=CARTESIAN_POINT('',(-0.00703647450843759,0.00279937073077796,-0.00025));
#9733=CARTESIAN_POINT('',(-0.00804381011875,0.00422631805272239,-0.00025));
#9734=CARTESIAN_POINT('',(-0.0082264957669429,0.00413391596432335,-0.00025));
#9735=CARTESIAN_POINT('',(-0.00852640612473743,0.00382278310840933,-0.000250000000000784));
#9736=CARTESIAN_POINT('',(-0.00853429110079506,0.00339105148938131,-0.000249999999998433));
#9737=CARTESIAN_POINT('',(-0.00847217190768116,0.00319614142213202,-0.000249999999998433));
#9738=CARTESIAN_POINT('',(-0.00804381011875,0.00422631805272239,-0.00025));
#9739=CARTESIAN_POINT('',(-0.00675,0.0035,-0.00025));
#9740=CARTESIAN_POINT('',(-0.00677940952110946,0.00379409521237971,-0.00025));
#9741=CARTESIAN_POINT('',(-0.00712775718084239,0.00434376959430204,-0.000250000000000002));
#9742=CARTESIAN_POINT('',(-0.00778689887613273,0.00437347688042993,-0.00025));
#9743=CARTESIAN_POINT('',(-0.00804381011875,0.00422631805272239,-0.00025));
#9744=CARTESIAN_POINT('',(-0.00675,0.0035,-0.00025));
#9745=CARTESIAN_POINT('',(-0.00775,0.0035,-0.00025));
#9746=CARTESIAN_POINT('',(-0.00959888172623131,0.00381186753984337,-0.00025));
#9747=CARTESIAN_POINT('',(-0.00959883074914799,0.00381216960294825,-0.00025));
#9748=CARTESIAN_POINT('',(-0.00959893265396336,0.00381156546841396,-0.00025));
#9749=CARTESIAN_POINT('',(-0.00961558340329095,0.00368767942179519,-0.00025));
#9750=CARTESIAN_POINT('',(-0.00962394267082613,0.00356295924441287,-0.00025));
#9751=CARTESIAN_POINT('',(-0.00962395293199423,0.00356265308188939,-0.00025));
#9752=CARTESIAN_POINT('',(-0.00962396314314186,0.00356234691769354,-0.00025));
#9753=CARTESIAN_POINT('',(-0.00962395293199423,0.00343734691811061,-0.00025));
#9754=CARTESIAN_POINT('',(-0.00961561404114884,0.00331262537666941,-0.00025));
#9755=CARTESIAN_POINT('',(-0.00961558340329095,0.00331232057820481,-0.00025));
#9756=CARTESIAN_POINT('',(-0.0096155527910863,0.00331201578474985,-0.00025));
#9757=CARTESIAN_POINT('',(-0.00959888172623131,0.00318813246015663,-0.00025));
#9758=CARTESIAN_POINT('',(-0.00957399348471004,0.00306563521351827,-0.00025));
#9759=CARTESIAN_POINT('',(-0.00957392249455945,0.00306533721824839,-0.00025));
#9760=CARTESIAN_POINT('',(-0.00957385145572382,0.00306503923458073,-0.00025));
#9761=CARTESIAN_POINT('',(-0.00954081718226296,0.00294448328583944,-0.00025));
#9762=CARTESIAN_POINT('',(-0.00949982372132538,0.00282639630027219,-0.00025));
#9763=CARTESIAN_POINT('',(-0.009499713645703,0.00282611042592966,-0.00025));
#9764=CARTESIAN_POINT('',(-0.00949960352337641,0.00282582456957492,-0.00025));
#9765=CARTESIAN_POINT('',(-0.00945079546325189,0.00271074732044687,-0.00025));
#9766=CARTESIAN_POINT('',(-0.00939442831217957,0.00259917786100571,-0.00025));
#9767=CARTESIAN_POINT('',(-0.00939428111538751,0.00259890920902496,-0.00025));
#9768=CARTESIAN_POINT('',(-0.00939413387470549,0.00259864058109658,-0.00025));
#9769=CARTESIAN_POINT('',(-0.00933042300890649,0.00249109558781868,-0.00025));
#9770=CARTESIAN_POINT('',(-0.0092596880408457,0.00238803461415048,-0.00025));
#9771=CARTESIAN_POINT('',(-0.00925950634961418,0.00238778797863246,-0.00025));
#9772=CARTESIAN_POINT('',(-0.00925932461809018,0.00238754137280214,-0.00025));
#9773=CARTESIAN_POINT('',(-0.00918184786852624,0.00228944777832724,-0.00025));
#9774=CARTESIAN_POINT('',(-0.00909800735065775,0.00219673441594866,-0.00025));
#9775=CARTESIAN_POINT('',(-0.00909779440727112,0.00219651419811005,-0.00025));
#9776=CARTESIAN_POINT('',(-0.0090975814279085,0.00219629401506471,-0.00025));
#9777=CARTESIAN_POINT('',(-0.00900772136901104,0.00210940230191008,-0.00025));
#9778=CARTESIAN_POINT('',(-0.00891227143736243,0.00202869102296918,-0.00025));
#9779=CARTESIAN_POINT('',(-0.00891203104180046,0.00202850115260252,-0.00025));
#9780=CARTESIAN_POINT('',(-0.00891179061522099,0.00202831132151381,-0.00025));
#9781=CARTESIAN_POINT('',(-0.00881115080186987,0.0019541720743592,-0.00025));
#9782=CARTESIAN_POINT('',(-0.00870579476273267,0.00188690317354078,-0.00025));
#9783=CARTESIAN_POINT('',(-0.00870553120485985,0.00188674703888724,-0.00025));
#9784=CARTESIAN_POINT('',(-0.00870526762148153,0.00188659094729544,-0.00025));
#9785=CARTESIAN_POINT('',(-0.00859564397353019,0.00182652718276272,-0.00025));
#9786=CARTESIAN_POINT('',(-0.00848226190791872,0.00177390107519551,-0.00025));
#9787=CARTESIAN_POINT('',(-0.00848197989093155,0.00177378146248169,-0.00025));
#9788=CARTESIAN_POINT('',(-0.00848169785440602,0.00177366189584496,-0.00025));
#9789=CARTESIAN_POINT('',(-0.0083650466084492,0.00172874545323515,-0.00025));
#9790=CARTESIAN_POINT('',(-0.00824566182201037,0.00169170125305542,-0.00025));
#9791=CARTESIAN_POINT('',(-0.00824536637850866,0.00169162029677304,-0.00025));
#9792=CARTESIAN_POINT('',(-0.0082450709217844,0.00169153938876083,-0.00025));
#9793=CARTESIAN_POINT('',(-0.0081234737220697,0.0016625718030564,-0.00025));
#9794=CARTESIAN_POINT('',(-0.0080002166391458,0.00164177056489394,-0.00025));
#9795=CARTESIAN_POINT('',(-0.00799991304132584,0.00164172970970979,-0.00025));
#9796=CARTESIAN_POINT('',(-0.00799960943683508,0.00164168890412749,-0.00025));
#9797=CARTESIAN_POINT('',(-0.00787523618827211,0.00162918710258158,-0.00025));
#9798=CARTESIAN_POINT('',(-0.00775030633442793,0.00162500002502421,-0.00025));
#9799=CARTESIAN_POINT('',(-0.00775,0.001625,-0.00025));
#9800=CARTESIAN_POINT('',(-0.00774969366557208,0.00162500002502421,-0.00025));
#9801=CARTESIAN_POINT('',(-0.0076247638117279,0.00162918710258159,-0.00025));
#9802=CARTESIAN_POINT('',(-0.00750039056316493,0.00164168890412749,-0.00025));
#9803=CARTESIAN_POINT('',(-0.00750008695867417,0.00164172970970979,-0.00025));
#9804=CARTESIAN_POINT('',(-0.00749978336085421,0.00164177056489394,-0.00025));
#9805=CARTESIAN_POINT('',(-0.00737652627793031,0.0016625718030564,-0.00025));
#9806=CARTESIAN_POINT('',(-0.00725492907821561,0.00169153938876083,-0.00025));
#9807=CARTESIAN_POINT('',(-0.00725463362149134,0.00169162029677304,-0.00025));
#9808=CARTESIAN_POINT('',(-0.00725433817798963,0.00169170125305542,-0.00025));
#9809=CARTESIAN_POINT('',(-0.00713495339155081,0.00172874545323515,-0.00025));
#9810=CARTESIAN_POINT('',(-0.00701830214559398,0.00177366189584496,-0.00025));
#9811=CARTESIAN_POINT('',(-0.00701802010906845,0.00177378146248169,-0.00025));
#9812=CARTESIAN_POINT('',(-0.00701773809208128,0.00177390107519551,-0.00025));
#9813=CARTESIAN_POINT('',(-0.00690435602646981,0.00182652718276272,-0.00025));
#9814=CARTESIAN_POINT('',(-0.00679473237851847,0.00188659094729544,-0.00025));
#9815=CARTESIAN_POINT('',(-0.00679446879514016,0.00188674703888724,-0.00025));
#9816=CARTESIAN_POINT('',(-0.00679420523726735,0.00188690317354078,-0.00025));
#9817=CARTESIAN_POINT('',(-0.00668884919813014,0.00195417207435919,-0.00025));
#9818=CARTESIAN_POINT('',(-0.00658820938477902,0.00202831132151381,-0.00025));
#9819=CARTESIAN_POINT('',(-0.00658796895819954,0.00202850115260251,-0.00025));
#9820=CARTESIAN_POINT('',(-0.00658772856263757,0.00202869102296918,-0.00025));
#9821=CARTESIAN_POINT('',(-0.00649227863098896,0.00210940230191007,-0.00025));
#9822=CARTESIAN_POINT('',(-0.00640241857209151,0.00219629401506471,-0.00025));
#9823=CARTESIAN_POINT('',(-0.00640220559272888,0.00219651419811005,-0.00025));
#9824=CARTESIAN_POINT('',(-0.00640199264934225,0.00219673441594867,-0.00025));
#9825=CARTESIAN_POINT('',(-0.00631815213147375,0.00228944777832725,-0.00025));
#9826=CARTESIAN_POINT('',(-0.00624067538190982,0.00238754137280216,-0.00025));
#9827=CARTESIAN_POINT('',(-0.00624049365038582,0.00238778797863246,-0.00025));
#9828=CARTESIAN_POINT('',(-0.00624031195915431,0.00238803461415048,-0.00025));
#9829=CARTESIAN_POINT('',(-0.00616957699109351,0.00249109558781867,-0.00025));
#9830=CARTESIAN_POINT('',(-0.00610586612529452,0.00259864058109657,-0.00025));
#9831=CARTESIAN_POINT('',(-0.00610571888461249,0.00259890920902497,-0.00025));
#9832=CARTESIAN_POINT('',(-0.00610557168782043,0.00259917786100572,-0.00025));
#9833=CARTESIAN_POINT('',(-0.00604920453674811,0.00271074732044688,-0.00025));
#9834=CARTESIAN_POINT('',(-0.00600039647662359,0.00282582456957493,-0.00025));
#9835=CARTESIAN_POINT('',(-0.006000286354297,0.00282611042592966,-0.00025));
#9836=CARTESIAN_POINT('',(-0.00600017627867462,0.00282639630027219,-0.00025));
#9837=CARTESIAN_POINT('',(-0.00595918281773704,0.00294448328583943,-0.00025));
#9838=CARTESIAN_POINT('',(-0.00592614854427619,0.00306503923458073,-0.00025));
#9839=CARTESIAN_POINT('',(-0.00592607750544056,0.00306533721824839,-0.00025));
#9840=CARTESIAN_POINT('',(-0.00592600651528996,0.00306563521351827,-0.00025));
#9841=CARTESIAN_POINT('',(-0.0059011182737687,0.00318813246015663,-0.00025));
#9842=CARTESIAN_POINT('',(-0.00588444728436402,0.00331201578474985,-0.00025));
#9843=CARTESIAN_POINT('',(-0.00588441659670906,0.00331232057820481,-0.00025));
#9844=CARTESIAN_POINT('',(-0.00588438595885116,0.00331262537666941,-0.00025));
#9845=CARTESIAN_POINT('',(-0.00587604706800578,0.00343734691811061,-0.00025));
#9846=CARTESIAN_POINT('',(-0.00587603685685814,0.00356234691769354,-0.00025));
#9847=CARTESIAN_POINT('',(-0.00587604706800577,0.00356265308188939,-0.00025));
#9848=CARTESIAN_POINT('',(-0.00587605732917387,0.00356295924441288,-0.00025));
#9849=CARTESIAN_POINT('',(-0.00588441659670906,0.00368767942179519,-0.00025));
#9850=CARTESIAN_POINT('',(-0.00590106734603664,0.00381156546841396,-0.00025));
#9851=CARTESIAN_POINT('',(-0.0059011182737687,0.00381186753984337,-0.00025));
#9852=CARTESIAN_POINT('',(-0.00590116925085201,0.00381216960294825,-0.00025));
#9853=CARTESIAN_POINT('',(-0.00592607750544056,0.00393466278175162,-0.00025));
#9854=CARTESIAN_POINT('',(-0.00595909208222715,0.00405522412596942,-0.00025));
#9855=CARTESIAN_POINT('',(-0.00595918281773704,0.00405551671416057,-0.00025));
#9856=CARTESIAN_POINT('',(-0.0059592736010483,0.00405580928752359,-0.00025));
#9857=CARTESIAN_POINT('',(-0.006000286354297,0.00417388957407034,-0.00025));
#9858=CARTESIAN_POINT('',(-0.0060490756126377,0.00428897479584344,-0.00025));
#9859=CARTESIAN_POINT('',(-0.00604920453674811,0.00428925267955313,-0.00025));
#9860=CARTESIAN_POINT('',(-0.00604933350625699,0.0042895305421957,-0.00025));
#9861=CARTESIAN_POINT('',(-0.0061057188846125,0.00440109079097504,-0.00025));
#9862=CARTESIAN_POINT('',(-0.00616941217903639,0.00450864619179448,-0.00025));
#9863=CARTESIAN_POINT('',(-0.00616957699109351,0.00450890441218132,-0.00025));
#9864=CARTESIAN_POINT('',(-0.00616974184533605,0.004509162605638,-0.00025));
#9865=CARTESIAN_POINT('',(-0.00624049365038582,0.00461221202136754,-0.00025));
#9866=CARTESIAN_POINT('',(-0.00631795437254499,0.00471031827255767,-0.00025));
#9867=CARTESIAN_POINT('',(-0.00631815213147375,0.00471055222167275,-0.00025));
#9868=CARTESIAN_POINT('',(-0.0063183499286221,0.00471078613847519,-0.00025));
#9869=CARTESIAN_POINT('',(-0.00640220559272888,0.00480348580188995,-0.00025));
#9870=CARTESIAN_POINT('',(-0.00649205145420131,0.0048903921950741,-0.00025));
#9871=CARTESIAN_POINT('',(-0.00649227863098896,0.00489059769808992,-0.00025));
#9872=CARTESIAN_POINT('',(-0.00649250584134832,0.00489080316398723,-0.00025));
#9873=CARTESIAN_POINT('',(-0.00658796895819954,0.00497149884739749,-0.00025));
#9874=CARTESIAN_POINT('',(-0.00668859665745877,0.00504565453593043,-0.00025));
#9875=CARTESIAN_POINT('',(-0.00668884919813013,0.0050458279256408,-0.00025));
#9876=CARTESIAN_POINT('',(-0.00668910176712625,0.00504600127408918,-0.00025));
#9877=CARTESIAN_POINT('',(-0.00679446879514015,0.00511325296111276,-0.00025));
#9878=CARTESIAN_POINT('',(-0.00690408262850899,0.00517333463497584,-0.00025));
#9879=CARTESIAN_POINT('',(-0.00690435602646981,0.00517347281723728,-0.00025));
#9880=CARTESIAN_POINT('',(-0.00690462944700297,0.00517361095482956,-0.00025));
#9881=CARTESIAN_POINT('',(-0.00701802010906845,0.00522621853751831,-0.00025));
#9882=CARTESIAN_POINT('',(-0.00713466401509362,0.00527115403781808,-0.00025));
#9883=CARTESIAN_POINT('',(-0.00713495339155081,0.00527125454676485,-0.00025));
#9884=CARTESIAN_POINT('',(-0.00713524278442513,0.00527135500843242,-0.00025));
#9885=CARTESIAN_POINT('',(-0.00725463362149134,0.00530837970322696,-0.00025));
#9886=CARTESIAN_POINT('',(-0.00737622608690648,0.00533736715489604,-0.00025));
#9887=CARTESIAN_POINT('',(-0.00737652627793031,0.0053374281969436,-0.00025));
#9888=CARTESIAN_POINT('',(-0.00737682647892308,0.00533748918994563,-0.00025));
#9889=CARTESIAN_POINT('',(-0.00750008695867417,0.00535827029029021,-0.00025));
#9890=CARTESIAN_POINT('',(-0.00762445816305337,0.00537079241156684,-0.00025));
#9891=CARTESIAN_POINT('',(-0.0076247638117279,0.00537081289741841,-0.00025));
#9892=CARTESIAN_POINT('',(-0.00762506946374529,0.00537083333333333,-0.00025));
#9893=CARTESIAN_POINT('',(-0.00775,0.005375,-0.00025));
#9894=CARTESIAN_POINT('',(-0.00787493053625471,0.00537083333333333,-0.00025));
#9895=CARTESIAN_POINT('',(-0.00787523618827211,0.00537081289741841,-0.00025));
#9896=CARTESIAN_POINT('',(-0.00787554183694664,0.00537079241156684,-0.00025));
#9897=CARTESIAN_POINT('',(-0.00799991304132584,0.00535827029029021,-0.00025));
#9898=CARTESIAN_POINT('',(-0.00812317352107693,0.00533748918994563,-0.00025));
#9899=CARTESIAN_POINT('',(-0.0081234737220697,0.0053374281969436,-0.00025));
#9900=CARTESIAN_POINT('',(-0.00812377391309352,0.00533736715489604,-0.00025));
#9901=CARTESIAN_POINT('',(-0.00824536637850867,0.00530837970322696,-0.00025));
#9902=CARTESIAN_POINT('',(-0.00836475721557488,0.00527135500843242,-0.00025));
#9903=CARTESIAN_POINT('',(-0.00836504660844919,0.00527125454676485,-0.00025));
#9904=CARTESIAN_POINT('',(-0.00836533598490639,0.00527115403781808,-0.00025));
#9905=CARTESIAN_POINT('',(-0.00848197989093156,0.00522621853751831,-0.00025));
#9906=CARTESIAN_POINT('',(-0.00859537055299703,0.00517361095482956,-0.00025));
#9907=CARTESIAN_POINT('',(-0.00859564397353019,0.00517347281723728,-0.00025));
#9908=CARTESIAN_POINT('',(-0.00859591737149102,0.00517333463497584,-0.00025));
#9909=CARTESIAN_POINT('',(-0.00870553120485985,0.00511325296111276,-0.00025));
#9910=CARTESIAN_POINT('',(-0.00881089823287375,0.00504600127408918,-0.00025));
#9911=CARTESIAN_POINT('',(-0.00881115080186987,0.0050458279256408,-0.00025));
#9912=CARTESIAN_POINT('',(-0.00881140334254123,0.00504565453593043,-0.00025));
#9913=CARTESIAN_POINT('',(-0.00891203104180046,0.00497149884739749,-0.00025));
#9914=CARTESIAN_POINT('',(-0.00900749415865169,0.00489080316398723,-0.00025));
#9915=CARTESIAN_POINT('',(-0.00900772136901104,0.00489059769808992,-0.00025));
#9916=CARTESIAN_POINT('',(-0.00900794854579869,0.0048903921950741,-0.00025));
#9917=CARTESIAN_POINT('',(-0.00909779440727112,0.00480348580188996,-0.00025));
#9918=CARTESIAN_POINT('',(-0.0091816500713779,0.00471078613847519,-0.00025));
#9919=CARTESIAN_POINT('',(-0.00918184786852625,0.00471055222167276,-0.00025));
#9920=CARTESIAN_POINT('',(-0.00918204562745502,0.00471031827255767,-0.00025));
#9921=CARTESIAN_POINT('',(-0.00925950634961418,0.00461221202136754,-0.00025));
#9922=CARTESIAN_POINT('',(-0.00933025815466395,0.004509162605638,-0.00025));
#9923=CARTESIAN_POINT('',(-0.00933042300890649,0.00450890441218132,-0.00025));
#9924=CARTESIAN_POINT('',(-0.00933058782096362,0.00450864619179447,-0.00025));
#9925=CARTESIAN_POINT('',(-0.00939428111538751,0.00440109079097503,-0.00025));
#9926=CARTESIAN_POINT('',(-0.00945066649374302,0.0042895305421957,-0.00025));
#9927=CARTESIAN_POINT('',(-0.00945079546325189,0.00428925267955313,-0.00025));
#9928=CARTESIAN_POINT('',(-0.0094509243873623,0.00428897479584344,-0.00025));
#9929=CARTESIAN_POINT('',(-0.00949971364570301,0.00417388957407034,-0.00025));
#9930=CARTESIAN_POINT('',(-0.0095407263989517,0.00405580928752359,-0.00025));
#9931=CARTESIAN_POINT('',(-0.00954081718226296,0.00405551671416057,-0.00025));
#9932=CARTESIAN_POINT('',(-0.00954090791777286,0.00405522412596942,-0.00025));
#9933=CARTESIAN_POINT('',(-0.00957392249455944,0.00393466278175162,-0.00025));
#9934=CARTESIAN_POINT('',(-0.007625,0.0035,-0.00325));
#9935=CARTESIAN_POINT('',(-0.00775,0.0035,-0.00325));
#9936=CARTESIAN_POINT('',(-0.009125,0.0035,-0.00325));
#9937=CARTESIAN_POINT('',(-0.00680452534911397,0.00512300562291917,-0.00325));
#9938=CARTESIAN_POINT('',(-0.00690408262850899,0.00517333463497584,-0.00325));
#9939=CARTESIAN_POINT('',(-0.00690462944700297,0.00517361095482956,-0.00325));
#9940=CARTESIAN_POINT('',(-0.00679446879514015,0.00511325296111276,-0.00325));
#9941=CARTESIAN_POINT('',(-0.00668910176712625,0.00504600127408918,-0.00325));
#9942=CARTESIAN_POINT('',(-0.00660365274471108,0.00498732339029378,-0.00325));
#9943=CARTESIAN_POINT('',(-0.00668859665745877,0.00504565453593043,-0.00325));
#9944=CARTESIAN_POINT('',(-0.00658796895819954,0.00497149884739749,-0.00325));
#9945=CARTESIAN_POINT('',(-0.00649250584134832,0.00489080316398723,-0.00325));
#9946=CARTESIAN_POINT('',(-0.00642331581032946,0.00482820402221204,-0.00325));
#9947=CARTESIAN_POINT('',(-0.00649205145420131,0.0048903921950741,-0.00325));
#9948=CARTESIAN_POINT('',(-0.00640220559272888,0.00480348580188995,-0.00325));
#9949=CARTESIAN_POINT('',(-0.0063183499286221,0.00471078613847519,-0.00325));
#9950=CARTESIAN_POINT('',(-0.00626587011358402,0.00464869226565065,-0.00325));
#9951=CARTESIAN_POINT('',(-0.00631795437254499,0.00471031827255767,-0.00325));
#9952=CARTESIAN_POINT('',(-0.00624049365038582,0.00461221202136754,-0.00325));
#9953=CARTESIAN_POINT('',(-0.00616974184533605,0.004509162605638,-0.00325));
#9954=CARTESIAN_POINT('',(-0.00613323914625577,0.00445196159570318,-0.00325));
#9955=CARTESIAN_POINT('',(-0.00616941217903639,0.00450864619179448,-0.00325));
#9956=CARTESIAN_POINT('',(-0.0061057188846125,0.00440109079097504,-0.00325));
#9957=CARTESIAN_POINT('',(-0.00604933350625699,0.0042895305421957,-0.00325));
#9958=CARTESIAN_POINT('',(-0.00602694296943689,0.00424125971077883,-0.00325));
#9959=CARTESIAN_POINT('',(-0.0060490756126377,0.00428897479584344,-0.00325));
#9960=CARTESIAN_POINT('',(-0.006000286354297,0.00417388957407034,-0.00325));
#9961=CARTESIAN_POINT('',(-0.0059592736010483,0.00405580928752359,-0.00325));
#9962=CARTESIAN_POINT('',(-0.00594813125883734,0.00401986926403806,-0.00325));
#9963=CARTESIAN_POINT('',(-0.00595909208222715,0.00405522412596942,-0.00325));
#9964=CARTESIAN_POINT('',(-0.00592607750544056,0.00393466278175162,-0.00325));
#9965=CARTESIAN_POINT('',(-0.00590116925085201,0.00381216960294825,-0.00325));
#9966=CARTESIAN_POINT('',(-0.00589761588480673,0.00379108320404499,-0.00325));
#9967=CARTESIAN_POINT('',(-0.00590106734603664,0.00381156546841396,-0.00325));
#9968=CARTESIAN_POINT('',(-0.00588441659670906,0.00368767942179519,-0.00325));
#9969=CARTESIAN_POINT('',(-0.00587605732917387,0.00356295924441288,-0.00325));
#9970=CARTESIAN_POINT('',(-0.0058758986725122,0.0035581927541641,-0.00325));
#9971=CARTESIAN_POINT('',(-0.00587603685685814,0.00356234691769354,-0.00325));
#9972=CARTESIAN_POINT('',(-0.00587604706800578,0.00343734691811061,-0.00325));
#9973=CARTESIAN_POINT('',(-0.00588438595885116,0.00331262537666941,-0.00325));
#9974=CARTESIAN_POINT('',(-0.0058831908447224,0.00332448492372897,-0.00325));
#9975=CARTESIAN_POINT('',(-0.00588444728436402,0.00331201578474985,-0.00325));
#9976=CARTESIAN_POINT('',(-0.0059011182737687,0.00318813246015663,-0.00325));
#9977=CARTESIAN_POINT('',(-0.00592600651528996,0.00306563521351827,-0.00325));
#9978=CARTESIAN_POINT('',(-0.00591942178221891,0.00309324559861704,-0.00325));
#9979=CARTESIAN_POINT('',(-0.00592614854427619,0.00306503923458073,-0.00325));
#9980=CARTESIAN_POINT('',(-0.00595918281773704,0.00294448328583943,-0.00325));
#9981=CARTESIAN_POINT('',(-0.00600017627867462,0.00282639630027219,-0.00325));
#9982=CARTESIAN_POINT('',(-0.00598423605514038,0.00286776376820257,-0.00325));
#9983=CARTESIAN_POINT('',(-0.00600039647662359,0.00282582456957493,-0.00325));
#9984=CARTESIAN_POINT('',(-0.00604920453674811,0.00271074732044688,-0.00325));
#9985=CARTESIAN_POINT('',(-0.00610557168782043,0.00259917786100572,-0.00325));
#9986=CARTESIAN_POINT('',(-0.00607697907871893,0.00265133234615682,-0.00325));
#9987=CARTESIAN_POINT('',(-0.00610586612529452,0.00259864058109657,-0.00325));
#9988=CARTESIAN_POINT('',(-0.00616957699109351,0.00249109558781867,-0.00325));
#9989=CARTESIAN_POINT('',(-0.00624031195915431,0.00238803461415048,-0.00325));
#9990=CARTESIAN_POINT('',(-0.00619667311948612,0.00244724134116443,-0.00325));
#9991=CARTESIAN_POINT('',(-0.00624067538190982,0.00238754137280216,-0.00325));
#9992=CARTESIAN_POINT('',(-0.00631815213147375,0.00228944777832725,-0.00325));
#9993=CARTESIAN_POINT('',(-0.00640199264934225,0.00219673441594867,-0.00325));
#9994=CARTESIAN_POINT('',(-0.0063419866151375,0.00225875980927355,-0.00325));
#9995=CARTESIAN_POINT('',(-0.00640241857209151,0.00219629401506471,-0.00325));
#9996=CARTESIAN_POINT('',(-0.00649227863098896,0.00210940230191007,-0.00325));
#9997=CARTESIAN_POINT('',(-0.00658772856263757,0.00202869102296918,-0.00325));
#9998=CARTESIAN_POINT('',(-0.0065112007757023,0.00208910402009522,-0.00325));
#9999=CARTESIAN_POINT('',(-0.00658820938477902,0.00202831132151381,-0.00325));
#10000=CARTESIAN_POINT('',(-0.00668884919813014,0.00195417207435919,-0.00325));
#10001=CARTESIAN_POINT('',(-0.00679420523726735,0.00188690317354078,-0.00325));
#10002=CARTESIAN_POINT('',(-0.00670217812384373,0.00194139052183178,-0.00325));
#10003=CARTESIAN_POINT('',(-0.00679473237851847,0.00188659094729544,-0.00325));
#10004=CARTESIAN_POINT('',(-0.00690435602646981,0.00182652718276272,-0.00325));
#10005=CARTESIAN_POINT('',(-0.00701773809208128,0.00177390107519551,-0.00325));
#10006=CARTESIAN_POINT('',(-0.00691233795092136,0.0018185741993036,-0.00325));
#10007=CARTESIAN_POINT('',(-0.00701830214559398,0.00177366189584496,-0.00325));
#10008=CARTESIAN_POINT('',(-0.00713495339155081,0.00172874545323515,-0.00325));
#10009=CARTESIAN_POINT('',(-0.00725433817798963,0.00169170125305542,-0.00325));
#10010=CARTESIAN_POINT('',(-0.00713864358144945,0.00172337287998352,-0.00325));
#10011=CARTESIAN_POINT('',(-0.00725492907821561,0.00169153938876083,-0.00325));
#10012=CARTESIAN_POINT('',(-0.00737652627793031,0.0016625718030564,-0.00325));
#10013=CARTESIAN_POINT('',(-0.00749978336085421,0.00164177056489394,-0.00325));
#10014=CARTESIAN_POINT('',(-0.00737760585079674,0.00165818144399053,-0.00325));
#10015=CARTESIAN_POINT('',(-0.00750039056316493,0.00164168890412749,-0.00325));
#10016=CARTESIAN_POINT('',(-0.0076247638117279,0.00162918710258159,-0.00325));
#10017=CARTESIAN_POINT('',(-0.00774969366557208,0.00162500002502421,-0.00325));
#10018=CARTESIAN_POINT('',(-0.00762530633775957,0.00162497962775355,-0.00325));
#10019=CARTESIAN_POINT('',(-0.00775030633442793,0.00162500002502421,-0.00325));
#10020=CARTESIAN_POINT('',(-0.00787523618827211,0.00162918710258158,-0.00325));
#10021=CARTESIAN_POINT('',(-0.00799960943683508,0.00164168890412749,-0.00325));
#10022=CARTESIAN_POINT('',(-0.00787744271105977,0.00162523868128493,-0.00325));
#10023=CARTESIAN_POINT('',(-0.0080002166391458,0.00164177056489394,-0.00325));
#10024=CARTESIAN_POINT('',(-0.0081234737220697,0.0016625718030564,-0.00325));
#10025=CARTESIAN_POINT('',(-0.0082450709217844,0.00169153938876083,-0.00325));
#10026=CARTESIAN_POINT('',(-0.0081293971271025,0.00165983266735276,-0.00325));
#10027=CARTESIAN_POINT('',(-0.00824566182201037,0.00169170125305542,-0.00325));
#10028=CARTESIAN_POINT('',(-0.0083650466084492,0.00172874545323515,-0.00325));
#10029=CARTESIAN_POINT('',(-0.00848169785440602,0.00177366189584496,-0.00325));
#10030=CARTESIAN_POINT('',(-0.00837632705376203,0.00172896042296266,-0.00325));
#10031=CARTESIAN_POINT('',(-0.00848226190791872,0.00177390107519551,-0.00325));
#10032=CARTESIAN_POINT('',(-0.00859564397353019,0.00182652718276272,-0.00325));
#10033=CARTESIAN_POINT('',(-0.00870526762148153,0.00188659094729544,-0.00325));
#10034=CARTESIAN_POINT('',(-0.00861327630121465,0.00183208401290231,-0.00325));
#10035=CARTESIAN_POINT('',(-0.00870579476273267,0.00188690317354078,-0.00325));
#10036=CARTESIAN_POINT('',(-0.00881115080186987,0.0019541720743592,-0.00325));
#10037=CARTESIAN_POINT('',(-0.00891179061522099,0.00202831132151381,-0.00325));
#10038=CARTESIAN_POINT('',(-0.00883530252919708,0.00196788889506688,-0.00325));
#10039=CARTESIAN_POINT('',(-0.00891227143736243,0.00202869102296918,-0.00325));
#10040=CARTESIAN_POINT('',(-0.00900772136901104,0.00210940230191008,-0.00325));
#10041=CARTESIAN_POINT('',(-0.0090975814279085,0.00219629401506471,-0.00325));
#10042=CARTESIAN_POINT('',(-0.00903761617951299,0.00213427002135844,-0.00325));
#10043=CARTESIAN_POINT('',(-0.00909800735065775,0.00219673441594866,-0.00325));
#10044=CARTESIAN_POINT('',(-0.00918184786852624,0.00228944777832724,-0.00325));
#10045=CARTESIAN_POINT('',(-0.00925932461809018,0.00238754137280214,-0.00325));
#10046=CARTESIAN_POINT('',(-0.00921572474889885,0.00232834677672982,-0.00325));
#10047=CARTESIAN_POINT('',(-0.0092596880408457,0.00238803461415048,-0.00325));
#10048=CARTESIAN_POINT('',(-0.00933042300890649,0.00249109558781868,-0.00325));
#10049=CARTESIAN_POINT('',(-0.00939413387470549,0.00259864058109658,-0.00325));
#10050=CARTESIAN_POINT('',(-0.00936557564930309,0.00254650809775115,-0.00325));
#10051=CARTESIAN_POINT('',(-0.00939442831217957,0.00259917786100571,-0.00325));
#10052=CARTESIAN_POINT('',(-0.00945079546325189,0.00271074732044687,-0.00325));
#10053=CARTESIAN_POINT('',(-0.00949960352337641,0.00282582456957492,-0.00325));
#10054=CARTESIAN_POINT('',(-0.00948369065106533,0.00278448741210838,-0.00325));
#10055=CARTESIAN_POINT('',(-0.00949982372132538,0.00282639630027219,-0.00325));
#10056=CARTESIAN_POINT('',(-0.00954081718226296,0.00294448328583944,-0.00325));
#10057=CARTESIAN_POINT('',(-0.00957385145572382,0.00306503923458073,-0.00325));
#10058=CARTESIAN_POINT('',(-0.00956728509529211,0.00303746531565434,-0.00325));
#10059=CARTESIAN_POINT('',(-0.00957399348471004,0.00306563521351827,-0.00325));
#10060=CARTESIAN_POINT('',(-0.00959888172623131,0.00318813246015663,-0.00325));
#10061=CARTESIAN_POINT('',(-0.00961555271563598,0.00331201578474985,-0.00325));
#10062=CARTESIAN_POINT('',(-0.00961436568737964,0.00330019626883006,-0.00325));
#10063=CARTESIAN_POINT('',(-0.00961561404114884,0.00331262537666941,-0.00325));
#10064=CARTESIAN_POINT('',(-0.00962395293199423,0.00343734691811061,-0.00325));
#10065=CARTESIAN_POINT('',(-0.00962396314314186,0.00356234691769354,-0.00325));
#10066=CARTESIAN_POINT('',(-0.00962380170834184,0.00356715415965284,-0.00325));
#10067=CARTESIAN_POINT('',(-0.00962394267082613,0.00356295924441287,-0.00325));
#10068=CARTESIAN_POINT('',(-0.00961558340329095,0.00368767942179519,-0.00325));
#10069=CARTESIAN_POINT('',(-0.00959893265396336,0.00381156546841396,-0.00325));
#10070=CARTESIAN_POINT('',(-0.00959536584052592,0.00383269044361488,-0.00325));
#10071=CARTESIAN_POINT('',(-0.00959883074914799,0.00381216960294825,-0.00325));
#10072=CARTESIAN_POINT('',(-0.00957392249455944,0.00393466278175162,-0.00325));
#10073=CARTESIAN_POINT('',(-0.00954090791777286,0.00405522412596942,-0.00325));
#10074=CARTESIAN_POINT('',(-0.0095297424118842,0.00409119780860202,-0.00325));
#10075=CARTESIAN_POINT('',(-0.0095407263989517,0.00405580928752359,-0.00325));
#10076=CARTESIAN_POINT('',(-0.00949971364570301,0.00417388957407034,-0.00325));
#10077=CARTESIAN_POINT('',(-0.0094509243873623,0.00428897479584344,-0.00325));
#10078=CARTESIAN_POINT('',(-0.00942850261408056,0.00433727197660273,-0.00325));
#10079=CARTESIAN_POINT('',(-0.00945066649374302,0.0042895305421957,-0.00325));
#10080=CARTESIAN_POINT('',(-0.00939428111538751,0.00440109079097503,-0.00325));
#10081=CARTESIAN_POINT('',(-0.00933058782096362,0.00450864619179447,-0.00325));
#10082=CARTESIAN_POINT('',(-0.0092940480299444,0.00456586436770251,-0.00325));
#10083=CARTESIAN_POINT('',(-0.00933025815466395,0.004509162605638,-0.00325));
#10084=CARTESIAN_POINT('',(-0.00925950634961418,0.00461221202136754,-0.00325));
#10085=CARTESIAN_POINT('',(-0.00918204562745502,0.00471031827255767,-0.00325));
#10086=CARTESIAN_POINT('',(-0.00912952549856246,0.00477241890672415,-0.00325));
#10087=CARTESIAN_POINT('',(-0.0091816500713779,0.00471078613847519,-0.00325));
#10088=CARTESIAN_POINT('',(-0.00909779440727112,0.00480348580188996,-0.00325));
#10089=CARTESIAN_POINT('',(-0.00900794854579869,0.0048903921950741,-0.00325));
#10090=CARTESIAN_POINT('',(-0.00893871784174724,0.00495298721136366,-0.00325));
#10091=CARTESIAN_POINT('',(-0.00900749415865169,0.00489080316398723,-0.00325));
#10092=CARTESIAN_POINT('',(-0.00891203104180046,0.00497149884739749,-0.00325));
#10093=CARTESIAN_POINT('',(-0.00881140334254123,0.00504565453593043,-0.00325));
#10094=CARTESIAN_POINT('',(-0.00872591617642216,0.00510431769860068,-0.00325));
#10095=CARTESIAN_POINT('',(-0.00881089823287375,0.00504600127408918,-0.00325));
#10096=CARTESIAN_POINT('',(-0.00870553120485985,0.00511325296111276,-0.00325));
#10097=CARTESIAN_POINT('',(-0.00859591737149102,0.00517333463497584,-0.00325));
#10098=CARTESIAN_POINT('',(-0.00849578036827197,0.00522391569403492,-0.00325));
#10099=CARTESIAN_POINT('',(-0.00859537055299703,0.00517361095482956,-0.00325));
#10100=CARTESIAN_POINT('',(-0.00848197989093156,0.00522621853751831,-0.00325));
#10101=CARTESIAN_POINT('',(-0.00836533598490639,0.00527115403781808,-0.00325));
#10102=CARTESIAN_POINT('',(-0.00825319459169226,0.00531007332337959,-0.00325));
#10103=CARTESIAN_POINT('',(-0.00836475721557488,0.00527135500843242,-0.00325));
#10104=CARTESIAN_POINT('',(-0.00824536637850867,0.00530837970322696,-0.00325));
#10105=CARTESIAN_POINT('',(-0.00812377391309352,0.00533736715489604,-0.00325));
#10106=CARTESIAN_POINT('',(-0.0080031249286021,0.00536186969203425,-0.00325));
#10107=CARTESIAN_POINT('',(-0.00812317352107693,0.00533748918994563,-0.00325));
#10108=CARTESIAN_POINT('',(-0.00799991304132584,0.00535827029029021,-0.00325));
#10109=CARTESIAN_POINT('',(-0.00787554183694664,0.00537079241156684,-0.00325));
#10110=CARTESIAN_POINT('',(-0.007750485472857,0.00537914350255412,-0.00325));
#10111=CARTESIAN_POINT('',(-0.00787493053625471,0.00537083333333333,-0.00325));
#10112=CARTESIAN_POINT('',(-0.00775,0.005375,-0.00325));
#10113=CARTESIAN_POINT('',(-0.00762506946374529,0.00537083333333333,-0.00325));
#10114=CARTESIAN_POINT('',(-0.00750001854705353,0.00536244171225616,-0.00325));
#10115=CARTESIAN_POINT('',(-0.00762445816305337,0.00537079241156684,-0.00325));
#10116=CARTESIAN_POINT('',(-0.00750008695867417,0.00535827029029021,-0.00325));
#10117=CARTESIAN_POINT('',(-0.00737682647892308,0.00533748918994563,-0.00325));
#10118=CARTESIAN_POINT('',(-0.00725619344969675,0.00531294900019606,-0.00325));
#10119=CARTESIAN_POINT('',(-0.00737622608690648,0.00533736715489604,-0.00325));
#10120=CARTESIAN_POINT('',(-0.00725463362149134,0.00530837970322696,-0.00325));
#10121=CARTESIAN_POINT('',(-0.00713524278442513,0.00527135500843242,-0.00325));
#10122=CARTESIAN_POINT('',(-0.00702312672105975,0.00523240362078318,-0.00325));
#10123=CARTESIAN_POINT('',(-0.00713466401509362,0.00527115403781808,-0.00325));
#10124=CARTESIAN_POINT('',(-0.00701802010906845,0.00522621853751831,-0.00325));
#10125=CARTESIAN_POINT('',(-0.00775,0.0035,-0.00425));
#10126=CARTESIAN_POINT('',(-0.00775,0.0035,-0.00425));
#10127=CARTESIAN_POINT('',(-0.009125,0.0035,-0.00425));
#10128=CARTESIAN_POINT('',(-0.00775,0.0035,-0.00425));
#10129=CARTESIAN_POINT('',(-0.00804381011875001,0.00422631805272238,-0.00425));
#10130=CARTESIAN_POINT('',(-0.00822649576694289,0.00413391596432333,-0.00425));
#10131=CARTESIAN_POINT('',(-0.00852640612473743,0.0038227831084093,-0.00425000000000078));
#10132=CARTESIAN_POINT('',(-0.00853429110079508,0.00339105148938131,-0.00424999999999844));
#10133=CARTESIAN_POINT('',(-0.00847217190768117,0.00319614142213203,-0.00424999999999844));
#10134=CARTESIAN_POINT('',(-0.00804381011874998,0.00422631805272239,-0.00425));
#10135=CARTESIAN_POINT('',(-0.00847217190768292,0.00319614142213204,-0.00425));
#10136=CARTESIAN_POINT('',(-0.00847217190768292,0.00319614142213204,-0.00425));
#10137=CARTESIAN_POINT('',(-0.00846252000470285,0.00315882100206676,-0.00425));
#10138=CARTESIAN_POINT('',(-0.00845026939331983,0.00312266644936111,-0.00425));
#10139=CARTESIAN_POINT('',(-0.00843552903601857,0.00308762887980623,-0.00425));
#10140=CARTESIAN_POINT('',(-0.00843552903602178,0.00308762887980479,-0.00425));
#10141=CARTESIAN_POINT('',(-0.00775,0.0035,-0.00425));
#10142=CARTESIAN_POINT('',(-0.00793564065208239,0.0042781629317187,-0.00425));
#10143=CARTESIAN_POINT('',(-0.0079356406520826,0.00427816293171861,-0.00425000000000002));
#10144=CARTESIAN_POINT('',(-0.00797277011418936,0.00426360472921064,-0.00425000000000002));
#10145=CARTESIAN_POINT('',(-0.00800883737673197,0.00424635044859834,-0.00425));
#10146=CARTESIAN_POINT('',(-0.00804381011875001,0.00422631805272238,-0.00425));
#10147=CARTESIAN_POINT('',(-0.00775,0.0035,-0.00425));
#10148=CARTESIAN_POINT('',(-0.00775,0.0035,-0.00415));
#10149=CARTESIAN_POINT('',(-0.00775,0.0045,-0.00415));
#10150=CARTESIAN_POINT('',(-0.00703647450843745,0.0042006292692219,-0.00415));
#10151=CARTESIAN_POINT('',(-0.00675,0.0035,0.0002));
#10152=CARTESIAN_POINT('',(-0.00675,0.00292264973081037,0.000166666666666666));
#10153=CARTESIAN_POINT('',(-0.00725,0.00263397459621557,0.000133333333333333));
#10154=CARTESIAN_POINT('',(-0.00775,0.00234529946162075,9.99999999999994E-5));
#10155=CARTESIAN_POINT('',(-0.00825,0.00263397459621557,6.66666666666661E-5));
#10156=CARTESIAN_POINT('',(-0.00875,0.00292264973081037,3.33333333333328E-5));
#10157=CARTESIAN_POINT('',(-0.00875,0.0035,-5.6920614055489E-19));
#10158=CARTESIAN_POINT('',(-0.00875,0.00407735026918962,-3.33333333333339E-5));
#10159=CARTESIAN_POINT('',(-0.00825,0.00436602540378444,-6.66666666666672E-5));
#10160=CARTESIAN_POINT('',(-0.00775,0.00465470053837925,-0.000100000000000001));
#10161=CARTESIAN_POINT('',(-0.00725,0.00436602540378444,-0.000133333333333334));
#10162=CARTESIAN_POINT('',(-0.00675,0.00407735026918962,-0.000166666666666667));
#10163=CARTESIAN_POINT('',(-0.00675,0.0035,-0.0002));
#10164=CARTESIAN_POINT('',(-0.00675,0.00292264973081037,-0.000233333333333334));
#10165=CARTESIAN_POINT('',(-0.00725,0.00263397459621557,-0.000266666666666667));
#10166=CARTESIAN_POINT('',(-0.00775,0.00234529946162075,-0.0003));
#10167=CARTESIAN_POINT('',(-0.00825,0.00263397459621556,-0.000333333333333334));
#10168=CARTESIAN_POINT('',(-0.00875,0.00292264973081037,-0.000366666666666667));
#10169=CARTESIAN_POINT('',(-0.00875,0.0035,-0.0004));
#10170=CARTESIAN_POINT('',(-0.00875,0.00407735026918962,-0.000433333333333334));
#10171=CARTESIAN_POINT('',(-0.00825,0.00436602540378444,-0.000466666666666667));
#10172=CARTESIAN_POINT('',(-0.00775,0.00465470053837925,-0.000500000000000001));
#10173=CARTESIAN_POINT('',(-0.00725,0.00436602540378444,-0.000533333333333334));
#10174=CARTESIAN_POINT('',(-0.00675,0.00407735026918963,-0.000566666666666666));
#10175=CARTESIAN_POINT('',(-0.00675,0.0035,-0.0006));
#10176=CARTESIAN_POINT('',(-0.00675,0.00292264973081038,-0.000633333333333334));
#10177=CARTESIAN_POINT('',(-0.00725,0.00263397459621557,-0.000666666666666667));
#10178=CARTESIAN_POINT('',(-0.00775,0.00234529946162075,-0.000700000000000001));
#10179=CARTESIAN_POINT('',(-0.00825,0.00263397459621556,-0.000733333333333334));
#10180=CARTESIAN_POINT('',(-0.00875,0.00292264973081037,-0.000766666666666667));
#10181=CARTESIAN_POINT('',(-0.00875,0.0035,-0.0008));
#10182=CARTESIAN_POINT('',(-0.00875,0.00407735026918962,-0.000833333333333334));
#10183=CARTESIAN_POINT('',(-0.00825,0.00436602540378444,-0.000866666666666667));
#10184=CARTESIAN_POINT('',(-0.00775,0.00465470053837925,-0.0009));
#10185=CARTESIAN_POINT('',(-0.00725,0.00436602540378444,-0.000933333333333334));
#10186=CARTESIAN_POINT('',(-0.00675000000000001,0.00407735026918963,-0.000966666666666667));
#10187=CARTESIAN_POINT('',(-0.00675,0.0035,-0.001));
#10188=CARTESIAN_POINT('',(-0.00675,0.00292264973081038,-0.00103333333333333));
#10189=CARTESIAN_POINT('',(-0.00725,0.00263397459621557,-0.00106666666666667));
#10190=CARTESIAN_POINT('',(-0.00775,0.00234529946162075,-0.0011));
#10191=CARTESIAN_POINT('',(-0.00825,0.00263397459621556,-0.00113333333333333));
#10192=CARTESIAN_POINT('',(-0.00875,0.00292264973081037,-0.00116666666666667));
#10193=CARTESIAN_POINT('',(-0.00875,0.0035,-0.0012));
#10194=CARTESIAN_POINT('',(-0.00875,0.00407735026918962,-0.00123333333333333));
#10195=CARTESIAN_POINT('',(-0.00825,0.00436602540378444,-0.00126666666666667));
#10196=CARTESIAN_POINT('',(-0.00775,0.00465470053837925,-0.0013));
#10197=CARTESIAN_POINT('',(-0.00725,0.00436602540378444,-0.00133333333333333));
#10198=CARTESIAN_POINT('',(-0.00675000000000001,0.00407735026918963,-0.00136666666666667));
#10199=CARTESIAN_POINT('',(-0.00675,0.0035,-0.0014));
#10200=CARTESIAN_POINT('',(-0.00675,0.00292264973081038,-0.00143333333333333));
#10201=CARTESIAN_POINT('',(-0.00725,0.00263397459621557,-0.00146666666666667));
#10202=CARTESIAN_POINT('',(-0.00775,0.00234529946162075,-0.0015));
#10203=CARTESIAN_POINT('',(-0.00825,0.00263397459621556,-0.00153333333333333));
#10204=CARTESIAN_POINT('',(-0.00875,0.00292264973081037,-0.00156666666666667));
#10205=CARTESIAN_POINT('',(-0.00875,0.0035,-0.0016));
#10206=CARTESIAN_POINT('',(-0.00875,0.00407735026918962,-0.00163333333333333));
#10207=CARTESIAN_POINT('',(-0.00825,0.00436602540378444,-0.00166666666666667));
#10208=CARTESIAN_POINT('',(-0.00775,0.00465470053837925,-0.0017));
#10209=CARTESIAN_POINT('',(-0.00725,0.00436602540378444,-0.00173333333333333));
#10210=CARTESIAN_POINT('',(-0.00675000000000001,0.00407735026918963,-0.00176666666666667));
#10211=CARTESIAN_POINT('',(-0.00675,0.0035,-0.0018));
#10212=CARTESIAN_POINT('',(-0.00675,0.00292264973081038,-0.00183333333333333));
#10213=CARTESIAN_POINT('',(-0.00725,0.00263397459621557,-0.00186666666666667));
#10214=CARTESIAN_POINT('',(-0.00775,0.00234529946162075,-0.0019));
#10215=CARTESIAN_POINT('',(-0.00825,0.00263397459621556,-0.00193333333333333));
#10216=CARTESIAN_POINT('',(-0.00875,0.00292264973081037,-0.00196666666666666));
#10217=CARTESIAN_POINT('',(-0.00875,0.0035,-0.002));
#10218=CARTESIAN_POINT('',(-0.00875,0.00407735026918962,-0.00203333333333333));
#10219=CARTESIAN_POINT('',(-0.00825,0.00436602540378443,-0.00206666666666667));
#10220=CARTESIAN_POINT('',(-0.00775,0.00465470053837925,-0.0021));
#10221=CARTESIAN_POINT('',(-0.00725,0.00436602540378445,-0.00213333333333333));
#10222=CARTESIAN_POINT('',(-0.00675000000000001,0.00407735026918963,-0.00216666666666667));
#10223=CARTESIAN_POINT('',(-0.00675,0.0035,-0.0022));
#10224=CARTESIAN_POINT('',(-0.00675,0.00292264973081038,-0.00223333333333333));
#10225=CARTESIAN_POINT('',(-0.00725,0.00263397459621557,-0.00226666666666667));
#10226=CARTESIAN_POINT('',(-0.00775,0.00234529946162075,-0.0023));
#10227=CARTESIAN_POINT('',(-0.00825,0.00263397459621556,-0.00233333333333333));
#10228=CARTESIAN_POINT('',(-0.00875,0.00292264973081037,-0.00236666666666666));
#10229=CARTESIAN_POINT('',(-0.00875,0.0035,-0.0024));
#10230=CARTESIAN_POINT('',(-0.00875,0.00407735026918962,-0.00243333333333333));
#10231=CARTESIAN_POINT('',(-0.00825,0.00436602540378443,-0.00246666666666667));
#10232=CARTESIAN_POINT('',(-0.00775000000000001,0.00465470053837925,-0.0025));
#10233=CARTESIAN_POINT('',(-0.00725,0.00436602540378445,-0.00253333333333333));
#10234=CARTESIAN_POINT('',(-0.00675000000000001,0.00407735026918963,-0.00256666666666667));
#10235=CARTESIAN_POINT('',(-0.00675,0.0035,-0.0026));
#10236=CARTESIAN_POINT('',(-0.00675,0.00292264973081038,-0.00263333333333334));
#10237=CARTESIAN_POINT('',(-0.00725,0.00263397459621557,-0.00266666666666666));
#10238=CARTESIAN_POINT('',(-0.00775,0.00234529946162075,-0.0027));
#10239=CARTESIAN_POINT('',(-0.00825,0.00263397459621556,-0.00273333333333334));
#10240=CARTESIAN_POINT('',(-0.00875,0.00292264973081037,-0.00276666666666667));
#10241=CARTESIAN_POINT('',(-0.00875,0.0035,-0.0028));
#10242=CARTESIAN_POINT('',(-0.00875,0.00407735026918962,-0.00283333333333333));
#10243=CARTESIAN_POINT('',(-0.00825,0.00436602540378443,-0.00286666666666667));
#10244=CARTESIAN_POINT('',(-0.00775000000000001,0.00465470053837925,-0.0029));
#10245=CARTESIAN_POINT('',(-0.00725,0.00436602540378445,-0.00293333333333334));
#10246=CARTESIAN_POINT('',(-0.00675000000000001,0.00407735026918963,-0.00296666666666667));
#10247=CARTESIAN_POINT('',(-0.00675,0.0035,-0.003));
#10248=CARTESIAN_POINT('',(-0.00675,0.00292264973081038,-0.00303333333333334));
#10249=CARTESIAN_POINT('',(-0.00725,0.00263397459621557,-0.00306666666666667));
#10250=CARTESIAN_POINT('',(-0.00774999999999999,0.00234529946162075,-0.0031));
#10251=CARTESIAN_POINT('',(-0.00825,0.00263397459621556,-0.00313333333333333));
#10252=CARTESIAN_POINT('',(-0.00875,0.00292264973081037,-0.00316666666666667));
#10253=CARTESIAN_POINT('',(-0.00875,0.0035,-0.0032));
#10254=CARTESIAN_POINT('',(-0.00875,0.00407735026918962,-0.00323333333333333));
#10255=CARTESIAN_POINT('',(-0.00825,0.00436602540378443,-0.00326666666666667));
#10256=CARTESIAN_POINT('',(-0.00775000000000001,0.00465470053837925,-0.0033));
#10257=CARTESIAN_POINT('',(-0.00725,0.00436602540378445,-0.00333333333333333));
#10258=CARTESIAN_POINT('',(-0.00675000000000001,0.00407735026918963,-0.00336666666666667));
#10259=CARTESIAN_POINT('',(-0.00675,0.0035,-0.0034));
#10260=CARTESIAN_POINT('',(-0.00675,0.00292264973081038,-0.00343333333333334));
#10261=CARTESIAN_POINT('',(-0.00725,0.00263397459621557,-0.00346666666666667));
#10262=CARTESIAN_POINT('',(-0.00774999999999999,0.00234529946162075,-0.0035));
#10263=CARTESIAN_POINT('',(-0.00825,0.00263397459621556,-0.00353333333333333));
#10264=CARTESIAN_POINT('',(-0.00875,0.00292264973081037,-0.00356666666666667));
#10265=CARTESIAN_POINT('',(-0.00875,0.0035,-0.0036));
#10266=CARTESIAN_POINT('',(-0.00875,0.00407735026918961,-0.00363333333333333));
#10267=CARTESIAN_POINT('',(-0.00825,0.00436602540378443,-0.00366666666666666));
#10268=CARTESIAN_POINT('',(-0.00775000000000001,0.00465470053837925,-0.0037));
#10269=CARTESIAN_POINT('',(-0.00725,0.00436602540378445,-0.00373333333333334));
#10270=CARTESIAN_POINT('',(-0.00675000000000001,0.00407735026918963,-0.00376666666666666));
#10271=CARTESIAN_POINT('',(-0.00675,0.0035,-0.0038));
#10272=CARTESIAN_POINT('',(-0.00675,0.00292264973081038,-0.00383333333333333));
#10273=CARTESIAN_POINT('',(-0.00725,0.00263397459621557,-0.00386666666666667));
#10274=CARTESIAN_POINT('',(-0.00774999999999999,0.00234529946162075,-0.0039));
#10275=CARTESIAN_POINT('',(-0.00825,0.00263397459621556,-0.00393333333333334));
#10276=CARTESIAN_POINT('',(-0.00875,0.00292264973081037,-0.00396666666666667));
#10277=CARTESIAN_POINT('',(-0.00875,0.0035,-0.004));
#10278=CARTESIAN_POINT('',(-0.00875000000000001,0.00407735026918961,-0.00403333333333333));
#10279=CARTESIAN_POINT('',(-0.00825,0.00436602540378443,-0.00406666666666666));
#10280=CARTESIAN_POINT('',(-0.00775000000000001,0.00465470053837925,-0.0041));
#10281=CARTESIAN_POINT('',(-0.00725,0.00436602540378444,-0.00413333333333334));
#10282=CARTESIAN_POINT('',(-0.00675000000000001,0.00407735026918964,-0.00416666666666666));
#10283=CARTESIAN_POINT('',(-0.00675,0.0035,-0.0042));
#10284=CARTESIAN_POINT('',(-0.00675,0.00292264973081038,-0.00423333333333333));
#10285=CARTESIAN_POINT('',(-0.00725,0.00263397459621557,-0.00426666666666666));
#10286=CARTESIAN_POINT('',(-0.00775,0.00234529946162075,-0.0043));
#10287=CARTESIAN_POINT('',(-0.00825,0.00263397459621556,-0.00433333333333334));
#10288=CARTESIAN_POINT('',(-0.00875,0.00292264973081037,-0.00436666666666667));
#10289=CARTESIAN_POINT('',(-0.00875,0.0035,-0.0044));
#10290=CARTESIAN_POINT('',(-0.00875,0.00407735026918962,-0.00443333333333334));
#10291=CARTESIAN_POINT('',(-0.00825,0.00436602540378443,-0.00446666666666667));
#10292=CARTESIAN_POINT('',(-0.00775000000000001,0.00465470053837925,-0.0045));
#10293=CARTESIAN_POINT('',(-0.00725,0.00436602540378445,-0.00453333333333333));
#10294=CARTESIAN_POINT('',(-0.00675000000000001,0.00407735026918963,-0.00456666666666667));
#10295=CARTESIAN_POINT('',(-0.00675,0.0035,-0.0046));
#10296=CARTESIAN_POINT('',(-0.00675,0.00292264973081039,-0.00463333333333333));
#10297=CARTESIAN_POINT('',(-0.00725,0.00263397459621557,-0.00466666666666667));
#10298=CARTESIAN_POINT('',(-0.00774999999999999,0.00234529946162075,-0.0047));
#10299=CARTESIAN_POINT('',(-0.00825,0.00263397459621556,-0.00473333333333333));
#10300=CARTESIAN_POINT('',(-0.00875,0.00292264973081037,-0.00476666666666667));
#10301=CARTESIAN_POINT('',(-0.00875,0.0035,-0.0048));
#10302=CARTESIAN_POINT('',(-0.00875000000000001,0.00407735026918961,-0.00483333333333333));
#10303=CARTESIAN_POINT('',(-0.00825,0.00436602540378443,-0.00486666666666667));
#10304=CARTESIAN_POINT('',(-0.00775000000000001,0.00465470053837925,-0.0049));
#10305=CARTESIAN_POINT('',(-0.00725,0.00436602540378444,-0.00493333333333333));
#10306=CARTESIAN_POINT('',(-0.00675000000000001,0.00407735026918964,-0.00496666666666667));
#10307=CARTESIAN_POINT('',(-0.00675,0.0035,-0.005));
#10308=CARTESIAN_POINT('',(-0.00675,0.0035,0.00055));
#10309=CARTESIAN_POINT('',(-0.00675,0.00292264973081037,0.000516666666666666));
#10310=CARTESIAN_POINT('',(-0.00725,0.00263397459621557,0.000483333333333333));
#10311=CARTESIAN_POINT('',(-0.00775,0.00234529946162075,0.000449999999999999));
#10312=CARTESIAN_POINT('',(-0.00825,0.00263397459621557,0.000416666666666666));
#10313=CARTESIAN_POINT('',(-0.00875,0.00292264973081037,0.000383333333333332));
#10314=CARTESIAN_POINT('',(-0.00875,0.0035,0.00035));
#10315=CARTESIAN_POINT('',(-0.00875,0.00407735026918962,0.000316666666666666));
#10316=CARTESIAN_POINT('',(-0.00825,0.00436602540378444,0.000283333333333332));
#10317=CARTESIAN_POINT('',(-0.00775,0.00465470053837925,0.000249999999999999));
#10318=CARTESIAN_POINT('',(-0.00725,0.00436602540378444,0.000216666666666666));
#10319=CARTESIAN_POINT('',(-0.00675,0.00407735026918962,0.000183333333333333));
#10320=CARTESIAN_POINT('',(-0.00675,0.0035,0.00015));
#10321=CARTESIAN_POINT('',(-0.00675,0.00292264973081037,0.000116666666666666));
#10322=CARTESIAN_POINT('',(-0.00725,0.00263397459621557,8.33333333333325E-5));
#10323=CARTESIAN_POINT('',(-0.00775,0.00234529946162075,4.99999999999991E-5));
#10324=CARTESIAN_POINT('',(-0.00825,0.00263397459621556,1.66666666666658E-5));
#10325=CARTESIAN_POINT('',(-0.00875,0.00292264973081037,-1.66666666666675E-5));
#10326=CARTESIAN_POINT('',(-0.00875,0.0035,-5.00000000000009E-5));
#10327=CARTESIAN_POINT('',(-0.00875,0.00407735026918962,-8.33333333333342E-5));
#10328=CARTESIAN_POINT('',(-0.00825,0.00436602540378444,-0.000116666666666668));
#10329=CARTESIAN_POINT('',(-0.00775,0.00465470053837925,-0.000150000000000001));
#10330=CARTESIAN_POINT('',(-0.00725,0.00436602540378444,-0.000183333333333334));
#10331=CARTESIAN_POINT('',(-0.00675,0.00407735026918963,-0.000216666666666667));
#10332=CARTESIAN_POINT('',(-0.00675,0.0035,-0.00025));
#10333=CARTESIAN_POINT('',(-0.00675,0.00292264973081038,-0.000283333333333334));
#10334=CARTESIAN_POINT('',(-0.00725,0.00263397459621557,-0.000316666666666668));
#10335=CARTESIAN_POINT('',(-0.00775,0.00234529946162075,-0.000350000000000001));
#10336=CARTESIAN_POINT('',(-0.00825,0.00263397459621556,-0.000383333333333334));
#10337=CARTESIAN_POINT('',(-0.00875,0.00292264973081037,-0.000416666666666668));
#10338=CARTESIAN_POINT('',(-0.00875,0.0035,-0.00045));
#10339=CARTESIAN_POINT('',(-0.00875,0.00407735026918962,-0.000483333333333334));
#10340=CARTESIAN_POINT('',(-0.00825,0.00436602540378444,-0.000516666666666668));
#10341=CARTESIAN_POINT('',(-0.00775,0.00465470053837925,-0.000550000000000001));
#10342=CARTESIAN_POINT('',(-0.00725,0.00436602540378444,-0.000583333333333334));
#10343=CARTESIAN_POINT('',(-0.00675000000000001,0.00407735026918963,-0.000616666666666668));
#10344=CARTESIAN_POINT('',(-0.00675,0.0035,-0.00065));
#10345=CARTESIAN_POINT('',(-0.00675,0.00292264973081038,-0.000683333333333334));
#10346=CARTESIAN_POINT('',(-0.00725,0.00263397459621557,-0.000716666666666668));
#10347=CARTESIAN_POINT('',(-0.00775,0.00234529946162075,-0.000750000000000001));
#10348=CARTESIAN_POINT('',(-0.00825,0.00263397459621556,-0.000783333333333334));
#10349=CARTESIAN_POINT('',(-0.00875,0.00292264973081037,-0.000816666666666667));
#10350=CARTESIAN_POINT('',(-0.00875,0.0035,-0.00085));
#10351=CARTESIAN_POINT('',(-0.00875,0.00407735026918962,-0.000883333333333334));
#10352=CARTESIAN_POINT('',(-0.00825,0.00436602540378444,-0.000916666666666668));
#10353=CARTESIAN_POINT('',(-0.00775,0.00465470053837925,-0.000950000000000001));
#10354=CARTESIAN_POINT('',(-0.00725,0.00436602540378444,-0.000983333333333334));
#10355=CARTESIAN_POINT('',(-0.00675000000000001,0.00407735026918963,-0.00101666666666667));
#10356=CARTESIAN_POINT('',(-0.00675,0.0035,-0.00105));
#10357=CARTESIAN_POINT('',(-0.00675,0.00292264973081038,-0.00108333333333333));
#10358=CARTESIAN_POINT('',(-0.00725,0.00263397459621557,-0.00111666666666667));
#10359=CARTESIAN_POINT('',(-0.00775,0.00234529946162075,-0.00115));
#10360=CARTESIAN_POINT('',(-0.00825,0.00263397459621556,-0.00118333333333333));
#10361=CARTESIAN_POINT('',(-0.00875,0.00292264973081037,-0.00121666666666667));
#10362=CARTESIAN_POINT('',(-0.00875,0.0035,-0.00125));
#10363=CARTESIAN_POINT('',(-0.00875,0.00407735026918962,-0.00128333333333333));
#10364=CARTESIAN_POINT('',(-0.00825,0.00436602540378444,-0.00131666666666667));
#10365=CARTESIAN_POINT('',(-0.00775,0.00465470053837925,-0.00135));
#10366=CARTESIAN_POINT('',(-0.00725,0.00436602540378444,-0.00138333333333333));
#10367=CARTESIAN_POINT('',(-0.00675000000000001,0.00407735026918963,-0.00141666666666667));
#10368=CARTESIAN_POINT('',(-0.00675,0.0035,-0.00145));
#10369=CARTESIAN_POINT('',(-0.00675,0.00292264973081038,-0.00148333333333333));
#10370=CARTESIAN_POINT('',(-0.00725,0.00263397459621557,-0.00151666666666667));
#10371=CARTESIAN_POINT('',(-0.00775,0.00234529946162075,-0.00155));
#10372=CARTESIAN_POINT('',(-0.00825,0.00263397459621556,-0.00158333333333334));
#10373=CARTESIAN_POINT('',(-0.00875,0.00292264973081037,-0.00161666666666667));
#10374=CARTESIAN_POINT('',(-0.00875,0.0035,-0.00165));
#10375=CARTESIAN_POINT('',(-0.00875,0.00407735026918962,-0.00168333333333333));
#10376=CARTESIAN_POINT('',(-0.00825,0.00436602540378443,-0.00171666666666667));
#10377=CARTESIAN_POINT('',(-0.00775,0.00465470053837925,-0.00175));
#10378=CARTESIAN_POINT('',(-0.00725,0.00436602540378445,-0.00178333333333333));
#10379=CARTESIAN_POINT('',(-0.00675000000000001,0.00407735026918963,-0.00181666666666667));
#10380=CARTESIAN_POINT('',(-0.00675,0.0035,-0.00185));
#10381=CARTESIAN_POINT('',(-0.00675,0.00292264973081038,-0.00188333333333334));
#10382=CARTESIAN_POINT('',(-0.00725,0.00263397459621557,-0.00191666666666667));
#10383=CARTESIAN_POINT('',(-0.00775,0.00234529946162075,-0.00195));
#10384=CARTESIAN_POINT('',(-0.00825,0.00263397459621556,-0.00198333333333333));
#10385=CARTESIAN_POINT('',(-0.00875,0.00292264973081037,-0.00201666666666667));
#10386=CARTESIAN_POINT('',(-0.00875,0.0035,-0.00205));
#10387=CARTESIAN_POINT('',(-0.00875,0.00407735026918962,-0.00208333333333333));
#10388=CARTESIAN_POINT('',(-0.00825,0.00436602540378443,-0.00211666666666667));
#10389=CARTESIAN_POINT('',(-0.00775000000000001,0.00465470053837925,-0.00215));
#10390=CARTESIAN_POINT('',(-0.00725,0.00436602540378445,-0.00218333333333333));
#10391=CARTESIAN_POINT('',(-0.00675000000000001,0.00407735026918963,-0.00221666666666667));
#10392=CARTESIAN_POINT('',(-0.00675,0.0035,-0.00225));
#10393=CARTESIAN_POINT('',(-0.00675,0.00292264973081038,-0.00228333333333333));
#10394=CARTESIAN_POINT('',(-0.00725,0.00263397459621557,-0.00231666666666667));
#10395=CARTESIAN_POINT('',(-0.00775,0.00234529946162075,-0.00235));
#10396=CARTESIAN_POINT('',(-0.00825,0.00263397459621556,-0.00238333333333333));
#10397=CARTESIAN_POINT('',(-0.00875,0.00292264973081037,-0.00241666666666667));
#10398=CARTESIAN_POINT('',(-0.00875,0.0035,-0.00245));
#10399=CARTESIAN_POINT('',(-0.00875,0.00407735026918962,-0.00248333333333333));
#10400=CARTESIAN_POINT('',(-0.00825,0.00436602540378443,-0.00251666666666667));
#10401=CARTESIAN_POINT('',(-0.00775000000000001,0.00465470053837925,-0.00255));
#10402=CARTESIAN_POINT('',(-0.00725,0.00436602540378445,-0.00258333333333334));
#10403=CARTESIAN_POINT('',(-0.00675000000000001,0.00407735026918963,-0.00261666666666667));
#10404=CARTESIAN_POINT('',(-0.00675,0.0035,-0.00265));
#10405=CARTESIAN_POINT('',(-0.00675,0.00292264973081038,-0.00268333333333333));
#10406=CARTESIAN_POINT('',(-0.00725,0.00263397459621557,-0.00271666666666667));
#10407=CARTESIAN_POINT('',(-0.00774999999999999,0.00234529946162075,-0.00275));
#10408=CARTESIAN_POINT('',(-0.00825,0.00263397459621556,-0.00278333333333333));
#10409=CARTESIAN_POINT('',(-0.00875,0.00292264973081037,-0.00281666666666667));
#10410=CARTESIAN_POINT('',(-0.00875,0.0035,-0.00285));
#10411=CARTESIAN_POINT('',(-0.00875,0.00407735026918962,-0.00288333333333333));
#10412=CARTESIAN_POINT('',(-0.00825,0.00436602540378443,-0.00291666666666667));
#10413=CARTESIAN_POINT('',(-0.00775000000000001,0.00465470053837925,-0.00295));
#10414=CARTESIAN_POINT('',(-0.00725,0.00436602540378445,-0.00298333333333333));
#10415=CARTESIAN_POINT('',(-0.00675000000000001,0.00407735026918963,-0.00301666666666667));
#10416=CARTESIAN_POINT('',(-0.00675,0.0035,-0.00305));
#10417=CARTESIAN_POINT('',(-0.00675,0.00292264973081038,-0.00308333333333333));
#10418=CARTESIAN_POINT('',(-0.00725,0.00263397459621557,-0.00311666666666667));
#10419=CARTESIAN_POINT('',(-0.00774999999999999,0.00234529946162075,-0.00315));
#10420=CARTESIAN_POINT('',(-0.00825,0.00263397459621556,-0.00318333333333333));
#10421=CARTESIAN_POINT('',(-0.00875,0.00292264973081037,-0.00321666666666667));
#10422=CARTESIAN_POINT('',(-0.00875,0.0035,-0.00325));
#10423=CARTESIAN_POINT('',(-0.00875,0.00407735026918961,-0.00328333333333334));
#10424=CARTESIAN_POINT('',(-0.00825,0.00436602540378443,-0.00331666666666667));
#10425=CARTESIAN_POINT('',(-0.00775000000000001,0.00465470053837925,-0.00335));
#10426=CARTESIAN_POINT('',(-0.00725,0.00436602540378445,-0.00338333333333333));
#10427=CARTESIAN_POINT('',(-0.00675000000000001,0.00407735026918963,-0.00341666666666667));
#10428=CARTESIAN_POINT('',(-0.00675,0.0035,-0.00345));
#10429=CARTESIAN_POINT('',(-0.00675,0.00292264973081038,-0.00348333333333333));
#10430=CARTESIAN_POINT('',(-0.00725,0.00263397459621557,-0.00351666666666667));
#10431=CARTESIAN_POINT('',(-0.00774999999999999,0.00234529946162075,-0.00355));
#10432=CARTESIAN_POINT('',(-0.00825,0.00263397459621556,-0.00358333333333334));
#10433=CARTESIAN_POINT('',(-0.00875,0.00292264973081037,-0.00361666666666667));
#10434=CARTESIAN_POINT('',(-0.00875,0.0035,-0.00365));
#10435=CARTESIAN_POINT('',(-0.00875000000000001,0.00407735026918961,-0.00368333333333334));
#10436=CARTESIAN_POINT('',(-0.00825,0.00436602540378443,-0.00371666666666667));
#10437=CARTESIAN_POINT('',(-0.00775000000000001,0.00465470053837925,-0.00375));
#10438=CARTESIAN_POINT('',(-0.00725,0.00436602540378444,-0.00378333333333333));
#10439=CARTESIAN_POINT('',(-0.00675000000000001,0.00407735026918964,-0.00381666666666667));
#10440=CARTESIAN_POINT('',(-0.00675,0.0035,-0.00385));
#10441=CARTESIAN_POINT('',(-0.00675,0.00292264973081038,-0.00388333333333333));
#10442=CARTESIAN_POINT('',(-0.00725,0.00263397459621557,-0.00391666666666667));
#10443=CARTESIAN_POINT('',(-0.00775,0.00234529946162075,-0.00395));
#10444=CARTESIAN_POINT('',(-0.00825,0.00263397459621556,-0.00398333333333334));
#10445=CARTESIAN_POINT('',(-0.00875,0.00292264973081037,-0.00401666666666666));
#10446=CARTESIAN_POINT('',(-0.00875,0.0035,-0.00405));
#10447=CARTESIAN_POINT('',(-0.00875,0.00407735026918962,-0.00408333333333333));
#10448=CARTESIAN_POINT('',(-0.00825,0.00436602540378443,-0.00411666666666667));
#10449=CARTESIAN_POINT('',(-0.00775000000000001,0.00465470053837925,-0.00415));
#10450=CARTESIAN_POINT('',(-0.00725,0.00436602540378445,-0.00418333333333334));
#10451=CARTESIAN_POINT('',(-0.00675000000000001,0.00407735026918963,-0.00421666666666667));
#10452=CARTESIAN_POINT('',(-0.00675,0.0035,-0.00425));
#10453=CARTESIAN_POINT('',(-0.00675,0.00292264973081039,-0.00428333333333333));
#10454=CARTESIAN_POINT('',(-0.00725,0.00263397459621557,-0.00431666666666667));
#10455=CARTESIAN_POINT('',(-0.00774999999999999,0.00234529946162075,-0.00435));
#10456=CARTESIAN_POINT('',(-0.00825,0.00263397459621556,-0.00438333333333334));
#10457=CARTESIAN_POINT('',(-0.00875,0.00292264973081037,-0.00441666666666666));
#10458=CARTESIAN_POINT('',(-0.00875,0.0035,-0.00445));
#10459=CARTESIAN_POINT('',(-0.00875000000000001,0.00407735026918961,-0.00448333333333333));
#10460=CARTESIAN_POINT('',(-0.00825,0.00436602540378443,-0.00451666666666667));
#10461=CARTESIAN_POINT('',(-0.00775000000000001,0.00465470053837925,-0.00455));
#10462=CARTESIAN_POINT('',(-0.00725,0.00436602540378444,-0.00458333333333333));
#10463=CARTESIAN_POINT('',(-0.00675000000000001,0.00407735026918964,-0.00461666666666667));
#10464=CARTESIAN_POINT('',(-0.00675,0.0035,-0.00465));
#10465=CARTESIAN_POINT('',(-0.00830028721038752,0.00294228476291727,-0.000123980757899992));
#10466=CARTESIAN_POINT('',(-0.00853349365,0.00317238520229207,-0.000150858324870001));
#10467=CARTESIAN_POINT('',(-0.00853349365,0.0035,-0.000175));
#10468=CARTESIAN_POINT('',(-0.00853349365,0.00395235026973586,-0.000208333333333334));
#10469=CARTESIAN_POINT('',(-0.008141746825,0.00417852540460379,-0.000241666666666668));
#10470=CARTESIAN_POINT('',(-0.00775,0.00440470053947172,-0.000275000000000001));
#10471=CARTESIAN_POINT('',(-0.007358253175,0.00417852540460379,-0.000308333333333334));
#10472=CARTESIAN_POINT('',(-0.00696650635,0.00395235026973586,-0.000341666666666667));
#10473=CARTESIAN_POINT('',(-0.00696650635,0.0035,-0.000375));
#10474=CARTESIAN_POINT('',(-0.00696650635,0.00304764973026414,-0.000408333333333334));
#10475=CARTESIAN_POINT('',(-0.007358253175,0.00282147459539621,-0.000441666666666668));
#10476=CARTESIAN_POINT('',(-0.00775,0.00259529946052827,-0.000475000000000001));
#10477=CARTESIAN_POINT('',(-0.008141746825,0.00282147459539621,-0.000508333333333334));
#10478=CARTESIAN_POINT('',(-0.00853349365,0.00304764973026414,-0.000541666666666668));
#10479=CARTESIAN_POINT('',(-0.00853349365,0.0035,-0.000575));
#10480=CARTESIAN_POINT('',(-0.00853349365,0.00395235026973586,-0.000608333333333334));
#10481=CARTESIAN_POINT('',(-0.008141746825,0.00417852540460379,-0.000641666666666667));
#10482=CARTESIAN_POINT('',(-0.00775,0.00440470053947172,-0.000675000000000001));
#10483=CARTESIAN_POINT('',(-0.007358253175,0.00417852540460379,-0.000708333333333334));
#10484=CARTESIAN_POINT('',(-0.00696650635,0.00395235026973586,-0.000741666666666667));
#10485=CARTESIAN_POINT('',(-0.00696650635,0.0035,-0.000775));
#10486=CARTESIAN_POINT('',(-0.00696650635,0.00304764973026414,-0.000808333333333334));
#10487=CARTESIAN_POINT('',(-0.007358253175,0.00282147459539621,-0.000841666666666668));
#10488=CARTESIAN_POINT('',(-0.00775,0.00259529946052827,-0.000875000000000001));
#10489=CARTESIAN_POINT('',(-0.008141746825,0.00282147459539621,-0.000908333333333334));
#10490=CARTESIAN_POINT('',(-0.00853349365,0.00304764973026414,-0.000941666666666667));
#10491=CARTESIAN_POINT('',(-0.00853349365,0.0035,-0.000975));
#10492=CARTESIAN_POINT('',(-0.00853349365,0.00395235026973586,-0.00100833333333333));
#10493=CARTESIAN_POINT('',(-0.008141746825,0.00417852540460379,-0.00104166666666667));
#10494=CARTESIAN_POINT('',(-0.00775,0.00440470053947172,-0.001075));
#10495=CARTESIAN_POINT('',(-0.007358253175,0.00417852540460379,-0.00110833333333333));
#10496=CARTESIAN_POINT('',(-0.00696650635,0.00395235026973586,-0.00114166666666667));
#10497=CARTESIAN_POINT('',(-0.00696650635,0.0035,-0.001175));
#10498=CARTESIAN_POINT('',(-0.00696650635,0.00304764973026414,-0.00120833333333333));
#10499=CARTESIAN_POINT('',(-0.007358253175,0.00282147459539621,-0.00124166666666667));
#10500=CARTESIAN_POINT('',(-0.00775,0.00259529946052827,-0.001275));
#10501=CARTESIAN_POINT('',(-0.008141746825,0.00282147459539621,-0.00130833333333333));
#10502=CARTESIAN_POINT('',(-0.00853349365,0.00304764973026414,-0.00134166666666667));
#10503=CARTESIAN_POINT('',(-0.00853349365,0.0035,-0.001375));
#10504=CARTESIAN_POINT('',(-0.00853349365,0.00395235026973586,-0.00140833333333333));
#10505=CARTESIAN_POINT('',(-0.008141746825,0.00417852540460379,-0.00144166666666667));
#10506=CARTESIAN_POINT('',(-0.00775,0.00440470053947172,-0.001475));
#10507=CARTESIAN_POINT('',(-0.007358253175,0.00417852540460379,-0.00150833333333333));
#10508=CARTESIAN_POINT('',(-0.00696650635,0.00395235026973586,-0.00154166666666667));
#10509=CARTESIAN_POINT('',(-0.00696650635,0.0035,-0.001575));
#10510=CARTESIAN_POINT('',(-0.00696650635,0.00304764973026414,-0.00160833333333333));
#10511=CARTESIAN_POINT('',(-0.007358253175,0.00282147459539621,-0.00164166666666667));
#10512=CARTESIAN_POINT('',(-0.00775,0.00259529946052827,-0.001675));
#10513=CARTESIAN_POINT('',(-0.008141746825,0.00282147459539621,-0.00170833333333333));
#10514=CARTESIAN_POINT('',(-0.00853349365,0.00304764973026414,-0.00174166666666667));
#10515=CARTESIAN_POINT('',(-0.00853349365,0.0035,-0.001775));
#10516=CARTESIAN_POINT('',(-0.00853349365,0.00395235026973586,-0.00180833333333333));
#10517=CARTESIAN_POINT('',(-0.008141746825,0.00417852540460379,-0.00184166666666667));
#10518=CARTESIAN_POINT('',(-0.00775,0.00440470053947172,-0.001875));
#10519=CARTESIAN_POINT('',(-0.007358253175,0.00417852540460379,-0.00190833333333334));
#10520=CARTESIAN_POINT('',(-0.00696650635,0.00395235026973586,-0.00194166666666667));
#10521=CARTESIAN_POINT('',(-0.00696650635,0.0035,-0.001975));
#10522=CARTESIAN_POINT('',(-0.00696650635,0.00304764973026414,-0.00200833333333334));
#10523=CARTESIAN_POINT('',(-0.007358253175,0.00282147459539621,-0.00204166666666667));
#10524=CARTESIAN_POINT('',(-0.00775,0.00259529946052827,-0.002075));
#10525=CARTESIAN_POINT('',(-0.008141746825,0.00282147459539621,-0.00210833333333333));
#10526=CARTESIAN_POINT('',(-0.00853349365,0.00304764973026414,-0.00214166666666667));
#10527=CARTESIAN_POINT('',(-0.00853349365,0.0035,-0.002175));
#10528=CARTESIAN_POINT('',(-0.00853349365,0.00395235026973586,-0.00220833333333333));
#10529=CARTESIAN_POINT('',(-0.008141746825,0.00417852540460379,-0.00224166666666667));
#10530=CARTESIAN_POINT('',(-0.00775,0.00440470053947172,-0.002275));
#10531=CARTESIAN_POINT('',(-0.007358253175,0.00417852540460379,-0.00230833333333333));
#10532=CARTESIAN_POINT('',(-0.00696650635,0.00395235026973586,-0.00234166666666667));
#10533=CARTESIAN_POINT('',(-0.00696650635,0.0035,-0.002375));
#10534=CARTESIAN_POINT('',(-0.00696650635,0.00304764973026414,-0.00240833333333333));
#10535=CARTESIAN_POINT('',(-0.007358253175,0.00282147459539621,-0.00244166666666667));
#10536=CARTESIAN_POINT('',(-0.00775,0.00259529946052827,-0.002475));
#10537=CARTESIAN_POINT('',(-0.008141746825,0.00282147459539621,-0.00250833333333334));
#10538=CARTESIAN_POINT('',(-0.00853349365,0.00304764973026414,-0.00254166666666667));
#10539=CARTESIAN_POINT('',(-0.00853349365,0.0035,-0.002575));
#10540=CARTESIAN_POINT('',(-0.00853349365,0.00395235026973586,-0.00260833333333333));
#10541=CARTESIAN_POINT('',(-0.008141746825,0.00417852540460379,-0.00264166666666667));
#10542=CARTESIAN_POINT('',(-0.00775,0.00440470053947172,-0.002675));
#10543=CARTESIAN_POINT('',(-0.007358253175,0.00417852540460379,-0.00270833333333333));
#10544=CARTESIAN_POINT('',(-0.00696650635,0.00395235026973586,-0.00274166666666667));
#10545=CARTESIAN_POINT('',(-0.00696650635,0.0035,-0.002775));
#10546=CARTESIAN_POINT('',(-0.00696650635,0.00304764973026414,-0.00280833333333333));
#10547=CARTESIAN_POINT('',(-0.007358253175,0.00282147459539621,-0.00284166666666667));
#10548=CARTESIAN_POINT('',(-0.00775,0.00259529946052827,-0.002875));
#10549=CARTESIAN_POINT('',(-0.008141746825,0.00282147459539621,-0.00290833333333333));
#10550=CARTESIAN_POINT('',(-0.00853349365,0.00304764973026414,-0.00294166666666667));
#10551=CARTESIAN_POINT('',(-0.00853349365,0.0035,-0.002975));
#10552=CARTESIAN_POINT('',(-0.00853349365,0.00395235026973586,-0.00300833333333333));
#10553=CARTESIAN_POINT('',(-0.008141746825,0.00417852540460379,-0.00304166666666667));
#10554=CARTESIAN_POINT('',(-0.00775,0.00440470053947172,-0.003075));
#10555=CARTESIAN_POINT('',(-0.007358253175,0.00417852540460379,-0.00310833333333333));
#10556=CARTESIAN_POINT('',(-0.00696650635,0.00395235026973586,-0.00314166666666667));
#10557=CARTESIAN_POINT('',(-0.00696650635,0.0035,-0.003175));
#10558=CARTESIAN_POINT('',(-0.00696650635,0.00304764973026414,-0.00320833333333333));
#10559=CARTESIAN_POINT('',(-0.007358253175,0.00282147459539621,-0.00324166666666667));
#10560=CARTESIAN_POINT('',(-0.00775,0.00259529946052827,-0.003275));
#10561=CARTESIAN_POINT('',(-0.008141746825,0.00282147459539621,-0.00330833333333333));
#10562=CARTESIAN_POINT('',(-0.00853349365,0.00304764973026414,-0.00334166666666667));
#10563=CARTESIAN_POINT('',(-0.00853349365,0.0035,-0.003375));
#10564=CARTESIAN_POINT('',(-0.00853349365,0.00395235026973586,-0.00340833333333334));
#10565=CARTESIAN_POINT('',(-0.008141746825,0.00417852540460379,-0.00344166666666667));
#10566=CARTESIAN_POINT('',(-0.00775,0.00440470053947172,-0.003475));
#10567=CARTESIAN_POINT('',(-0.007358253175,0.00417852540460379,-0.00350833333333334));
#10568=CARTESIAN_POINT('',(-0.00696650635,0.00395235026973586,-0.00354166666666667));
#10569=CARTESIAN_POINT('',(-0.00696650635,0.0035,-0.003575));
#10570=CARTESIAN_POINT('',(-0.00696650635,0.00304764973026414,-0.00360833333333333));
#10571=CARTESIAN_POINT('',(-0.007358253175,0.00282147459539621,-0.00364166666666667));
#10572=CARTESIAN_POINT('',(-0.00775,0.00259529946052827,-0.003675));
#10573=CARTESIAN_POINT('',(-0.008141746825,0.00282147459539621,-0.00370833333333333));
#10574=CARTESIAN_POINT('',(-0.00853349365,0.00304764973026414,-0.00374166666666667));
#10575=CARTESIAN_POINT('',(-0.00853349365,0.0035,-0.003775));
#10576=CARTESIAN_POINT('',(-0.00853349365,0.00395235026973586,-0.00380833333333334));
#10577=CARTESIAN_POINT('',(-0.008141746825,0.00417852540460379,-0.00384166666666667));
#10578=CARTESIAN_POINT('',(-0.00775,0.00440470053947172,-0.003875));
#10579=CARTESIAN_POINT('',(-0.007358253175,0.00417852540460379,-0.00390833333333334));
#10580=CARTESIAN_POINT('',(-0.00696650635,0.00395235026973586,-0.00394166666666667));
#10581=CARTESIAN_POINT('',(-0.00696650635,0.0035,-0.003975));
#10582=CARTESIAN_POINT('',(-0.00696650635,0.00304764973026414,-0.00400833333333333));
#10583=CARTESIAN_POINT('',(-0.007358253175,0.00282147459539621,-0.00404166666666667));
#10584=CARTESIAN_POINT('',(-0.00775,0.00259529946052827,-0.004075));
#10585=CARTESIAN_POINT('',(-0.008141746825,0.00282147459539621,-0.00410833333333334));
#10586=CARTESIAN_POINT('',(-0.00853349365,0.00304764973026414,-0.00414166666666667));
#10587=CARTESIAN_POINT('',(-0.00853349365,0.0035,-0.004175));
#10588=CARTESIAN_POINT('',(-0.00853349365,0.00395235026973586,-0.00420833333333333));
#10589=CARTESIAN_POINT('',(-0.008141746825,0.00417852540460379,-0.00424166666666667));
#10590=CARTESIAN_POINT('',(-0.00795760031662642,0.00428484244078361,-0.0042573355031551));
#10591=CARTESIAN_POINT('',(-0.00774497062517728,0.00428347750764091,-0.0042754279443169));
#10592=CARTESIAN_POINT('',(-0.00827866042171005,0.00296420347981076,-0.000152869646830314));
#10593=CARTESIAN_POINT('',(-0.00850270163579571,0.00318526076229764,-0.000179747213800323));
#10594=CARTESIAN_POINT('',(-0.00850270163579572,0.0035,-0.000203888888930322));
#10595=CARTESIAN_POINT('',(-0.00850270163579572,0.00393457249204613,-0.000237222222263656));
#10596=CARTESIAN_POINT('',(-0.00812635081789786,0.00415185873806919,-0.000270555555596989));
#10597=CARTESIAN_POINT('',(-0.00775,0.00436914498409226,-0.000303888888930323));
#10598=CARTESIAN_POINT('',(-0.00737364918210214,0.00415185873806919,-0.000337222222263656));
#10599=CARTESIAN_POINT('',(-0.00699729836420428,0.00393457249204613,-0.000370555555596989));
#10600=CARTESIAN_POINT('',(-0.00699729836420428,0.0035,-0.000403888888930323));
#10601=CARTESIAN_POINT('',(-0.00699729836420428,0.00306542750795387,-0.000437222222263656));
#10602=CARTESIAN_POINT('',(-0.00737364918210214,0.0028481412619308,-0.000470555555596989));
#10603=CARTESIAN_POINT('',(-0.00775,0.00263085501590774,-0.000503888888930322));
#10604=CARTESIAN_POINT('',(-0.00812635081789786,0.0028481412619308,-0.000537222222263656));
#10605=CARTESIAN_POINT('',(-0.00850270163579571,0.00306542750795387,-0.000570555555596989));
#10606=CARTESIAN_POINT('',(-0.00850270163579572,0.0035,-0.000603888888930322));
#10607=CARTESIAN_POINT('',(-0.00850270163579572,0.00393457249204613,-0.000637222222263656));
#10608=CARTESIAN_POINT('',(-0.00812635081789786,0.00415185873806919,-0.000670555555596988));
#10609=CARTESIAN_POINT('',(-0.00775,0.00436914498409226,-0.000703888888930323));
#10610=CARTESIAN_POINT('',(-0.00737364918210214,0.00415185873806919,-0.000737222222263656));
#10611=CARTESIAN_POINT('',(-0.00699729836420428,0.00393457249204613,-0.00077055555559699));
#10612=CARTESIAN_POINT('',(-0.00699729836420428,0.0035,-0.000803888888930322));
#10613=CARTESIAN_POINT('',(-0.00699729836420428,0.00306542750795387,-0.000837222222263656));
#10614=CARTESIAN_POINT('',(-0.00737364918210214,0.0028481412619308,-0.000870555555596989));
#10615=CARTESIAN_POINT('',(-0.00775,0.00263085501590774,-0.000903888888930323));
#10616=CARTESIAN_POINT('',(-0.00812635081789786,0.0028481412619308,-0.000937222222263656));
#10617=CARTESIAN_POINT('',(-0.00850270163579571,0.00306542750795387,-0.000970555555596989));
#10618=CARTESIAN_POINT('',(-0.00850270163579572,0.0035,-0.00100388888893032));
#10619=CARTESIAN_POINT('',(-0.00850270163579572,0.00393457249204613,-0.00103722222226366));
#10620=CARTESIAN_POINT('',(-0.00812635081789786,0.00415185873806919,-0.00107055555559699));
#10621=CARTESIAN_POINT('',(-0.00775,0.00436914498409226,-0.00110388888893032));
#10622=CARTESIAN_POINT('',(-0.00737364918210214,0.00415185873806919,-0.00113722222226366));
#10623=CARTESIAN_POINT('',(-0.00699729836420428,0.00393457249204613,-0.00117055555559699));
#10624=CARTESIAN_POINT('',(-0.00699729836420428,0.0035,-0.00120388888893032));
#10625=CARTESIAN_POINT('',(-0.00699729836420428,0.00306542750795387,-0.00123722222226365));
#10626=CARTESIAN_POINT('',(-0.00737364918210214,0.0028481412619308,-0.00127055555559699));
#10627=CARTESIAN_POINT('',(-0.00775,0.00263085501590774,-0.00130388888893032));
#10628=CARTESIAN_POINT('',(-0.00812635081789786,0.0028481412619308,-0.00133722222226366));
#10629=CARTESIAN_POINT('',(-0.00850270163579571,0.00306542750795387,-0.00137055555559699));
#10630=CARTESIAN_POINT('',(-0.00850270163579572,0.0035,-0.00140388888893032));
#10631=CARTESIAN_POINT('',(-0.00850270163579572,0.00393457249204613,-0.00143722222226366));
#10632=CARTESIAN_POINT('',(-0.00812635081789786,0.00415185873806919,-0.00147055555559699));
#10633=CARTESIAN_POINT('',(-0.00775,0.00436914498409226,-0.00150388888893032));
#10634=CARTESIAN_POINT('',(-0.00737364918210214,0.00415185873806919,-0.00153722222226365));
#10635=CARTESIAN_POINT('',(-0.00699729836420428,0.00393457249204613,-0.00157055555559699));
#10636=CARTESIAN_POINT('',(-0.00699729836420428,0.0035,-0.00160388888893032));
#10637=CARTESIAN_POINT('',(-0.00699729836420428,0.00306542750795387,-0.00163722222226365));
#10638=CARTESIAN_POINT('',(-0.00737364918210214,0.0028481412619308,-0.00167055555559699));
#10639=CARTESIAN_POINT('',(-0.00775,0.00263085501590774,-0.00170388888893032));
#10640=CARTESIAN_POINT('',(-0.00812635081789786,0.0028481412619308,-0.00173722222226365));
#10641=CARTESIAN_POINT('',(-0.00850270163579571,0.00306542750795387,-0.00177055555559699));
#10642=CARTESIAN_POINT('',(-0.00850270163579572,0.0035,-0.00180388888893032));
#10643=CARTESIAN_POINT('',(-0.00850270163579572,0.00393457249204613,-0.00183722222226366));
#10644=CARTESIAN_POINT('',(-0.00812635081789786,0.00415185873806919,-0.00187055555559699));
#10645=CARTESIAN_POINT('',(-0.00775,0.00436914498409226,-0.00190388888893032));
#10646=CARTESIAN_POINT('',(-0.00737364918210214,0.00415185873806919,-0.00193722222226365));
#10647=CARTESIAN_POINT('',(-0.00699729836420428,0.00393457249204613,-0.00197055555559699));
#10648=CARTESIAN_POINT('',(-0.00699729836420428,0.0035,-0.00200388888893032));
#10649=CARTESIAN_POINT('',(-0.00699729836420428,0.00306542750795387,-0.00203722222226366));
#10650=CARTESIAN_POINT('',(-0.00737364918210214,0.0028481412619308,-0.00207055555559699));
#10651=CARTESIAN_POINT('',(-0.00775,0.00263085501590774,-0.00210388888893032));
#10652=CARTESIAN_POINT('',(-0.00812635081789786,0.0028481412619308,-0.00213722222226366));
#10653=CARTESIAN_POINT('',(-0.00850270163579571,0.00306542750795387,-0.00217055555559699));
#10654=CARTESIAN_POINT('',(-0.00850270163579572,0.0035,-0.00220388888893032));
#10655=CARTESIAN_POINT('',(-0.00850270163579572,0.00393457249204613,-0.00223722222226366));
#10656=CARTESIAN_POINT('',(-0.00812635081789786,0.00415185873806919,-0.00227055555559699));
#10657=CARTESIAN_POINT('',(-0.00775,0.00436914498409226,-0.00230388888893032));
#10658=CARTESIAN_POINT('',(-0.00737364918210214,0.00415185873806919,-0.00233722222226365));
#10659=CARTESIAN_POINT('',(-0.00699729836420428,0.00393457249204613,-0.00237055555559698));
#10660=CARTESIAN_POINT('',(-0.00699729836420428,0.0035,-0.00240388888893032));
#10661=CARTESIAN_POINT('',(-0.00699729836420428,0.00306542750795387,-0.00243722222226365));
#10662=CARTESIAN_POINT('',(-0.00737364918210214,0.0028481412619308,-0.00247055555559699));
#10663=CARTESIAN_POINT('',(-0.00775,0.00263085501590774,-0.00250388888893032));
#10664=CARTESIAN_POINT('',(-0.00812635081789786,0.0028481412619308,-0.00253722222226366));
#10665=CARTESIAN_POINT('',(-0.00850270163579571,0.00306542750795387,-0.00257055555559699));
#10666=CARTESIAN_POINT('',(-0.00850270163579572,0.0035,-0.00260388888893032));
#10667=CARTESIAN_POINT('',(-0.00850270163579572,0.00393457249204613,-0.00263722222226366));
#10668=CARTESIAN_POINT('',(-0.00812635081789786,0.00415185873806919,-0.00267055555559699));
#10669=CARTESIAN_POINT('',(-0.00775,0.00436914498409226,-0.00270388888893032));
#10670=CARTESIAN_POINT('',(-0.00737364918210214,0.00415185873806919,-0.00273722222226365));
#10671=CARTESIAN_POINT('',(-0.00699729836420428,0.00393457249204613,-0.00277055555559699));
#10672=CARTESIAN_POINT('',(-0.00699729836420428,0.0035,-0.00280388888893032));
#10673=CARTESIAN_POINT('',(-0.00699729836420428,0.00306542750795387,-0.00283722222226365));
#10674=CARTESIAN_POINT('',(-0.00737364918210214,0.0028481412619308,-0.00287055555559699));
#10675=CARTESIAN_POINT('',(-0.00775,0.00263085501590774,-0.00290388888893032));
#10676=CARTESIAN_POINT('',(-0.00812635081789786,0.0028481412619308,-0.00293722222226365));
#10677=CARTESIAN_POINT('',(-0.00850270163579571,0.00306542750795387,-0.00297055555559699));
#10678=CARTESIAN_POINT('',(-0.00850270163579572,0.0035,-0.00300388888893032));
#10679=CARTESIAN_POINT('',(-0.00850270163579572,0.00393457249204613,-0.00303722222226366));
#10680=CARTESIAN_POINT('',(-0.00812635081789786,0.00415185873806919,-0.00307055555559699));
#10681=CARTESIAN_POINT('',(-0.00775,0.00436914498409226,-0.00310388888893032));
#10682=CARTESIAN_POINT('',(-0.00737364918210214,0.00415185873806919,-0.00313722222226366));
#10683=CARTESIAN_POINT('',(-0.00699729836420428,0.00393457249204613,-0.00317055555559699));
#10684=CARTESIAN_POINT('',(-0.00699729836420428,0.0035,-0.00320388888893032));
#10685=CARTESIAN_POINT('',(-0.00699729836420428,0.00306542750795387,-0.00323722222226365));
#10686=CARTESIAN_POINT('',(-0.00737364918210214,0.0028481412619308,-0.00327055555559699));
#10687=CARTESIAN_POINT('',(-0.00775,0.00263085501590774,-0.00330388888893032));
#10688=CARTESIAN_POINT('',(-0.00812635081789786,0.0028481412619308,-0.00333722222226365));
#10689=CARTESIAN_POINT('',(-0.00850270163579571,0.00306542750795387,-0.00337055555559699));
#10690=CARTESIAN_POINT('',(-0.00850270163579572,0.0035,-0.00340388888893032));
#10691=CARTESIAN_POINT('',(-0.00850270163579572,0.00393457249204613,-0.00343722222226366));
#10692=CARTESIAN_POINT('',(-0.00812635081789786,0.00415185873806919,-0.00347055555559699));
#10693=CARTESIAN_POINT('',(-0.00775,0.00436914498409226,-0.00350388888893032));
#10694=CARTESIAN_POINT('',(-0.00737364918210214,0.00415185873806919,-0.00353722222226366));
#10695=CARTESIAN_POINT('',(-0.00699729836420428,0.00393457249204613,-0.00357055555559699));
#10696=CARTESIAN_POINT('',(-0.00699729836420428,0.0035,-0.00360388888893032));
#10697=CARTESIAN_POINT('',(-0.00699729836420428,0.00306542750795387,-0.00363722222226365));
#10698=CARTESIAN_POINT('',(-0.00737364918210214,0.0028481412619308,-0.00367055555559699));
#10699=CARTESIAN_POINT('',(-0.00775,0.00263085501590774,-0.00370388888893032));
#10700=CARTESIAN_POINT('',(-0.00812635081789786,0.0028481412619308,-0.00373722222226365));
#10701=CARTESIAN_POINT('',(-0.00850270163579571,0.00306542750795387,-0.00377055555559699));
#10702=CARTESIAN_POINT('',(-0.00850270163579572,0.0035,-0.00380388888893032));
#10703=CARTESIAN_POINT('',(-0.00850270163579572,0.00393457249204613,-0.00383722222226365));
#10704=CARTESIAN_POINT('',(-0.00812635081789786,0.00415185873806919,-0.00387055555559699));
#10705=CARTESIAN_POINT('',(-0.00775,0.00436914498409226,-0.00390388888893032));
#10706=CARTESIAN_POINT('',(-0.00737364918210214,0.00415185873806919,-0.00393722222226366));
#10707=CARTESIAN_POINT('',(-0.00699729836420428,0.00393457249204613,-0.00397055555559699));
#10708=CARTESIAN_POINT('',(-0.00699729836420428,0.0035,-0.00400388888893032));
#10709=CARTESIAN_POINT('',(-0.00699729836420428,0.00306542750795387,-0.00403722222226365));
#10710=CARTESIAN_POINT('',(-0.00737364918210214,0.0028481412619308,-0.00407055555559699));
#10711=CARTESIAN_POINT('',(-0.00775,0.00263085501590774,-0.00410388888893032));
#10712=CARTESIAN_POINT('',(-0.00812635081789786,0.0028481412619308,-0.00413722222226365));
#10713=CARTESIAN_POINT('',(-0.00850270163579571,0.00306542750795387,-0.00417055555559699));
#10714=CARTESIAN_POINT('',(-0.00850270163579572,0.0035,-0.00420388888893032));
#10715=CARTESIAN_POINT('',(-0.00850270163579572,0.00393457249204613,-0.00423722222226366));
#10716=CARTESIAN_POINT('',(-0.00812635081789786,0.00415185873806919,-0.00427055555559699));
#10717=CARTESIAN_POINT('',(-0.00794944143506003,0.00425399741787279,-0.00428622439208542));
#10718=CARTESIAN_POINT('',(-0.00774516828418955,0.00425268612784605,-0.00430431683324722));
#10719=CARTESIAN_POINT('',(-0.00827866042171005,0.00296420347981076,-0.00019509186896967));
#10720=CARTESIAN_POINT('',(-0.00850270163579571,0.00318526076229764,-0.000221969435939679));
#10721=CARTESIAN_POINT('',(-0.00850270163579572,0.0035,-0.000246111111069679));
#10722=CARTESIAN_POINT('',(-0.00850270163579572,0.00393457249204613,-0.000279444444403012));
#10723=CARTESIAN_POINT('',(-0.00812635081789786,0.00415185873806919,-0.000312777777736345));
#10724=CARTESIAN_POINT('',(-0.00775,0.00436914498409226,-0.000346111111069678));
#10725=CARTESIAN_POINT('',(-0.00737364918210214,0.00415185873806919,-0.000379444444403012));
#10726=CARTESIAN_POINT('',(-0.00699729836420428,0.00393457249204613,-0.000412777777736345));
#10727=CARTESIAN_POINT('',(-0.00699729836420428,0.0035,-0.000446111111069678));
#10728=CARTESIAN_POINT('',(-0.00699729836420428,0.00306542750795387,-0.000479444444403012));
#10729=CARTESIAN_POINT('',(-0.00737364918210214,0.0028481412619308,-0.000512777777736345));
#10730=CARTESIAN_POINT('',(-0.00775,0.00263085501590774,-0.000546111111069678));
#10731=CARTESIAN_POINT('',(-0.00812635081789786,0.0028481412619308,-0.000579444444403011));
#10732=CARTESIAN_POINT('',(-0.00850270163579571,0.00306542750795387,-0.000612777777736345));
#10733=CARTESIAN_POINT('',(-0.00850270163579572,0.0035,-0.000646111111069678));
#10734=CARTESIAN_POINT('',(-0.00850270163579572,0.00393457249204613,-0.000679444444403012));
#10735=CARTESIAN_POINT('',(-0.00812635081789786,0.00415185873806919,-0.000712777777736345));
#10736=CARTESIAN_POINT('',(-0.00775,0.00436914498409226,-0.000746111111069679));
#10737=CARTESIAN_POINT('',(-0.00737364918210214,0.00415185873806919,-0.000779444444403012));
#10738=CARTESIAN_POINT('',(-0.00699729836420428,0.00393457249204613,-0.000812777777736345));
#10739=CARTESIAN_POINT('',(-0.00699729836420428,0.0035,-0.000846111111069678));
#10740=CARTESIAN_POINT('',(-0.00699729836420428,0.00306542750795387,-0.000879444444403012));
#10741=CARTESIAN_POINT('',(-0.00737364918210214,0.0028481412619308,-0.000912777777736344));
#10742=CARTESIAN_POINT('',(-0.00775,0.00263085501590774,-0.000946111111069678));
#10743=CARTESIAN_POINT('',(-0.00812635081789786,0.0028481412619308,-0.000979444444403012));
#10744=CARTESIAN_POINT('',(-0.00850270163579571,0.00306542750795387,-0.00101277777773634));
#10745=CARTESIAN_POINT('',(-0.00850270163579572,0.0035,-0.00104611111106968));
#10746=CARTESIAN_POINT('',(-0.00850270163579572,0.00393457249204613,-0.00107944444440301));
#10747=CARTESIAN_POINT('',(-0.00812635081789786,0.00415185873806919,-0.00111277777773634));
#10748=CARTESIAN_POINT('',(-0.00775,0.00436914498409226,-0.00114611111106968));
#10749=CARTESIAN_POINT('',(-0.00737364918210214,0.00415185873806919,-0.00117944444440301));
#10750=CARTESIAN_POINT('',(-0.00699729836420428,0.00393457249204613,-0.00121277777773635));
#10751=CARTESIAN_POINT('',(-0.00699729836420428,0.0035,-0.00124611111106968));
#10752=CARTESIAN_POINT('',(-0.00699729836420428,0.00306542750795387,-0.00127944444440301));
#10753=CARTESIAN_POINT('',(-0.00737364918210214,0.0028481412619308,-0.00131277777773634));
#10754=CARTESIAN_POINT('',(-0.00775,0.00263085501590774,-0.00134611111106968));
#10755=CARTESIAN_POINT('',(-0.00812635081789786,0.0028481412619308,-0.00137944444440301));
#10756=CARTESIAN_POINT('',(-0.00850270163579571,0.00306542750795387,-0.00141277777773634));
#10757=CARTESIAN_POINT('',(-0.00850270163579572,0.0035,-0.00144611111106968));
#10758=CARTESIAN_POINT('',(-0.00850270163579572,0.00393457249204613,-0.00147944444440301));
#10759=CARTESIAN_POINT('',(-0.00812635081789786,0.00415185873806919,-0.00151277777773635));
#10760=CARTESIAN_POINT('',(-0.00775,0.00436914498409226,-0.00154611111106968));
#10761=CARTESIAN_POINT('',(-0.00737364918210214,0.00415185873806919,-0.00157944444440301));
#10762=CARTESIAN_POINT('',(-0.00699729836420428,0.00393457249204613,-0.00161277777773634));
#10763=CARTESIAN_POINT('',(-0.00699729836420428,0.0035,-0.00164611111106968));
#10764=CARTESIAN_POINT('',(-0.00699729836420428,0.00306542750795387,-0.00167944444440301));
#10765=CARTESIAN_POINT('',(-0.00737364918210214,0.0028481412619308,-0.00171277777773634));
#10766=CARTESIAN_POINT('',(-0.00775,0.00263085501590774,-0.00174611111106968));
#10767=CARTESIAN_POINT('',(-0.00812635081789786,0.0028481412619308,-0.00177944444440301));
#10768=CARTESIAN_POINT('',(-0.00850270163579571,0.00306542750795387,-0.00181277777773634));
#10769=CARTESIAN_POINT('',(-0.00850270163579572,0.0035,-0.00184611111106968));
#10770=CARTESIAN_POINT('',(-0.00850270163579572,0.00393457249204613,-0.00187944444440301));
#10771=CARTESIAN_POINT('',(-0.00812635081789786,0.00415185873806919,-0.00191277777773634));
#10772=CARTESIAN_POINT('',(-0.00775,0.00436914498409226,-0.00194611111106968));
#10773=CARTESIAN_POINT('',(-0.00737364918210214,0.00415185873806919,-0.00197944444440301));
#10774=CARTESIAN_POINT('',(-0.00699729836420428,0.00393457249204613,-0.00201277777773635));
#10775=CARTESIAN_POINT('',(-0.00699729836420428,0.0035,-0.00204611111106968));
#10776=CARTESIAN_POINT('',(-0.00699729836420428,0.00306542750795387,-0.00207944444440301));
#10777=CARTESIAN_POINT('',(-0.00737364918210214,0.0028481412619308,-0.00211277777773635));
#10778=CARTESIAN_POINT('',(-0.00775,0.00263085501590774,-0.00214611111106968));
#10779=CARTESIAN_POINT('',(-0.00812635081789786,0.0028481412619308,-0.00217944444440301));
#10780=CARTESIAN_POINT('',(-0.00850270163579571,0.00306542750795387,-0.00221277777773634));
#10781=CARTESIAN_POINT('',(-0.00850270163579572,0.0035,-0.00224611111106968));
#10782=CARTESIAN_POINT('',(-0.00850270163579572,0.00393457249204613,-0.00227944444440301));
#10783=CARTESIAN_POINT('',(-0.00812635081789786,0.00415185873806919,-0.00231277777773634));
#10784=CARTESIAN_POINT('',(-0.00775,0.00436914498409226,-0.00234611111106968));
#10785=CARTESIAN_POINT('',(-0.00737364918210214,0.00415185873806919,-0.00237944444440301));
#10786=CARTESIAN_POINT('',(-0.00699729836420428,0.00393457249204613,-0.00241277777773635));
#10787=CARTESIAN_POINT('',(-0.00699729836420428,0.0035,-0.00244611111106968));
#10788=CARTESIAN_POINT('',(-0.00699729836420428,0.00306542750795387,-0.00247944444440301));
#10789=CARTESIAN_POINT('',(-0.00737364918210214,0.0028481412619308,-0.00251277777773635));
#10790=CARTESIAN_POINT('',(-0.00775,0.00263085501590774,-0.00254611111106967));
#10791=CARTESIAN_POINT('',(-0.00812635081789786,0.0028481412619308,-0.00257944444440301));
#10792=CARTESIAN_POINT('',(-0.00850270163579571,0.00306542750795387,-0.00261277777773634));
#10793=CARTESIAN_POINT('',(-0.00850270163579572,0.0035,-0.00264611111106968));
#10794=CARTESIAN_POINT('',(-0.00850270163579572,0.00393457249204613,-0.00267944444440301));
#10795=CARTESIAN_POINT('',(-0.00812635081789786,0.00415185873806919,-0.00271277777773634));
#10796=CARTESIAN_POINT('',(-0.00775,0.00436914498409226,-0.00274611111106968));
#10797=CARTESIAN_POINT('',(-0.00737364918210214,0.00415185873806919,-0.00277944444440301));
#10798=CARTESIAN_POINT('',(-0.00699729836420428,0.00393457249204613,-0.00281277777773635));
#10799=CARTESIAN_POINT('',(-0.00699729836420428,0.0035,-0.00284611111106968));
#10800=CARTESIAN_POINT('',(-0.00699729836420428,0.00306542750795387,-0.00287944444440301));
#10801=CARTESIAN_POINT('',(-0.00737364918210214,0.0028481412619308,-0.00291277777773635));
#10802=CARTESIAN_POINT('',(-0.00775,0.00263085501590774,-0.00294611111106968));
#10803=CARTESIAN_POINT('',(-0.00812635081789786,0.0028481412619308,-0.00297944444440301));
#10804=CARTESIAN_POINT('',(-0.00850270163579571,0.00306542750795387,-0.00301277777773634));
#10805=CARTESIAN_POINT('',(-0.00850270163579572,0.0035,-0.00304611111106967));
#10806=CARTESIAN_POINT('',(-0.00850270163579572,0.00393457249204613,-0.00307944444440301));
#10807=CARTESIAN_POINT('',(-0.00812635081789786,0.00415185873806919,-0.00311277777773634));
#10808=CARTESIAN_POINT('',(-0.00775,0.00436914498409226,-0.00314611111106968));
#10809=CARTESIAN_POINT('',(-0.00737364918210214,0.00415185873806919,-0.00317944444440301));
#10810=CARTESIAN_POINT('',(-0.00699729836420428,0.00393457249204613,-0.00321277777773635));
#10811=CARTESIAN_POINT('',(-0.00699729836420428,0.0035,-0.00324611111106968));
#10812=CARTESIAN_POINT('',(-0.00699729836420428,0.00306542750795387,-0.00327944444440301));
#10813=CARTESIAN_POINT('',(-0.00737364918210214,0.0028481412619308,-0.00331277777773635));
#10814=CARTESIAN_POINT('',(-0.00775,0.00263085501590774,-0.00334611111106968));
#10815=CARTESIAN_POINT('',(-0.00812635081789786,0.0028481412619308,-0.00337944444440301));
#10816=CARTESIAN_POINT('',(-0.00850270163579571,0.00306542750795387,-0.00341277777773634));
#10817=CARTESIAN_POINT('',(-0.00850270163579572,0.0035,-0.00344611111106968));
#10818=CARTESIAN_POINT('',(-0.00850270163579572,0.00393457249204613,-0.00347944444440301));
#10819=CARTESIAN_POINT('',(-0.00812635081789786,0.00415185873806919,-0.00351277777773634));
#10820=CARTESIAN_POINT('',(-0.00775,0.00436914498409226,-0.00354611111106968));
#10821=CARTESIAN_POINT('',(-0.00737364918210214,0.00415185873806919,-0.00357944444440301));
#10822=CARTESIAN_POINT('',(-0.00699729836420428,0.00393457249204613,-0.00361277777773635));
#10823=CARTESIAN_POINT('',(-0.00699729836420428,0.0035,-0.00364611111106968));
#10824=CARTESIAN_POINT('',(-0.00699729836420428,0.00306542750795387,-0.00367944444440301));
#10825=CARTESIAN_POINT('',(-0.00737364918210214,0.0028481412619308,-0.00371277777773634));
#10826=CARTESIAN_POINT('',(-0.00775,0.00263085501590774,-0.00374611111106968));
#10827=CARTESIAN_POINT('',(-0.00812635081789786,0.0028481412619308,-0.00377944444440301));
#10828=CARTESIAN_POINT('',(-0.00850270163579571,0.00306542750795387,-0.00381277777773634));
#10829=CARTESIAN_POINT('',(-0.00850270163579572,0.0035,-0.00384611111106968));
#10830=CARTESIAN_POINT('',(-0.00850270163579572,0.00393457249204613,-0.00387944444440301));
#10831=CARTESIAN_POINT('',(-0.00812635081789786,0.00415185873806919,-0.00391277777773634));
#10832=CARTESIAN_POINT('',(-0.00775,0.00436914498409226,-0.00394611111106967));
#10833=CARTESIAN_POINT('',(-0.00737364918210214,0.00415185873806919,-0.00397944444440301));
#10834=CARTESIAN_POINT('',(-0.00699729836420428,0.00393457249204613,-0.00401277777773634));
#10835=CARTESIAN_POINT('',(-0.00699729836420428,0.0035,-0.00404611111106968));
#10836=CARTESIAN_POINT('',(-0.00699729836420428,0.00306542750795387,-0.00407944444440301));
#10837=CARTESIAN_POINT('',(-0.00737364918210214,0.0028481412619308,-0.00411277777773634));
#10838=CARTESIAN_POINT('',(-0.00775,0.00263085501590774,-0.00414611111106968));
#10839=CARTESIAN_POINT('',(-0.00812635081789786,0.0028481412619308,-0.00417944444440301));
#10840=CARTESIAN_POINT('',(-0.00850270163579571,0.00306542750795387,-0.00421277777773634));
#10841=CARTESIAN_POINT('',(-0.00850270163579572,0.0035,-0.00424611111106968));
#10842=CARTESIAN_POINT('',(-0.00850270163579572,0.00393457249204613,-0.00427944444440301));
#10843=CARTESIAN_POINT('',(-0.00812635081789786,0.00415185873806919,-0.00431277777773635));
#10844=CARTESIAN_POINT('',(-0.00794944143506003,0.00425399741787279,-0.00432844661422477));
#10845=CARTESIAN_POINT('',(-0.00774516828418955,0.00425268612784605,-0.00434653905538658));
#10846=CARTESIAN_POINT('',(-0.00830028721038752,0.00294228476291727,-0.000223980757899992));
#10847=CARTESIAN_POINT('',(-0.00853349365,0.00317238520229207,-0.000250858324870001));
#10848=CARTESIAN_POINT('',(-0.00853349365,0.0035,-0.000275));
#10849=CARTESIAN_POINT('',(-0.00853349365,0.00395235026973586,-0.000308333333333334));
#10850=CARTESIAN_POINT('',(-0.008141746825,0.00417852540460379,-0.000341666666666668));
#10851=CARTESIAN_POINT('',(-0.00775,0.00440470053947172,-0.000375));
#10852=CARTESIAN_POINT('',(-0.007358253175,0.00417852540460379,-0.000408333333333334));
#10853=CARTESIAN_POINT('',(-0.00696650635,0.00395235026973586,-0.000441666666666667));
#10854=CARTESIAN_POINT('',(-0.00696650635,0.0035,-0.000475));
#10855=CARTESIAN_POINT('',(-0.00696650635,0.00304764973026414,-0.000508333333333334));
#10856=CARTESIAN_POINT('',(-0.007358253175,0.00282147459539621,-0.000541666666666667));
#10857=CARTESIAN_POINT('',(-0.00775,0.00259529946052827,-0.000575000000000001));
#10858=CARTESIAN_POINT('',(-0.008141746825,0.00282147459539621,-0.000608333333333334));
#10859=CARTESIAN_POINT('',(-0.00853349365,0.00304764973026414,-0.000641666666666667));
#10860=CARTESIAN_POINT('',(-0.00853349365,0.0035,-0.000675));
#10861=CARTESIAN_POINT('',(-0.00853349365,0.00395235026973586,-0.000708333333333334));
#10862=CARTESIAN_POINT('',(-0.008141746825,0.00417852540460379,-0.000741666666666667));
#10863=CARTESIAN_POINT('',(-0.00775,0.00440470053947172,-0.000775000000000001));
#10864=CARTESIAN_POINT('',(-0.007358253175,0.00417852540460379,-0.000808333333333334));
#10865=CARTESIAN_POINT('',(-0.00696650635,0.00395235026973586,-0.000841666666666667));
#10866=CARTESIAN_POINT('',(-0.00696650635,0.0035,-0.000875));
#10867=CARTESIAN_POINT('',(-0.00696650635,0.00304764973026414,-0.000908333333333334));
#10868=CARTESIAN_POINT('',(-0.007358253175,0.00282147459539621,-0.000941666666666667));
#10869=CARTESIAN_POINT('',(-0.00775,0.00259529946052827,-0.000975));
#10870=CARTESIAN_POINT('',(-0.008141746825,0.00282147459539621,-0.00100833333333333));
#10871=CARTESIAN_POINT('',(-0.00853349365,0.00304764973026414,-0.00104166666666667));
#10872=CARTESIAN_POINT('',(-0.00853349365,0.0035,-0.001075));
#10873=CARTESIAN_POINT('',(-0.00853349365,0.00395235026973586,-0.00110833333333333));
#10874=CARTESIAN_POINT('',(-0.008141746825,0.00417852540460379,-0.00114166666666667));
#10875=CARTESIAN_POINT('',(-0.00775,0.00440470053947172,-0.001175));
#10876=CARTESIAN_POINT('',(-0.007358253175,0.00417852540460379,-0.00120833333333333));
#10877=CARTESIAN_POINT('',(-0.00696650635,0.00395235026973586,-0.00124166666666667));
#10878=CARTESIAN_POINT('',(-0.00696650635,0.0035,-0.001275));
#10879=CARTESIAN_POINT('',(-0.00696650635,0.00304764973026414,-0.00130833333333333));
#10880=CARTESIAN_POINT('',(-0.007358253175,0.00282147459539621,-0.00134166666666667));
#10881=CARTESIAN_POINT('',(-0.00775,0.00259529946052827,-0.001375));
#10882=CARTESIAN_POINT('',(-0.008141746825,0.00282147459539621,-0.00140833333333333));
#10883=CARTESIAN_POINT('',(-0.00853349365,0.00304764973026414,-0.00144166666666667));
#10884=CARTESIAN_POINT('',(-0.00853349365,0.0035,-0.001475));
#10885=CARTESIAN_POINT('',(-0.00853349365,0.00395235026973586,-0.00150833333333333));
#10886=CARTESIAN_POINT('',(-0.008141746825,0.00417852540460379,-0.00154166666666667));
#10887=CARTESIAN_POINT('',(-0.00775,0.00440470053947172,-0.001575));
#10888=CARTESIAN_POINT('',(-0.007358253175,0.00417852540460379,-0.00160833333333333));
#10889=CARTESIAN_POINT('',(-0.00696650635,0.00395235026973586,-0.00164166666666667));
#10890=CARTESIAN_POINT('',(-0.00696650635,0.0035,-0.001675));
#10891=CARTESIAN_POINT('',(-0.00696650635,0.00304764973026414,-0.00170833333333333));
#10892=CARTESIAN_POINT('',(-0.007358253175,0.00282147459539621,-0.00174166666666667));
#10893=CARTESIAN_POINT('',(-0.00775,0.00259529946052827,-0.001775));
#10894=CARTESIAN_POINT('',(-0.008141746825,0.00282147459539621,-0.00180833333333333));
#10895=CARTESIAN_POINT('',(-0.00853349365,0.00304764973026414,-0.00184166666666666));
#10896=CARTESIAN_POINT('',(-0.00853349365,0.0035,-0.001875));
#10897=CARTESIAN_POINT('',(-0.00853349365,0.00395235026973586,-0.00190833333333333));
#10898=CARTESIAN_POINT('',(-0.008141746825,0.00417852540460379,-0.00194166666666667));
#10899=CARTESIAN_POINT('',(-0.00775,0.00440470053947172,-0.001975));
#10900=CARTESIAN_POINT('',(-0.007358253175,0.00417852540460379,-0.00200833333333334));
#10901=CARTESIAN_POINT('',(-0.00696650635,0.00395235026973586,-0.00204166666666667));
#10902=CARTESIAN_POINT('',(-0.00696650635,0.0035,-0.002075));
#10903=CARTESIAN_POINT('',(-0.00696650635,0.00304764973026414,-0.00210833333333333));
#10904=CARTESIAN_POINT('',(-0.007358253175,0.00282147459539621,-0.00214166666666667));
#10905=CARTESIAN_POINT('',(-0.00775,0.00259529946052827,-0.002175));
#10906=CARTESIAN_POINT('',(-0.008141746825,0.00282147459539621,-0.00220833333333333));
#10907=CARTESIAN_POINT('',(-0.00853349365,0.00304764973026414,-0.00224166666666667));
#10908=CARTESIAN_POINT('',(-0.00853349365,0.0035,-0.002275));
#10909=CARTESIAN_POINT('',(-0.00853349365,0.00395235026973586,-0.00230833333333333));
#10910=CARTESIAN_POINT('',(-0.008141746825,0.00417852540460379,-0.00234166666666667));
#10911=CARTESIAN_POINT('',(-0.00775,0.00440470053947172,-0.002375));
#10912=CARTESIAN_POINT('',(-0.007358253175,0.00417852540460379,-0.00240833333333333));
#10913=CARTESIAN_POINT('',(-0.00696650635,0.00395235026973586,-0.00244166666666667));
#10914=CARTESIAN_POINT('',(-0.00696650635,0.0035,-0.002475));
#10915=CARTESIAN_POINT('',(-0.00696650635,0.00304764973026414,-0.00250833333333334));
#10916=CARTESIAN_POINT('',(-0.007358253175,0.00282147459539621,-0.00254166666666667));
#10917=CARTESIAN_POINT('',(-0.00775,0.00259529946052827,-0.002575));
#10918=CARTESIAN_POINT('',(-0.008141746825,0.00282147459539621,-0.00260833333333333));
#10919=CARTESIAN_POINT('',(-0.00853349365,0.00304764973026414,-0.00264166666666667));
#10920=CARTESIAN_POINT('',(-0.00853349365,0.0035,-0.002675));
#10921=CARTESIAN_POINT('',(-0.00853349365,0.00395235026973586,-0.00270833333333333));
#10922=CARTESIAN_POINT('',(-0.008141746825,0.00417852540460379,-0.00274166666666667));
#10923=CARTESIAN_POINT('',(-0.00775,0.00440470053947172,-0.002775));
#10924=CARTESIAN_POINT('',(-0.007358253175,0.00417852540460379,-0.00280833333333333));
#10925=CARTESIAN_POINT('',(-0.00696650635,0.00395235026973586,-0.00284166666666667));
#10926=CARTESIAN_POINT('',(-0.00696650635,0.0035,-0.002875));
#10927=CARTESIAN_POINT('',(-0.00696650635,0.00304764973026414,-0.00290833333333334));
#10928=CARTESIAN_POINT('',(-0.007358253175,0.00282147459539621,-0.00294166666666667));
#10929=CARTESIAN_POINT('',(-0.00775,0.00259529946052827,-0.002975));
#10930=CARTESIAN_POINT('',(-0.008141746825,0.00282147459539621,-0.00300833333333334));
#10931=CARTESIAN_POINT('',(-0.00853349365,0.00304764973026414,-0.00304166666666667));
#10932=CARTESIAN_POINT('',(-0.00853349365,0.0035,-0.003075));
#10933=CARTESIAN_POINT('',(-0.00853349365,0.00395235026973586,-0.00310833333333333));
#10934=CARTESIAN_POINT('',(-0.008141746825,0.00417852540460379,-0.00314166666666667));
#10935=CARTESIAN_POINT('',(-0.00775,0.00440470053947172,-0.003175));
#10936=CARTESIAN_POINT('',(-0.007358253175,0.00417852540460379,-0.00320833333333333));
#10937=CARTESIAN_POINT('',(-0.00696650635,0.00395235026973586,-0.00324166666666667));
#10938=CARTESIAN_POINT('',(-0.00696650635,0.0035,-0.003275));
#10939=CARTESIAN_POINT('',(-0.00696650635,0.00304764973026414,-0.00330833333333333));
#10940=CARTESIAN_POINT('',(-0.007358253175,0.00282147459539621,-0.00334166666666667));
#10941=CARTESIAN_POINT('',(-0.00775,0.00259529946052827,-0.003375));
#10942=CARTESIAN_POINT('',(-0.008141746825,0.00282147459539621,-0.00340833333333333));
#10943=CARTESIAN_POINT('',(-0.00853349365,0.00304764973026414,-0.00344166666666667));
#10944=CARTESIAN_POINT('',(-0.00853349365,0.0035,-0.003475));
#10945=CARTESIAN_POINT('',(-0.00853349365,0.00395235026973586,-0.00350833333333333));
#10946=CARTESIAN_POINT('',(-0.008141746825,0.00417852540460379,-0.00354166666666667));
#10947=CARTESIAN_POINT('',(-0.00775,0.00440470053947172,-0.003575));
#10948=CARTESIAN_POINT('',(-0.007358253175,0.00417852540460379,-0.00360833333333333));
#10949=CARTESIAN_POINT('',(-0.00696650635,0.00395235026973586,-0.00364166666666666));
#10950=CARTESIAN_POINT('',(-0.00696650635,0.0035,-0.003675));
#10951=CARTESIAN_POINT('',(-0.00696650635,0.00304764973026414,-0.00370833333333333));
#10952=CARTESIAN_POINT('',(-0.007358253175,0.00282147459539621,-0.00374166666666667));
#10953=CARTESIAN_POINT('',(-0.00775,0.00259529946052827,-0.003775));
#10954=CARTESIAN_POINT('',(-0.008141746825,0.00282147459539621,-0.00380833333333334));
#10955=CARTESIAN_POINT('',(-0.00853349365,0.00304764973026414,-0.00384166666666667));
#10956=CARTESIAN_POINT('',(-0.00853349365,0.0035,-0.003875));
#10957=CARTESIAN_POINT('',(-0.00853349365,0.00395235026973586,-0.00390833333333333));
#10958=CARTESIAN_POINT('',(-0.008141746825,0.00417852540460379,-0.00394166666666666));
#10959=CARTESIAN_POINT('',(-0.00775,0.00440470053947172,-0.003975));
#10960=CARTESIAN_POINT('',(-0.007358253175,0.00417852540460379,-0.00400833333333334));
#10961=CARTESIAN_POINT('',(-0.00696650635,0.00395235026973586,-0.00404166666666666));
#10962=CARTESIAN_POINT('',(-0.00696650635,0.0035,-0.004075));
#10963=CARTESIAN_POINT('',(-0.00696650635,0.00304764973026414,-0.00410833333333333));
#10964=CARTESIAN_POINT('',(-0.007358253175,0.00282147459539621,-0.00414166666666667));
#10965=CARTESIAN_POINT('',(-0.00775,0.00259529946052827,-0.004175));
#10966=CARTESIAN_POINT('',(-0.008141746825,0.00282147459539621,-0.00420833333333334));
#10967=CARTESIAN_POINT('',(-0.00853349365,0.00304764973026414,-0.00424166666666667));
#10968=CARTESIAN_POINT('',(-0.00853349365,0.0035,-0.004275));
#10969=CARTESIAN_POINT('',(-0.00853349365,0.00395235026973586,-0.00430833333333334));
#10970=CARTESIAN_POINT('',(-0.008141746825,0.00417852540460379,-0.00434166666666667));
#10971=CARTESIAN_POINT('',(-0.00795760031662642,0.00428484244078361,-0.0043573355031551));
#10972=CARTESIAN_POINT('',(-0.00774497062517728,0.00428347750764091,-0.0043754279443169));
#10973=CARTESIAN_POINT('',(-0.00696650635,0.0035,0.000425));
#10974=CARTESIAN_POINT('',(-0.00696650635,0.00304764973026414,0.000391666666666666));
#10975=CARTESIAN_POINT('',(-0.007358253175,0.00282147459539621,0.000358333333333333));
#10976=CARTESIAN_POINT('',(-0.00775,0.00259529946052827,0.000324999999999999));
#10977=CARTESIAN_POINT('',(-0.008141746825,0.00282147459539621,0.000291666666666666));
#10978=CARTESIAN_POINT('',(-0.00853349365,0.00304764973026414,0.000258333333333333));
#10979=CARTESIAN_POINT('',(-0.00853349365,0.0035,0.000225));
#10980=CARTESIAN_POINT('',(-0.00853349365,0.00395235026973586,0.000191666666666666));
#10981=CARTESIAN_POINT('',(-0.008141746825,0.00417852540460379,0.000158333333333333));
#10982=CARTESIAN_POINT('',(-0.00775,0.00440470053947172,0.000124999999999999));
#10983=CARTESIAN_POINT('',(-0.007358253175,0.00417852540460379,9.16666666666661E-5));
#10984=CARTESIAN_POINT('',(-0.00696650635,0.00395235026973586,5.83333333333328E-5));
#10985=CARTESIAN_POINT('',(-0.00696650635,0.0035,2.49999999999994E-5));
#10986=CARTESIAN_POINT('',(-0.00696650635,0.00304764973026414,-8.33333333333393E-6));
#10987=CARTESIAN_POINT('',(-0.007358253175,0.00282147459539621,-4.16666666666673E-5));
#10988=CARTESIAN_POINT('',(-0.00775,0.00259529946052827,-7.50000000000005E-5));
#10989=CARTESIAN_POINT('',(-0.008141746825,0.00282147459539621,-0.000108333333333334));
#10990=CARTESIAN_POINT('',(-0.00853349365,0.00304764973026414,-0.000141666666666667));
#10991=CARTESIAN_POINT('',(-0.00853349365,0.0035,-0.000175));
#10992=CARTESIAN_POINT('',(-0.00853349365,0.00395235026973586,-0.000208333333333334));
#10993=CARTESIAN_POINT('',(-0.008141746825,0.00417852540460379,-0.000241666666666668));
#10994=CARTESIAN_POINT('',(-0.00775,0.00440470053947172,-0.000275));
#10995=CARTESIAN_POINT('',(-0.007358253175,0.00417852540460379,-0.000308333333333334));
#10996=CARTESIAN_POINT('',(-0.00696650635,0.00395235026973586,-0.000341666666666667));
#10997=CARTESIAN_POINT('',(-0.00696650635,0.0035,-0.000375));
#10998=CARTESIAN_POINT('',(-0.00696650635,0.00304764973026414,-0.000408333333333334));
#10999=CARTESIAN_POINT('',(-0.007358253175,0.00282147459539621,-0.000441666666666668));
#11000=CARTESIAN_POINT('',(-0.00775,0.00259529946052827,-0.000475000000000001));
#11001=CARTESIAN_POINT('',(-0.008141746825,0.00282147459539621,-0.000508333333333334));
#11002=CARTESIAN_POINT('',(-0.00853349365,0.00304764973026414,-0.000541666666666668));
#11003=CARTESIAN_POINT('',(-0.00853349365,0.0035,-0.000575));
#11004=CARTESIAN_POINT('',(-0.00853349365,0.00395235026973586,-0.000608333333333334));
#11005=CARTESIAN_POINT('',(-0.008141746825,0.00417852540460379,-0.000641666666666667));
#11006=CARTESIAN_POINT('',(-0.00775,0.00440470053947172,-0.000675000000000001));
#11007=CARTESIAN_POINT('',(-0.007358253175,0.00417852540460379,-0.000708333333333334));
#11008=CARTESIAN_POINT('',(-0.00696650635,0.00395235026973587,-0.000741666666666667));
#11009=CARTESIAN_POINT('',(-0.00696650635,0.0035,-0.000775));
#11010=CARTESIAN_POINT('',(-0.00696650635,0.00304764973026414,-0.000808333333333334));
#11011=CARTESIAN_POINT('',(-0.007358253175,0.00282147459539621,-0.000841666666666667));
#11012=CARTESIAN_POINT('',(-0.00775,0.00259529946052827,-0.000875000000000001));
#11013=CARTESIAN_POINT('',(-0.008141746825,0.00282147459539621,-0.000908333333333334));
#11014=CARTESIAN_POINT('',(-0.00853349364999999,0.00304764973026414,-0.000941666666666667));
#11015=CARTESIAN_POINT('',(-0.00853349365,0.0035,-0.000975));
#11016=CARTESIAN_POINT('',(-0.00853349365,0.00395235026973586,-0.00100833333333333));
#11017=CARTESIAN_POINT('',(-0.008141746825,0.00417852540460379,-0.00104166666666667));
#11018=CARTESIAN_POINT('',(-0.00775,0.00440470053947172,-0.001075));
#11019=CARTESIAN_POINT('',(-0.007358253175,0.00417852540460379,-0.00110833333333333));
#11020=CARTESIAN_POINT('',(-0.00696650635,0.00395235026973587,-0.00114166666666667));
#11021=CARTESIAN_POINT('',(-0.00696650635,0.0035,-0.001175));
#11022=CARTESIAN_POINT('',(-0.00696650635,0.00304764973026414,-0.00120833333333333));
#11023=CARTESIAN_POINT('',(-0.007358253175,0.00282147459539621,-0.00124166666666667));
#11024=CARTESIAN_POINT('',(-0.00775,0.00259529946052827,-0.001275));
#11025=CARTESIAN_POINT('',(-0.008141746825,0.00282147459539621,-0.00130833333333333));
#11026=CARTESIAN_POINT('',(-0.00853349364999999,0.00304764973026414,-0.00134166666666667));
#11027=CARTESIAN_POINT('',(-0.00853349365,0.0035,-0.001375));
#11028=CARTESIAN_POINT('',(-0.00853349365,0.00395235026973586,-0.00140833333333333));
#11029=CARTESIAN_POINT('',(-0.008141746825,0.00417852540460379,-0.00144166666666667));
#11030=CARTESIAN_POINT('',(-0.00775,0.00440470053947172,-0.001475));
#11031=CARTESIAN_POINT('',(-0.007358253175,0.00417852540460379,-0.00150833333333333));
#11032=CARTESIAN_POINT('',(-0.00696650635,0.00395235026973587,-0.00154166666666667));
#11033=CARTESIAN_POINT('',(-0.00696650635,0.0035,-0.001575));
#11034=CARTESIAN_POINT('',(-0.00696650635,0.00304764973026414,-0.00160833333333333));
#11035=CARTESIAN_POINT('',(-0.007358253175,0.00282147459539621,-0.00164166666666666));
#11036=CARTESIAN_POINT('',(-0.00775,0.00259529946052827,-0.001675));
#11037=CARTESIAN_POINT('',(-0.008141746825,0.00282147459539621,-0.00170833333333333));
#11038=CARTESIAN_POINT('',(-0.00853349365,0.00304764973026414,-0.00174166666666667));
#11039=CARTESIAN_POINT('',(-0.00853349365,0.0035,-0.001775));
#11040=CARTESIAN_POINT('',(-0.00853349365,0.00395235026973586,-0.00180833333333333));
#11041=CARTESIAN_POINT('',(-0.00814174682500001,0.00417852540460379,-0.00184166666666667));
#11042=CARTESIAN_POINT('',(-0.00775,0.00440470053947172,-0.001875));
#11043=CARTESIAN_POINT('',(-0.00735825317500001,0.0041785254046038,-0.00190833333333334));
#11044=CARTESIAN_POINT('',(-0.00696650635,0.00395235026973587,-0.00194166666666667));
#11045=CARTESIAN_POINT('',(-0.00696650635,0.0035,-0.001975));
#11046=CARTESIAN_POINT('',(-0.00696650635,0.00304764973026414,-0.00200833333333334));
#11047=CARTESIAN_POINT('',(-0.007358253175,0.00282147459539621,-0.00204166666666667));
#11048=CARTESIAN_POINT('',(-0.00775,0.00259529946052827,-0.002075));
#11049=CARTESIAN_POINT('',(-0.008141746825,0.00282147459539621,-0.00210833333333333));
#11050=CARTESIAN_POINT('',(-0.00853349365,0.00304764973026414,-0.00214166666666667));
#11051=CARTESIAN_POINT('',(-0.00853349365,0.0035,-0.002175));
#11052=CARTESIAN_POINT('',(-0.00853349365,0.00395235026973586,-0.00220833333333333));
#11053=CARTESIAN_POINT('',(-0.00814174682500001,0.00417852540460379,-0.00224166666666667));
#11054=CARTESIAN_POINT('',(-0.00775,0.00440470053947172,-0.002275));
#11055=CARTESIAN_POINT('',(-0.00735825317500001,0.0041785254046038,-0.00230833333333333));
#11056=CARTESIAN_POINT('',(-0.00696650635,0.00395235026973587,-0.00234166666666667));
#11057=CARTESIAN_POINT('',(-0.00696650635,0.0035,-0.002375));
#11058=CARTESIAN_POINT('',(-0.00696650635,0.00304764973026414,-0.00240833333333333));
#11059=CARTESIAN_POINT('',(-0.007358253175,0.00282147459539621,-0.00244166666666666));
#11060=CARTESIAN_POINT('',(-0.00775,0.00259529946052827,-0.002475));
#11061=CARTESIAN_POINT('',(-0.008141746825,0.00282147459539621,-0.00250833333333334));
#11062=CARTESIAN_POINT('',(-0.00853349364999999,0.00304764973026413,-0.00254166666666667));
#11063=CARTESIAN_POINT('',(-0.00853349365,0.0035,-0.002575));
#11064=CARTESIAN_POINT('',(-0.00853349365,0.00395235026973586,-0.00260833333333333));
#11065=CARTESIAN_POINT('',(-0.00814174682500001,0.00417852540460379,-0.00264166666666666));
#11066=CARTESIAN_POINT('',(-0.00775,0.00440470053947172,-0.002675));
#11067=CARTESIAN_POINT('',(-0.00735825317500001,0.0041785254046038,-0.00270833333333333));
#11068=CARTESIAN_POINT('',(-0.00696650635,0.00395235026973587,-0.00274166666666666));
#11069=CARTESIAN_POINT('',(-0.00696650635,0.0035,-0.002775));
#11070=CARTESIAN_POINT('',(-0.00696650635,0.00304764973026414,-0.00280833333333333));
#11071=CARTESIAN_POINT('',(-0.007358253175,0.00282147459539621,-0.00284166666666667));
#11072=CARTESIAN_POINT('',(-0.00775,0.00259529946052827,-0.002875));
#11073=CARTESIAN_POINT('',(-0.008141746825,0.00282147459539621,-0.00290833333333333));
#11074=CARTESIAN_POINT('',(-0.00853349364999999,0.00304764973026413,-0.00294166666666667));
#11075=CARTESIAN_POINT('',(-0.00853349365,0.0035,-0.002975));
#11076=CARTESIAN_POINT('',(-0.00853349365,0.00395235026973586,-0.00300833333333333));
#11077=CARTESIAN_POINT('',(-0.00814174682500001,0.00417852540460379,-0.00304166666666667));
#11078=CARTESIAN_POINT('',(-0.00775,0.00440470053947172,-0.003075));
#11079=CARTESIAN_POINT('',(-0.00735825317500001,0.0041785254046038,-0.00310833333333333));
#11080=CARTESIAN_POINT('',(-0.00696650635,0.00395235026973587,-0.00314166666666666));
#11081=CARTESIAN_POINT('',(-0.00696650635,0.0035,-0.003175));
#11082=CARTESIAN_POINT('',(-0.00696650635,0.00304764973026414,-0.00320833333333333));
#11083=CARTESIAN_POINT('',(-0.007358253175,0.00282147459539621,-0.00324166666666667));
#11084=CARTESIAN_POINT('',(-0.00775,0.00259529946052827,-0.003275));
#11085=CARTESIAN_POINT('',(-0.008141746825,0.00282147459539621,-0.00330833333333333));
#11086=CARTESIAN_POINT('',(-0.00853349364999999,0.00304764973026413,-0.00334166666666667));
#11087=CARTESIAN_POINT('',(-0.00853349365,0.0035,-0.003375));
#11088=CARTESIAN_POINT('',(-0.00853349365,0.00395235026973586,-0.00340833333333334));
#11089=CARTESIAN_POINT('',(-0.00814174682500001,0.00417852540460379,-0.00344166666666666));
#11090=CARTESIAN_POINT('',(-0.00775,0.00440470053947172,-0.003475));
#11091=CARTESIAN_POINT('',(-0.00735825317500001,0.0041785254046038,-0.00350833333333334));
#11092=CARTESIAN_POINT('',(-0.00696650635,0.00395235026973587,-0.00354166666666667));
#11093=CARTESIAN_POINT('',(-0.00696650635,0.0035,-0.003575));
#11094=CARTESIAN_POINT('',(-0.00696650635,0.00304764973026414,-0.00360833333333333));
#11095=CARTESIAN_POINT('',(-0.007358253175,0.00282147459539621,-0.00364166666666667));
#11096=CARTESIAN_POINT('',(-0.00775,0.00259529946052827,-0.003675));
#11097=CARTESIAN_POINT('',(-0.008141746825,0.00282147459539621,-0.00370833333333333));
#11098=CARTESIAN_POINT('',(-0.00853349365,0.00304764973026414,-0.00374166666666667));
#11099=CARTESIAN_POINT('',(-0.00853349365,0.0035,-0.003775));
#11100=CARTESIAN_POINT('',(-0.00853349365,0.00395235026973586,-0.00380833333333334));
#11101=CARTESIAN_POINT('',(-0.00814174682500001,0.00417852540460379,-0.00384166666666667));
#11102=CARTESIAN_POINT('',(-0.00775000000000001,0.00440470053947172,-0.003875));
#11103=CARTESIAN_POINT('',(-0.007358253175,0.00417852540460379,-0.00390833333333334));
#11104=CARTESIAN_POINT('',(-0.00696650635,0.00395235026973587,-0.00394166666666667));
#11105=CARTESIAN_POINT('',(-0.00696650635,0.0035,-0.003975));
#11106=CARTESIAN_POINT('',(-0.00696650635,0.00304764973026414,-0.00400833333333333));
#11107=CARTESIAN_POINT('',(-0.007358253175,0.00282147459539621,-0.00404166666666667));
#11108=CARTESIAN_POINT('',(-0.00775,0.00259529946052827,-0.004075));
#11109=CARTESIAN_POINT('',(-0.00814174682499999,0.00282147459539621,-0.00410833333333334));
#11110=CARTESIAN_POINT('',(-0.00853349364999999,0.00304764973026413,-0.00414166666666667));
#11111=CARTESIAN_POINT('',(-0.00853349365,0.0035,-0.004175));
#11112=CARTESIAN_POINT('',(-0.00853349365,0.00395235026973586,-0.00420833333333333));
#11113=CARTESIAN_POINT('',(-0.00814174682500001,0.00417852540460379,-0.00424166666666667));
#11114=CARTESIAN_POINT('',(-0.00775000000000001,0.00440470053947172,-0.004275));
#11115=CARTESIAN_POINT('',(-0.00735825317500001,0.0041785254046038,-0.00430833333333334));
#11116=CARTESIAN_POINT('',(-0.00696650635,0.00395235026973587,-0.00434166666666667));
#11117=CARTESIAN_POINT('',(-0.00696650635,0.0035,-0.004375));
#11118=CARTESIAN_POINT('',(-0.00696650634999999,0.00304764973026415,-0.00440833333333333));
#11119=CARTESIAN_POINT('',(-0.00735825317499999,0.00282147459539621,-0.00444166666666667));
#11120=CARTESIAN_POINT('',(-0.00775,0.00259529946052827,-0.004475));
#11121=CARTESIAN_POINT('',(-0.008141746825,0.00282147459539621,-0.00450833333333334));
#11122=CARTESIAN_POINT('',(-0.00853349364999999,0.00304764973026414,-0.00454166666666667));
#11123=CARTESIAN_POINT('',(-0.00853349365,0.0035,-0.004575));
#11124=CARTESIAN_POINT('',(-0.00853349365,0.00395235026973586,-0.00460833333333333));
#11125=CARTESIAN_POINT('',(-0.00814174682500001,0.00417852540460379,-0.00464166666666667));
#11126=CARTESIAN_POINT('',(-0.00775000000000001,0.00440470053947172,-0.004675));
#11127=CARTESIAN_POINT('',(-0.007358253175,0.00417852540460379,-0.00470833333333333));
#11128=CARTESIAN_POINT('',(-0.00696650635,0.00395235026973587,-0.00474166666666667));
#11129=CARTESIAN_POINT('',(-0.00696650635,0.0035,-0.004775));
#11130=CARTESIAN_POINT('',(-0.00696650635,0.0035,0.000325));
#11131=CARTESIAN_POINT('',(-0.00696650635,0.00304764973026414,0.000291666666666666));
#11132=CARTESIAN_POINT('',(-0.007358253175,0.00282147459539621,0.000258333333333333));
#11133=CARTESIAN_POINT('',(-0.00775,0.00259529946052827,0.000225));
#11134=CARTESIAN_POINT('',(-0.008141746825,0.00282147459539621,0.000191666666666666));
#11135=CARTESIAN_POINT('',(-0.00853349365,0.00304764973026414,0.000158333333333333));
#11136=CARTESIAN_POINT('',(-0.00853349365,0.0035,0.000125));
#11137=CARTESIAN_POINT('',(-0.00853349365,0.00395235026973586,9.16666666666661E-5));
#11138=CARTESIAN_POINT('',(-0.008141746825,0.00417852540460379,5.83333333333328E-5));
#11139=CARTESIAN_POINT('',(-0.00775,0.00440470053947172,2.49999999999994E-5));
#11140=CARTESIAN_POINT('',(-0.007358253175,0.00417852540460379,-8.33333333333393E-6));
#11141=CARTESIAN_POINT('',(-0.00696650635,0.00395235026973586,-4.16666666666672E-5));
#11142=CARTESIAN_POINT('',(-0.00696650635,0.0035,-7.5E-5));
#11143=CARTESIAN_POINT('',(-0.00696650635,0.00304764973026414,-0.000108333333333334));
#11144=CARTESIAN_POINT('',(-0.007358253175,0.00282147459539621,-0.000141666666666667));
#11145=CARTESIAN_POINT('',(-0.00775,0.00259529946052827,-0.000175000000000001));
#11146=CARTESIAN_POINT('',(-0.008141746825,0.00282147459539621,-0.000208333333333334));
#11147=CARTESIAN_POINT('',(-0.00853349365,0.00304764973026414,-0.000241666666666667));
#11148=CARTESIAN_POINT('',(-0.00853349365,0.0035,-0.000275));
#11149=CARTESIAN_POINT('',(-0.00853349365,0.00395235026973586,-0.000308333333333334));
#11150=CARTESIAN_POINT('',(-0.008141746825,0.00417852540460379,-0.000341666666666668));
#11151=CARTESIAN_POINT('',(-0.00775,0.00440470053947172,-0.000375));
#11152=CARTESIAN_POINT('',(-0.007358253175,0.00417852540460379,-0.000408333333333334));
#11153=CARTESIAN_POINT('',(-0.00696650635,0.00395235026973586,-0.000441666666666667));
#11154=CARTESIAN_POINT('',(-0.00696650635,0.0035,-0.000475));
#11155=CARTESIAN_POINT('',(-0.00696650635,0.00304764973026414,-0.000508333333333334));
#11156=CARTESIAN_POINT('',(-0.007358253175,0.00282147459539621,-0.000541666666666667));
#11157=CARTESIAN_POINT('',(-0.00775,0.00259529946052827,-0.000575000000000001));
#11158=CARTESIAN_POINT('',(-0.008141746825,0.00282147459539621,-0.000608333333333334));
#11159=CARTESIAN_POINT('',(-0.00853349365,0.00304764973026414,-0.000641666666666667));
#11160=CARTESIAN_POINT('',(-0.00853349365,0.0035,-0.000675));
#11161=CARTESIAN_POINT('',(-0.00853349365,0.00395235026973586,-0.000708333333333334));
#11162=CARTESIAN_POINT('',(-0.008141746825,0.00417852540460379,-0.000741666666666667));
#11163=CARTESIAN_POINT('',(-0.00775,0.00440470053947172,-0.000775000000000001));
#11164=CARTESIAN_POINT('',(-0.007358253175,0.00417852540460379,-0.000808333333333334));
#11165=CARTESIAN_POINT('',(-0.00696650635,0.00395235026973587,-0.000841666666666667));
#11166=CARTESIAN_POINT('',(-0.00696650635,0.0035,-0.000875));
#11167=CARTESIAN_POINT('',(-0.00696650635,0.00304764973026414,-0.000908333333333334));
#11168=CARTESIAN_POINT('',(-0.007358253175,0.00282147459539621,-0.000941666666666667));
#11169=CARTESIAN_POINT('',(-0.00775,0.00259529946052827,-0.000975));
#11170=CARTESIAN_POINT('',(-0.008141746825,0.00282147459539621,-0.00100833333333333));
#11171=CARTESIAN_POINT('',(-0.00853349364999999,0.00304764973026414,-0.00104166666666667));
#11172=CARTESIAN_POINT('',(-0.00853349365,0.0035,-0.001075));
#11173=CARTESIAN_POINT('',(-0.00853349365,0.00395235026973586,-0.00110833333333333));
#11174=CARTESIAN_POINT('',(-0.008141746825,0.00417852540460379,-0.00114166666666667));
#11175=CARTESIAN_POINT('',(-0.00775,0.00440470053947172,-0.001175));
#11176=CARTESIAN_POINT('',(-0.007358253175,0.00417852540460379,-0.00120833333333333));
#11177=CARTESIAN_POINT('',(-0.00696650635,0.00395235026973587,-0.00124166666666667));
#11178=CARTESIAN_POINT('',(-0.00696650635,0.0035,-0.001275));
#11179=CARTESIAN_POINT('',(-0.00696650635,0.00304764973026414,-0.00130833333333333));
#11180=CARTESIAN_POINT('',(-0.007358253175,0.00282147459539621,-0.00134166666666667));
#11181=CARTESIAN_POINT('',(-0.00775,0.00259529946052827,-0.001375));
#11182=CARTESIAN_POINT('',(-0.008141746825,0.00282147459539621,-0.00140833333333333));
#11183=CARTESIAN_POINT('',(-0.00853349364999999,0.00304764973026414,-0.00144166666666667));
#11184=CARTESIAN_POINT('',(-0.00853349365,0.0035,-0.001475));
#11185=CARTESIAN_POINT('',(-0.00853349365,0.00395235026973586,-0.00150833333333333));
#11186=CARTESIAN_POINT('',(-0.008141746825,0.00417852540460379,-0.00154166666666667));
#11187=CARTESIAN_POINT('',(-0.00775,0.00440470053947172,-0.001575));
#11188=CARTESIAN_POINT('',(-0.007358253175,0.00417852540460379,-0.00160833333333333));
#11189=CARTESIAN_POINT('',(-0.00696650635,0.00395235026973587,-0.00164166666666667));
#11190=CARTESIAN_POINT('',(-0.00696650635,0.0035,-0.001675));
#11191=CARTESIAN_POINT('',(-0.00696650635,0.00304764973026414,-0.00170833333333333));
#11192=CARTESIAN_POINT('',(-0.007358253175,0.00282147459539621,-0.00174166666666667));
#11193=CARTESIAN_POINT('',(-0.00775,0.00259529946052827,-0.001775));
#11194=CARTESIAN_POINT('',(-0.008141746825,0.00282147459539621,-0.00180833333333333));
#11195=CARTESIAN_POINT('',(-0.00853349365,0.00304764973026414,-0.00184166666666666));
#11196=CARTESIAN_POINT('',(-0.00853349365,0.0035,-0.001875));
#11197=CARTESIAN_POINT('',(-0.00853349365,0.00395235026973586,-0.00190833333333333));
#11198=CARTESIAN_POINT('',(-0.00814174682500001,0.00417852540460379,-0.00194166666666667));
#11199=CARTESIAN_POINT('',(-0.00775,0.00440470053947172,-0.001975));
#11200=CARTESIAN_POINT('',(-0.00735825317500001,0.0041785254046038,-0.00200833333333334));
#11201=CARTESIAN_POINT('',(-0.00696650635,0.00395235026973587,-0.00204166666666667));
#11202=CARTESIAN_POINT('',(-0.00696650635,0.0035,-0.002075));
#11203=CARTESIAN_POINT('',(-0.00696650635,0.00304764973026414,-0.00210833333333333));
#11204=CARTESIAN_POINT('',(-0.007358253175,0.00282147459539621,-0.00214166666666667));
#11205=CARTESIAN_POINT('',(-0.00775,0.00259529946052827,-0.002175));
#11206=CARTESIAN_POINT('',(-0.008141746825,0.00282147459539621,-0.00220833333333333));
#11207=CARTESIAN_POINT('',(-0.00853349365,0.00304764973026414,-0.00224166666666667));
#11208=CARTESIAN_POINT('',(-0.00853349365,0.0035,-0.002275));
#11209=CARTESIAN_POINT('',(-0.00853349365,0.00395235026973586,-0.00230833333333333));
#11210=CARTESIAN_POINT('',(-0.00814174682500001,0.00417852540460379,-0.00234166666666667));
#11211=CARTESIAN_POINT('',(-0.00775,0.00440470053947172,-0.002375));
#11212=CARTESIAN_POINT('',(-0.00735825317500001,0.0041785254046038,-0.00240833333333333));
#11213=CARTESIAN_POINT('',(-0.00696650635,0.00395235026973587,-0.00244166666666667));
#11214=CARTESIAN_POINT('',(-0.00696650635,0.0035,-0.002475));
#11215=CARTESIAN_POINT('',(-0.00696650635,0.00304764973026414,-0.00250833333333334));
#11216=CARTESIAN_POINT('',(-0.007358253175,0.00282147459539621,-0.00254166666666667));
#11217=CARTESIAN_POINT('',(-0.00775,0.00259529946052827,-0.002575));
#11218=CARTESIAN_POINT('',(-0.008141746825,0.00282147459539621,-0.00260833333333333));
#11219=CARTESIAN_POINT('',(-0.00853349364999999,0.00304764973026413,-0.00264166666666667));
#11220=CARTESIAN_POINT('',(-0.00853349365,0.0035,-0.002675));
#11221=CARTESIAN_POINT('',(-0.00853349365,0.00395235026973586,-0.00270833333333333));
#11222=CARTESIAN_POINT('',(-0.00814174682500001,0.00417852540460379,-0.00274166666666667));
#11223=CARTESIAN_POINT('',(-0.00775,0.00440470053947172,-0.002775));
#11224=CARTESIAN_POINT('',(-0.00735825317500001,0.0041785254046038,-0.00280833333333333));
#11225=CARTESIAN_POINT('',(-0.00696650635,0.00395235026973587,-0.00284166666666667));
#11226=CARTESIAN_POINT('',(-0.00696650635,0.0035,-0.002875));
#11227=CARTESIAN_POINT('',(-0.00696650635,0.00304764973026414,-0.00290833333333334));
#11228=CARTESIAN_POINT('',(-0.007358253175,0.00282147459539621,-0.00294166666666667));
#11229=CARTESIAN_POINT('',(-0.00775,0.00259529946052827,-0.002975));
#11230=CARTESIAN_POINT('',(-0.008141746825,0.00282147459539621,-0.00300833333333334));
#11231=CARTESIAN_POINT('',(-0.00853349364999999,0.00304764973026413,-0.00304166666666667));
#11232=CARTESIAN_POINT('',(-0.00853349365,0.0035,-0.003075));
#11233=CARTESIAN_POINT('',(-0.00853349365,0.00395235026973586,-0.00310833333333333));
#11234=CARTESIAN_POINT('',(-0.00814174682500001,0.00417852540460379,-0.00314166666666667));
#11235=CARTESIAN_POINT('',(-0.00775,0.00440470053947172,-0.003175));
#11236=CARTESIAN_POINT('',(-0.00735825317500001,0.0041785254046038,-0.00320833333333333));
#11237=CARTESIAN_POINT('',(-0.00696650635,0.00395235026973587,-0.00324166666666667));
#11238=CARTESIAN_POINT('',(-0.00696650635,0.0035,-0.003275));
#11239=CARTESIAN_POINT('',(-0.00696650635,0.00304764973026414,-0.00330833333333333));
#11240=CARTESIAN_POINT('',(-0.007358253175,0.00282147459539621,-0.00334166666666667));
#11241=CARTESIAN_POINT('',(-0.00775,0.00259529946052827,-0.003375));
#11242=CARTESIAN_POINT('',(-0.008141746825,0.00282147459539621,-0.00340833333333333));
#11243=CARTESIAN_POINT('',(-0.00853349364999999,0.00304764973026413,-0.00344166666666667));
#11244=CARTESIAN_POINT('',(-0.00853349365,0.0035,-0.003475));
#11245=CARTESIAN_POINT('',(-0.00853349365,0.00395235026973586,-0.00350833333333333));
#11246=CARTESIAN_POINT('',(-0.00814174682500001,0.00417852540460379,-0.00354166666666667));
#11247=CARTESIAN_POINT('',(-0.00775,0.00440470053947172,-0.003575));
#11248=CARTESIAN_POINT('',(-0.00735825317500001,0.0041785254046038,-0.00360833333333333));
#11249=CARTESIAN_POINT('',(-0.00696650635,0.00395235026973587,-0.00364166666666666));
#11250=CARTESIAN_POINT('',(-0.00696650635,0.0035,-0.003675));
#11251=CARTESIAN_POINT('',(-0.00696650635,0.00304764973026414,-0.00370833333333333));
#11252=CARTESIAN_POINT('',(-0.007358253175,0.00282147459539621,-0.00374166666666667));
#11253=CARTESIAN_POINT('',(-0.00775,0.00259529946052827,-0.003775));
#11254=CARTESIAN_POINT('',(-0.008141746825,0.00282147459539621,-0.00380833333333334));
#11255=CARTESIAN_POINT('',(-0.00853349365,0.00304764973026414,-0.00384166666666667));
#11256=CARTESIAN_POINT('',(-0.00853349365,0.0035,-0.003875));
#11257=CARTESIAN_POINT('',(-0.00853349365,0.00395235026973586,-0.00390833333333333));
#11258=CARTESIAN_POINT('',(-0.00814174682500001,0.00417852540460379,-0.00394166666666666));
#11259=CARTESIAN_POINT('',(-0.00775000000000001,0.00440470053947172,-0.003975));
#11260=CARTESIAN_POINT('',(-0.007358253175,0.00417852540460379,-0.00400833333333334));
#11261=CARTESIAN_POINT('',(-0.00696650635,0.00395235026973587,-0.00404166666666666));
#11262=CARTESIAN_POINT('',(-0.00696650635,0.0035,-0.004075));
#11263=CARTESIAN_POINT('',(-0.00696650635,0.00304764973026414,-0.00410833333333333));
#11264=CARTESIAN_POINT('',(-0.007358253175,0.00282147459539621,-0.00414166666666667));
#11265=CARTESIAN_POINT('',(-0.00775,0.00259529946052827,-0.004175));
#11266=CARTESIAN_POINT('',(-0.00814174682499999,0.00282147459539621,-0.00420833333333334));
#11267=CARTESIAN_POINT('',(-0.00853349364999999,0.00304764973026413,-0.00424166666666667));
#11268=CARTESIAN_POINT('',(-0.00853349365,0.0035,-0.004275));
#11269=CARTESIAN_POINT('',(-0.00853349365,0.00395235026973586,-0.00430833333333334));
#11270=CARTESIAN_POINT('',(-0.00814174682500001,0.00417852540460379,-0.00434166666666667));
#11271=CARTESIAN_POINT('',(-0.00775000000000001,0.00440470053947172,-0.004375));
#11272=CARTESIAN_POINT('',(-0.00735825317500001,0.0041785254046038,-0.00440833333333334));
#11273=CARTESIAN_POINT('',(-0.00696650635,0.00395235026973587,-0.00444166666666667));
#11274=CARTESIAN_POINT('',(-0.00696650635,0.0035,-0.004475));
#11275=CARTESIAN_POINT('',(-0.00696650634999999,0.00304764973026415,-0.00450833333333333));
#11276=CARTESIAN_POINT('',(-0.00735825317499999,0.00282147459539621,-0.00454166666666667));
#11277=CARTESIAN_POINT('',(-0.00775,0.00259529946052827,-0.004575));
#11278=CARTESIAN_POINT('',(-0.008141746825,0.00282147459539621,-0.00460833333333333));
#11279=CARTESIAN_POINT('',(-0.00853349364999999,0.00304764973026414,-0.00464166666666667));
#11280=CARTESIAN_POINT('',(-0.00853349365,0.0035,-0.004675));
#11281=CARTESIAN_POINT('',(-0.00853349365,0.00395235026973586,-0.00470833333333333));
#11282=CARTESIAN_POINT('',(-0.00814174682500001,0.00417852540460379,-0.00474166666666667));
#11283=CARTESIAN_POINT('',(-0.00775000000000001,0.00440470053947172,-0.004775));
#11284=CARTESIAN_POINT('',(-0.007358253175,0.00417852540460379,-0.00480833333333333));
#11285=CARTESIAN_POINT('',(-0.00696650635,0.00395235026973587,-0.00484166666666667));
#11286=CARTESIAN_POINT('',(-0.00696650635,0.0035,-0.004875));
#11287=CARTESIAN_POINT('',(-0.00702238044514099,0.00320942800723901,-9.87891547199972E-5));
#11288=CARTESIAN_POINT('',(-0.00712308777207695,0.00295724740407792,-0.000121656685056474));
#11289=CARTESIAN_POINT('',(-0.007358253175,0.00282147459539621,-0.000141666666666667));
#11290=CARTESIAN_POINT('',(-0.00775,0.00259529946052827,-0.000175000000000001));
#11291=CARTESIAN_POINT('',(-0.008141746825,0.00282147459539621,-0.000208333333333334));
#11292=CARTESIAN_POINT('',(-0.00853349365,0.00304764973026414,-0.000241666666666667));
#11293=CARTESIAN_POINT('',(-0.00853349365,0.0035,-0.000275));
#11294=CARTESIAN_POINT('',(-0.00853349365,0.00395235026973586,-0.000308333333333334));
#11295=CARTESIAN_POINT('',(-0.008141746825,0.00417852540460379,-0.000341666666666668));
#11296=CARTESIAN_POINT('',(-0.00775,0.00440470053947172,-0.000375));
#11297=CARTESIAN_POINT('',(-0.007358253175,0.00417852540460379,-0.000408333333333334));
#11298=CARTESIAN_POINT('',(-0.00696650635,0.00395235026973586,-0.000441666666666668));
#11299=CARTESIAN_POINT('',(-0.00696650635,0.0035,-0.000475));
#11300=CARTESIAN_POINT('',(-0.00696650635,0.00304764973026414,-0.000508333333333334));
#11301=CARTESIAN_POINT('',(-0.007358253175,0.00282147459539621,-0.000541666666666668));
#11302=CARTESIAN_POINT('',(-0.00775,0.00259529946052827,-0.000575000000000001));
#11303=CARTESIAN_POINT('',(-0.008141746825,0.00282147459539621,-0.000608333333333334));
#11304=CARTESIAN_POINT('',(-0.00853349365,0.00304764973026414,-0.000641666666666668));
#11305=CARTESIAN_POINT('',(-0.00853349365,0.0035,-0.000675));
#11306=CARTESIAN_POINT('',(-0.00853349365,0.00395235026973586,-0.000708333333333334));
#11307=CARTESIAN_POINT('',(-0.008141746825,0.00417852540460379,-0.000741666666666668));
#11308=CARTESIAN_POINT('',(-0.00775,0.00440470053947172,-0.000775000000000001));
#11309=CARTESIAN_POINT('',(-0.007358253175,0.00417852540460379,-0.000808333333333334));
#11310=CARTESIAN_POINT('',(-0.00696650635,0.00395235026973586,-0.000841666666666667));
#11311=CARTESIAN_POINT('',(-0.00696650635,0.0035,-0.000875));
#11312=CARTESIAN_POINT('',(-0.00696650635,0.00304764973026414,-0.000908333333333334));
#11313=CARTESIAN_POINT('',(-0.007358253175,0.00282147459539621,-0.000941666666666668));
#11314=CARTESIAN_POINT('',(-0.00775,0.00259529946052827,-0.000975000000000001));
#11315=CARTESIAN_POINT('',(-0.008141746825,0.00282147459539621,-0.00100833333333333));
#11316=CARTESIAN_POINT('',(-0.00853349365,0.00304764973026414,-0.00104166666666667));
#11317=CARTESIAN_POINT('',(-0.00853349365,0.0035,-0.001075));
#11318=CARTESIAN_POINT('',(-0.00853349365,0.00395235026973586,-0.00110833333333333));
#11319=CARTESIAN_POINT('',(-0.008141746825,0.00417852540460379,-0.00114166666666667));
#11320=CARTESIAN_POINT('',(-0.00775,0.00440470053947172,-0.001175));
#11321=CARTESIAN_POINT('',(-0.007358253175,0.00417852540460379,-0.00120833333333333));
#11322=CARTESIAN_POINT('',(-0.00696650635,0.00395235026973586,-0.00124166666666667));
#11323=CARTESIAN_POINT('',(-0.00696650635,0.0035,-0.001275));
#11324=CARTESIAN_POINT('',(-0.00696650635,0.00304764973026414,-0.00130833333333333));
#11325=CARTESIAN_POINT('',(-0.007358253175,0.00282147459539621,-0.00134166666666667));
#11326=CARTESIAN_POINT('',(-0.00775,0.00259529946052827,-0.001375));
#11327=CARTESIAN_POINT('',(-0.008141746825,0.00282147459539621,-0.00140833333333333));
#11328=CARTESIAN_POINT('',(-0.00853349365,0.00304764973026414,-0.00144166666666667));
#11329=CARTESIAN_POINT('',(-0.00853349365,0.0035,-0.001475));
#11330=CARTESIAN_POINT('',(-0.00853349365,0.00395235026973586,-0.00150833333333333));
#11331=CARTESIAN_POINT('',(-0.008141746825,0.00417852540460379,-0.00154166666666667));
#11332=CARTESIAN_POINT('',(-0.00775,0.00440470053947172,-0.001575));
#11333=CARTESIAN_POINT('',(-0.007358253175,0.00417852540460379,-0.00160833333333333));
#11334=CARTESIAN_POINT('',(-0.00696650635,0.00395235026973586,-0.00164166666666667));
#11335=CARTESIAN_POINT('',(-0.00696650635,0.0035,-0.001675));
#11336=CARTESIAN_POINT('',(-0.00696650635,0.00304764973026414,-0.00170833333333333));
#11337=CARTESIAN_POINT('',(-0.007358253175,0.00282147459539621,-0.00174166666666667));
#11338=CARTESIAN_POINT('',(-0.00775,0.00259529946052827,-0.001775));
#11339=CARTESIAN_POINT('',(-0.008141746825,0.00282147459539621,-0.00180833333333333));
#11340=CARTESIAN_POINT('',(-0.00853349365,0.00304764973026414,-0.00184166666666666));
#11341=CARTESIAN_POINT('',(-0.00853349365,0.0035,-0.001875));
#11342=CARTESIAN_POINT('',(-0.00853349365,0.00395235026973586,-0.00190833333333333));
#11343=CARTESIAN_POINT('',(-0.008141746825,0.00417852540460379,-0.00194166666666667));
#11344=CARTESIAN_POINT('',(-0.00775,0.00440470053947172,-0.001975));
#11345=CARTESIAN_POINT('',(-0.007358253175,0.00417852540460379,-0.00200833333333334));
#11346=CARTESIAN_POINT('',(-0.00696650635,0.00395235026973586,-0.00204166666666667));
#11347=CARTESIAN_POINT('',(-0.00696650635,0.0035,-0.002075));
#11348=CARTESIAN_POINT('',(-0.00696650635,0.00304764973026414,-0.00210833333333333));
#11349=CARTESIAN_POINT('',(-0.007358253175,0.00282147459539621,-0.00214166666666667));
#11350=CARTESIAN_POINT('',(-0.00775,0.00259529946052827,-0.002175));
#11351=CARTESIAN_POINT('',(-0.008141746825,0.00282147459539621,-0.00220833333333333));
#11352=CARTESIAN_POINT('',(-0.00853349365,0.00304764973026414,-0.00224166666666667));
#11353=CARTESIAN_POINT('',(-0.00853349365,0.0035,-0.002275));
#11354=CARTESIAN_POINT('',(-0.00853349365,0.00395235026973586,-0.00230833333333333));
#11355=CARTESIAN_POINT('',(-0.008141746825,0.00417852540460379,-0.00234166666666667));
#11356=CARTESIAN_POINT('',(-0.00775,0.00440470053947172,-0.002375));
#11357=CARTESIAN_POINT('',(-0.007358253175,0.00417852540460379,-0.00240833333333333));
#11358=CARTESIAN_POINT('',(-0.00696650635,0.00395235026973586,-0.00244166666666667));
#11359=CARTESIAN_POINT('',(-0.00696650635,0.0035,-0.002475));
#11360=CARTESIAN_POINT('',(-0.00696650635,0.00304764973026414,-0.00250833333333334));
#11361=CARTESIAN_POINT('',(-0.007358253175,0.00282147459539621,-0.00254166666666667));
#11362=CARTESIAN_POINT('',(-0.00775,0.00259529946052827,-0.002575));
#11363=CARTESIAN_POINT('',(-0.008141746825,0.00282147459539621,-0.00260833333333333));
#11364=CARTESIAN_POINT('',(-0.00853349365,0.00304764973026414,-0.00264166666666667));
#11365=CARTESIAN_POINT('',(-0.00853349365,0.0035,-0.002675));
#11366=CARTESIAN_POINT('',(-0.00853349365,0.00395235026973586,-0.00270833333333333));
#11367=CARTESIAN_POINT('',(-0.008141746825,0.00417852540460379,-0.00274166666666667));
#11368=CARTESIAN_POINT('',(-0.00775,0.00440470053947172,-0.002775));
#11369=CARTESIAN_POINT('',(-0.007358253175,0.00417852540460379,-0.00280833333333333));
#11370=CARTESIAN_POINT('',(-0.00696650635,0.00395235026973586,-0.00284166666666667));
#11371=CARTESIAN_POINT('',(-0.00696650635,0.0035,-0.002875));
#11372=CARTESIAN_POINT('',(-0.00696650635,0.00304764973026414,-0.00290833333333334));
#11373=CARTESIAN_POINT('',(-0.007358253175,0.00282147459539621,-0.00294166666666667));
#11374=CARTESIAN_POINT('',(-0.00775,0.00259529946052827,-0.002975));
#11375=CARTESIAN_POINT('',(-0.008141746825,0.00282147459539621,-0.00300833333333334));
#11376=CARTESIAN_POINT('',(-0.00853349365,0.00304764973026414,-0.00304166666666667));
#11377=CARTESIAN_POINT('',(-0.00853349365,0.0035,-0.003075));
#11378=CARTESIAN_POINT('',(-0.00853349365,0.00395235026973586,-0.00310833333333333));
#11379=CARTESIAN_POINT('',(-0.008141746825,0.00417852540460379,-0.00314166666666667));
#11380=CARTESIAN_POINT('',(-0.00775,0.00440470053947172,-0.003175));
#11381=CARTESIAN_POINT('',(-0.007358253175,0.00417852540460379,-0.00320833333333333));
#11382=CARTESIAN_POINT('',(-0.00696650635,0.00395235026973586,-0.00324166666666667));
#11383=CARTESIAN_POINT('',(-0.00696650635,0.0035,-0.003275));
#11384=CARTESIAN_POINT('',(-0.00696650635,0.00304764973026414,-0.00330833333333333));
#11385=CARTESIAN_POINT('',(-0.007358253175,0.00282147459539621,-0.00334166666666667));
#11386=CARTESIAN_POINT('',(-0.00775,0.00259529946052827,-0.003375));
#11387=CARTESIAN_POINT('',(-0.008141746825,0.00282147459539621,-0.00340833333333333));
#11388=CARTESIAN_POINT('',(-0.00853349365,0.00304764973026414,-0.00344166666666667));
#11389=CARTESIAN_POINT('',(-0.00853349365,0.0035,-0.003475));
#11390=CARTESIAN_POINT('',(-0.00853349365,0.00395235026973586,-0.00350833333333333));
#11391=CARTESIAN_POINT('',(-0.008141746825,0.00417852540460379,-0.00354166666666667));
#11392=CARTESIAN_POINT('',(-0.00775,0.00440470053947172,-0.003575));
#11393=CARTESIAN_POINT('',(-0.007358253175,0.00417852540460379,-0.00360833333333333));
#11394=CARTESIAN_POINT('',(-0.00696650635,0.00395235026973586,-0.00364166666666666));
#11395=CARTESIAN_POINT('',(-0.00696650635,0.0035,-0.003675));
#11396=CARTESIAN_POINT('',(-0.00696650635,0.00304764973026414,-0.00370833333333333));
#11397=CARTESIAN_POINT('',(-0.007358253175,0.00282147459539621,-0.00374166666666667));
#11398=CARTESIAN_POINT('',(-0.00775,0.00259529946052827,-0.003775));
#11399=CARTESIAN_POINT('',(-0.008141746825,0.00282147459539621,-0.00380833333333334));
#11400=CARTESIAN_POINT('',(-0.00853349365,0.00304764973026414,-0.00384166666666667));
#11401=CARTESIAN_POINT('',(-0.00853349365,0.0035,-0.003875));
#11402=CARTESIAN_POINT('',(-0.00853349365,0.00395235026973586,-0.00390833333333334));
#11403=CARTESIAN_POINT('',(-0.008141746825,0.00417852540460379,-0.00394166666666667));
#11404=CARTESIAN_POINT('',(-0.00775,0.00440470053947172,-0.003975));
#11405=CARTESIAN_POINT('',(-0.007358253175,0.00417852540460379,-0.00400833333333334));
#11406=CARTESIAN_POINT('',(-0.00696650635,0.00395235026973586,-0.00404166666666667));
#11407=CARTESIAN_POINT('',(-0.00696650635,0.0035,-0.004075));
#11408=CARTESIAN_POINT('',(-0.00696650635,0.00304764973026414,-0.00410833333333333));
#11409=CARTESIAN_POINT('',(-0.007358253175,0.00282147459539621,-0.00414166666666667));
#11410=CARTESIAN_POINT('',(-0.00775,0.00259529946052827,-0.004175));
#11411=CARTESIAN_POINT('',(-0.008141746825,0.00282147459539621,-0.00420833333333334));
#11412=CARTESIAN_POINT('',(-0.00852824053881357,0.00304461684510657,-0.00424121968485331));
#11413=CARTESIAN_POINT('',(-0.00853344046478229,0.00349087104978494,-0.00427432503214672));
#11414=CARTESIAN_POINT('',(-0.00682131403699441,0.00312913293201421,-0.000223789154719997));
#11415=CARTESIAN_POINT('',(-0.0069498502758471,0.00280726612025243,-0.000246656685056474));
#11416=CARTESIAN_POINT('',(-0.00725,0.00263397459621557,-0.000266666666666667));
#11417=CARTESIAN_POINT('',(-0.00775,0.00234529946162075,-0.0003));
#11418=CARTESIAN_POINT('',(-0.00825,0.00263397459621557,-0.000333333333333334));
#11419=CARTESIAN_POINT('',(-0.00875,0.00292264973081037,-0.000366666666666667));
#11420=CARTESIAN_POINT('',(-0.00875,0.0035,-0.0004));
#11421=CARTESIAN_POINT('',(-0.00875,0.00407735026918962,-0.000433333333333334));
#11422=CARTESIAN_POINT('',(-0.00825,0.00436602540378444,-0.000466666666666667));
#11423=CARTESIAN_POINT('',(-0.00775,0.00465470053837925,-0.000500000000000001));
#11424=CARTESIAN_POINT('',(-0.00725,0.00436602540378444,-0.000533333333333334));
#11425=CARTESIAN_POINT('',(-0.00675,0.00407735026918962,-0.000566666666666666));
#11426=CARTESIAN_POINT('',(-0.00675,0.0035,-0.0006));
#11427=CARTESIAN_POINT('',(-0.00675,0.00292264973081037,-0.000633333333333334));
#11428=CARTESIAN_POINT('',(-0.00725,0.00263397459621557,-0.000666666666666667));
#11429=CARTESIAN_POINT('',(-0.00775,0.00234529946162075,-0.000700000000000001));
#11430=CARTESIAN_POINT('',(-0.00825,0.00263397459621557,-0.000733333333333334));
#11431=CARTESIAN_POINT('',(-0.00875,0.00292264973081037,-0.000766666666666667));
#11432=CARTESIAN_POINT('',(-0.00875,0.0035,-0.0008));
#11433=CARTESIAN_POINT('',(-0.00875,0.00407735026918962,-0.000833333333333334));
#11434=CARTESIAN_POINT('',(-0.00825,0.00436602540378444,-0.000866666666666667));
#11435=CARTESIAN_POINT('',(-0.00775,0.00465470053837925,-0.0009));
#11436=CARTESIAN_POINT('',(-0.00725,0.00436602540378444,-0.000933333333333334));
#11437=CARTESIAN_POINT('',(-0.00675,0.00407735026918962,-0.000966666666666667));
#11438=CARTESIAN_POINT('',(-0.00675,0.0035,-0.001));
#11439=CARTESIAN_POINT('',(-0.00675,0.00292264973081037,-0.00103333333333333));
#11440=CARTESIAN_POINT('',(-0.00725,0.00263397459621557,-0.00106666666666667));
#11441=CARTESIAN_POINT('',(-0.00775,0.00234529946162075,-0.0011));
#11442=CARTESIAN_POINT('',(-0.00825,0.00263397459621557,-0.00113333333333333));
#11443=CARTESIAN_POINT('',(-0.00875,0.00292264973081037,-0.00116666666666667));
#11444=CARTESIAN_POINT('',(-0.00875,0.0035,-0.0012));
#11445=CARTESIAN_POINT('',(-0.00875,0.00407735026918962,-0.00123333333333333));
#11446=CARTESIAN_POINT('',(-0.00825,0.00436602540378444,-0.00126666666666667));
#11447=CARTESIAN_POINT('',(-0.00775,0.00465470053837925,-0.0013));
#11448=CARTESIAN_POINT('',(-0.00725,0.00436602540378444,-0.00133333333333333));
#11449=CARTESIAN_POINT('',(-0.00675,0.00407735026918962,-0.00136666666666667));
#11450=CARTESIAN_POINT('',(-0.00675,0.0035,-0.0014));
#11451=CARTESIAN_POINT('',(-0.00675,0.00292264973081037,-0.00143333333333333));
#11452=CARTESIAN_POINT('',(-0.00725,0.00263397459621557,-0.00146666666666667));
#11453=CARTESIAN_POINT('',(-0.00775,0.00234529946162075,-0.0015));
#11454=CARTESIAN_POINT('',(-0.00825,0.00263397459621557,-0.00153333333333333));
#11455=CARTESIAN_POINT('',(-0.00875,0.00292264973081037,-0.00156666666666667));
#11456=CARTESIAN_POINT('',(-0.00875,0.0035,-0.0016));
#11457=CARTESIAN_POINT('',(-0.00875,0.00407735026918962,-0.00163333333333333));
#11458=CARTESIAN_POINT('',(-0.00825,0.00436602540378444,-0.00166666666666667));
#11459=CARTESIAN_POINT('',(-0.00775,0.00465470053837925,-0.0017));
#11460=CARTESIAN_POINT('',(-0.00725,0.00436602540378444,-0.00173333333333333));
#11461=CARTESIAN_POINT('',(-0.00675,0.00407735026918962,-0.00176666666666667));
#11462=CARTESIAN_POINT('',(-0.00675,0.0035,-0.0018));
#11463=CARTESIAN_POINT('',(-0.00675,0.00292264973081037,-0.00183333333333333));
#11464=CARTESIAN_POINT('',(-0.00725,0.00263397459621557,-0.00186666666666667));
#11465=CARTESIAN_POINT('',(-0.00775,0.00234529946162075,-0.0019));
#11466=CARTESIAN_POINT('',(-0.00825,0.00263397459621557,-0.00193333333333333));
#11467=CARTESIAN_POINT('',(-0.00875,0.00292264973081037,-0.00196666666666666));
#11468=CARTESIAN_POINT('',(-0.00875,0.0035,-0.002));
#11469=CARTESIAN_POINT('',(-0.00875,0.00407735026918962,-0.00203333333333333));
#11470=CARTESIAN_POINT('',(-0.00825,0.00436602540378444,-0.00206666666666667));
#11471=CARTESIAN_POINT('',(-0.00775,0.00465470053837925,-0.0021));
#11472=CARTESIAN_POINT('',(-0.00725,0.00436602540378444,-0.00213333333333333));
#11473=CARTESIAN_POINT('',(-0.00675,0.00407735026918962,-0.00216666666666667));
#11474=CARTESIAN_POINT('',(-0.00675,0.0035,-0.0022));
#11475=CARTESIAN_POINT('',(-0.00675,0.00292264973081037,-0.00223333333333333));
#11476=CARTESIAN_POINT('',(-0.00725,0.00263397459621557,-0.00226666666666667));
#11477=CARTESIAN_POINT('',(-0.00775,0.00234529946162075,-0.0023));
#11478=CARTESIAN_POINT('',(-0.00825,0.00263397459621557,-0.00233333333333333));
#11479=CARTESIAN_POINT('',(-0.00875,0.00292264973081037,-0.00236666666666666));
#11480=CARTESIAN_POINT('',(-0.00875,0.0035,-0.0024));
#11481=CARTESIAN_POINT('',(-0.00875,0.00407735026918962,-0.00243333333333333));
#11482=CARTESIAN_POINT('',(-0.00825,0.00436602540378444,-0.00246666666666667));
#11483=CARTESIAN_POINT('',(-0.00775,0.00465470053837925,-0.0025));
#11484=CARTESIAN_POINT('',(-0.00725,0.00436602540378444,-0.00253333333333333));
#11485=CARTESIAN_POINT('',(-0.00675,0.00407735026918962,-0.00256666666666667));
#11486=CARTESIAN_POINT('',(-0.00675,0.0035,-0.0026));
#11487=CARTESIAN_POINT('',(-0.00675,0.00292264973081037,-0.00263333333333334));
#11488=CARTESIAN_POINT('',(-0.00725,0.00263397459621557,-0.00266666666666666));
#11489=CARTESIAN_POINT('',(-0.00775,0.00234529946162075,-0.0027));
#11490=CARTESIAN_POINT('',(-0.00825,0.00263397459621557,-0.00273333333333334));
#11491=CARTESIAN_POINT('',(-0.00875,0.00292264973081037,-0.00276666666666667));
#11492=CARTESIAN_POINT('',(-0.00875,0.0035,-0.0028));
#11493=CARTESIAN_POINT('',(-0.00875,0.00407735026918962,-0.00283333333333333));
#11494=CARTESIAN_POINT('',(-0.00825,0.00436602540378444,-0.00286666666666667));
#11495=CARTESIAN_POINT('',(-0.00775,0.00465470053837925,-0.0029));
#11496=CARTESIAN_POINT('',(-0.00725,0.00436602540378444,-0.00293333333333334));
#11497=CARTESIAN_POINT('',(-0.00675,0.00407735026918962,-0.00296666666666667));
#11498=CARTESIAN_POINT('',(-0.00675,0.0035,-0.003));
#11499=CARTESIAN_POINT('',(-0.00675,0.00292264973081037,-0.00303333333333334));
#11500=CARTESIAN_POINT('',(-0.00725,0.00263397459621557,-0.00306666666666667));
#11501=CARTESIAN_POINT('',(-0.00775,0.00234529946162075,-0.0031));
#11502=CARTESIAN_POINT('',(-0.00825,0.00263397459621557,-0.00313333333333333));
#11503=CARTESIAN_POINT('',(-0.00875,0.00292264973081037,-0.00316666666666667));
#11504=CARTESIAN_POINT('',(-0.00875,0.0035,-0.0032));
#11505=CARTESIAN_POINT('',(-0.00875,0.00407735026918962,-0.00323333333333333));
#11506=CARTESIAN_POINT('',(-0.00825,0.00436602540378444,-0.00326666666666667));
#11507=CARTESIAN_POINT('',(-0.00775,0.00465470053837925,-0.0033));
#11508=CARTESIAN_POINT('',(-0.00725,0.00436602540378444,-0.00333333333333333));
#11509=CARTESIAN_POINT('',(-0.00675,0.00407735026918962,-0.00336666666666667));
#11510=CARTESIAN_POINT('',(-0.00675,0.0035,-0.0034));
#11511=CARTESIAN_POINT('',(-0.00675,0.00292264973081037,-0.00343333333333334));
#11512=CARTESIAN_POINT('',(-0.00725,0.00263397459621557,-0.00346666666666667));
#11513=CARTESIAN_POINT('',(-0.00775,0.00234529946162075,-0.0035));
#11514=CARTESIAN_POINT('',(-0.00825,0.00263397459621557,-0.00353333333333333));
#11515=CARTESIAN_POINT('',(-0.00875,0.00292264973081037,-0.00356666666666667));
#11516=CARTESIAN_POINT('',(-0.00875,0.0035,-0.0036));
#11517=CARTESIAN_POINT('',(-0.00875,0.00407735026918962,-0.00363333333333333));
#11518=CARTESIAN_POINT('',(-0.00825,0.00436602540378444,-0.00366666666666666));
#11519=CARTESIAN_POINT('',(-0.00775,0.00465470053837925,-0.0037));
#11520=CARTESIAN_POINT('',(-0.00725,0.00436602540378444,-0.00373333333333334));
#11521=CARTESIAN_POINT('',(-0.00675,0.00407735026918962,-0.00376666666666666));
#11522=CARTESIAN_POINT('',(-0.00675,0.0035,-0.0038));
#11523=CARTESIAN_POINT('',(-0.00675,0.00292264973081037,-0.00383333333333333));
#11524=CARTESIAN_POINT('',(-0.00725,0.00263397459621557,-0.00386666666666667));
#11525=CARTESIAN_POINT('',(-0.00775,0.00234529946162075,-0.0039));
#11526=CARTESIAN_POINT('',(-0.00825,0.00263397459621557,-0.00393333333333334));
#11527=CARTESIAN_POINT('',(-0.00875,0.00292264973081037,-0.00396666666666667));
#11528=CARTESIAN_POINT('',(-0.00875,0.0035,-0.004));
#11529=CARTESIAN_POINT('',(-0.00875,0.00407735026918962,-0.00403333333333333));
#11530=CARTESIAN_POINT('',(-0.00825,0.00436602540378444,-0.00406666666666666));
#11531=CARTESIAN_POINT('',(-0.00775,0.00465470053837925,-0.0041));
#11532=CARTESIAN_POINT('',(-0.00725,0.00436602540378444,-0.00413333333333334));
#11533=CARTESIAN_POINT('',(-0.00675,0.00407735026918962,-0.00416666666666666));
#11534=CARTESIAN_POINT('',(-0.00675,0.0035,-0.0042));
#11535=CARTESIAN_POINT('',(-0.00675,0.00292264973081037,-0.00423333333333333));
#11536=CARTESIAN_POINT('',(-0.00725,0.00263397459621557,-0.00426666666666666));
#11537=CARTESIAN_POINT('',(-0.00775,0.00234529946162075,-0.0043));
#11538=CARTESIAN_POINT('',(-0.00825,0.00263397459621557,-0.00433333333333334));
#11539=CARTESIAN_POINT('',(-0.00874329527279968,0.00291877875475643,-0.00436621968485331));
#11540=CARTESIAN_POINT('',(-0.00874993211787012,0.00348834840561241,-0.00439932503214672));
#11541=CARTESIAN_POINT('',(-0.0084355290360091,0.00308762887978371,-0.00425));
#11542=CARTESIAN_POINT('',(-0.00832075611068285,0.00285849398439319,-0.00424011972460376));
#11543=CARTESIAN_POINT('',(-0.00786510639583283,0.00253358701280411,-0.0042230283490647));
#11544=CARTESIAN_POINT('',(-0.00705874767216871,0.0027527854823346,-0.00419748428435978));
#11545=CARTESIAN_POINT('',(-0.00669078174918401,0.00349224914516901,-0.00417303734571925));
#11546=CARTESIAN_POINT('',(-0.00686847405517281,0.00400769843017384,-0.00415765019338711));
#11547=CARTESIAN_POINT('',(-0.00703647450843745,0.0042006292692219,-0.00415));
#11548=CARTESIAN_POINT('',(-0.00843520362984914,0.00422835155360689,-0.000102544608892325));
#11549=CARTESIAN_POINT('',(-0.00835059794678974,0.00430794515212546,-0.000109960136880685));
#11550=CARTESIAN_POINT('',(-0.00825,0.00436602540378444,-0.000116666666666668));
#11551=CARTESIAN_POINT('',(-0.00775,0.00465470053837925,-0.000150000000000001));
#11552=CARTESIAN_POINT('',(-0.00725,0.00436602540378444,-0.000183333333333334));
#11553=CARTESIAN_POINT('',(-0.00675,0.00407735026918962,-0.000216666666666667));
#11554=CARTESIAN_POINT('',(-0.00675,0.0035,-0.00025));
#11555=CARTESIAN_POINT('',(-0.00675,0.00292264973081037,-0.000283333333333334));
#11556=CARTESIAN_POINT('',(-0.00725,0.00263397459621557,-0.000316666666666668));
#11557=CARTESIAN_POINT('',(-0.00775,0.00234529946162075,-0.000350000000000001));
#11558=CARTESIAN_POINT('',(-0.00825,0.00263397459621557,-0.000383333333333334));
#11559=CARTESIAN_POINT('',(-0.00875,0.00292264973081037,-0.000416666666666668));
#11560=CARTESIAN_POINT('',(-0.00875,0.0035,-0.00045));
#11561=CARTESIAN_POINT('',(-0.00875,0.00407735026918962,-0.000483333333333334));
#11562=CARTESIAN_POINT('',(-0.00825,0.00436602540378444,-0.000516666666666668));
#11563=CARTESIAN_POINT('',(-0.00775,0.00465470053837925,-0.000550000000000001));
#11564=CARTESIAN_POINT('',(-0.00725,0.00436602540378444,-0.000583333333333334));
#11565=CARTESIAN_POINT('',(-0.00675,0.00407735026918962,-0.000616666666666668));
#11566=CARTESIAN_POINT('',(-0.00675,0.0035,-0.00065));
#11567=CARTESIAN_POINT('',(-0.00675,0.00292264973081037,-0.000683333333333334));
#11568=CARTESIAN_POINT('',(-0.00725,0.00263397459621557,-0.000716666666666668));
#11569=CARTESIAN_POINT('',(-0.00775,0.00234529946162075,-0.000750000000000001));
#11570=CARTESIAN_POINT('',(-0.00825,0.00263397459621557,-0.000783333333333334));
#11571=CARTESIAN_POINT('',(-0.00875,0.00292264973081037,-0.000816666666666667));
#11572=CARTESIAN_POINT('',(-0.00875,0.0035,-0.00085));
#11573=CARTESIAN_POINT('',(-0.00875,0.00407735026918962,-0.000883333333333334));
#11574=CARTESIAN_POINT('',(-0.00825,0.00436602540378444,-0.000916666666666668));
#11575=CARTESIAN_POINT('',(-0.00775,0.00465470053837925,-0.000950000000000001));
#11576=CARTESIAN_POINT('',(-0.00725,0.00436602540378444,-0.000983333333333334));
#11577=CARTESIAN_POINT('',(-0.00675,0.00407735026918962,-0.00101666666666667));
#11578=CARTESIAN_POINT('',(-0.00675,0.0035,-0.00105));
#11579=CARTESIAN_POINT('',(-0.00675,0.00292264973081037,-0.00108333333333333));
#11580=CARTESIAN_POINT('',(-0.00725,0.00263397459621557,-0.00111666666666667));
#11581=CARTESIAN_POINT('',(-0.00775,0.00234529946162075,-0.00115));
#11582=CARTESIAN_POINT('',(-0.00825,0.00263397459621557,-0.00118333333333333));
#11583=CARTESIAN_POINT('',(-0.00875,0.00292264973081037,-0.00121666666666667));
#11584=CARTESIAN_POINT('',(-0.00875,0.0035,-0.00125));
#11585=CARTESIAN_POINT('',(-0.00875,0.00407735026918962,-0.00128333333333333));
#11586=CARTESIAN_POINT('',(-0.00825,0.00436602540378444,-0.00131666666666667));
#11587=CARTESIAN_POINT('',(-0.00775,0.00465470053837925,-0.00135));
#11588=CARTESIAN_POINT('',(-0.00725,0.00436602540378444,-0.00138333333333333));
#11589=CARTESIAN_POINT('',(-0.00675,0.00407735026918962,-0.00141666666666667));
#11590=CARTESIAN_POINT('',(-0.00675,0.0035,-0.00145));
#11591=CARTESIAN_POINT('',(-0.00675,0.00292264973081037,-0.00148333333333333));
#11592=CARTESIAN_POINT('',(-0.00725,0.00263397459621557,-0.00151666666666667));
#11593=CARTESIAN_POINT('',(-0.00775,0.00234529946162075,-0.00155));
#11594=CARTESIAN_POINT('',(-0.00825,0.00263397459621557,-0.00158333333333334));
#11595=CARTESIAN_POINT('',(-0.00875,0.00292264973081037,-0.00161666666666667));
#11596=CARTESIAN_POINT('',(-0.00875,0.0035,-0.00165));
#11597=CARTESIAN_POINT('',(-0.00875,0.00407735026918962,-0.00168333333333333));
#11598=CARTESIAN_POINT('',(-0.00825,0.00436602540378444,-0.00171666666666667));
#11599=CARTESIAN_POINT('',(-0.00775,0.00465470053837925,-0.00175));
#11600=CARTESIAN_POINT('',(-0.00725,0.00436602540378444,-0.00178333333333333));
#11601=CARTESIAN_POINT('',(-0.00675,0.00407735026918962,-0.00181666666666667));
#11602=CARTESIAN_POINT('',(-0.00675,0.0035,-0.00185));
#11603=CARTESIAN_POINT('',(-0.00675,0.00292264973081037,-0.00188333333333334));
#11604=CARTESIAN_POINT('',(-0.00725,0.00263397459621557,-0.00191666666666667));
#11605=CARTESIAN_POINT('',(-0.00775,0.00234529946162075,-0.00195));
#11606=CARTESIAN_POINT('',(-0.00825,0.00263397459621557,-0.00198333333333333));
#11607=CARTESIAN_POINT('',(-0.00875,0.00292264973081037,-0.00201666666666667));
#11608=CARTESIAN_POINT('',(-0.00875,0.0035,-0.00205));
#11609=CARTESIAN_POINT('',(-0.00875,0.00407735026918962,-0.00208333333333333));
#11610=CARTESIAN_POINT('',(-0.00825,0.00436602540378444,-0.00211666666666667));
#11611=CARTESIAN_POINT('',(-0.00775,0.00465470053837925,-0.00215));
#11612=CARTESIAN_POINT('',(-0.00725,0.00436602540378444,-0.00218333333333333));
#11613=CARTESIAN_POINT('',(-0.00675,0.00407735026918962,-0.00221666666666667));
#11614=CARTESIAN_POINT('',(-0.00675,0.0035,-0.00225));
#11615=CARTESIAN_POINT('',(-0.00675,0.00292264973081037,-0.00228333333333333));
#11616=CARTESIAN_POINT('',(-0.00725,0.00263397459621557,-0.00231666666666667));
#11617=CARTESIAN_POINT('',(-0.00775,0.00234529946162075,-0.00235));
#11618=CARTESIAN_POINT('',(-0.00825,0.00263397459621557,-0.00238333333333333));
#11619=CARTESIAN_POINT('',(-0.00875,0.00292264973081037,-0.00241666666666667));
#11620=CARTESIAN_POINT('',(-0.00875,0.0035,-0.00245));
#11621=CARTESIAN_POINT('',(-0.00875,0.00407735026918962,-0.00248333333333333));
#11622=CARTESIAN_POINT('',(-0.00825,0.00436602540378444,-0.00251666666666667));
#11623=CARTESIAN_POINT('',(-0.00775,0.00465470053837925,-0.00255));
#11624=CARTESIAN_POINT('',(-0.00725,0.00436602540378444,-0.00258333333333334));
#11625=CARTESIAN_POINT('',(-0.00675,0.00407735026918962,-0.00261666666666667));
#11626=CARTESIAN_POINT('',(-0.00675,0.0035,-0.00265));
#11627=CARTESIAN_POINT('',(-0.00675,0.00292264973081037,-0.00268333333333333));
#11628=CARTESIAN_POINT('',(-0.00725,0.00263397459621557,-0.00271666666666667));
#11629=CARTESIAN_POINT('',(-0.00775,0.00234529946162075,-0.00275));
#11630=CARTESIAN_POINT('',(-0.00825,0.00263397459621557,-0.00278333333333333));
#11631=CARTESIAN_POINT('',(-0.00875,0.00292264973081037,-0.00281666666666667));
#11632=CARTESIAN_POINT('',(-0.00875,0.0035,-0.00285));
#11633=CARTESIAN_POINT('',(-0.00875,0.00407735026918962,-0.00288333333333333));
#11634=CARTESIAN_POINT('',(-0.00825,0.00436602540378444,-0.00291666666666667));
#11635=CARTESIAN_POINT('',(-0.00775,0.00465470053837925,-0.00295));
#11636=CARTESIAN_POINT('',(-0.00725,0.00436602540378444,-0.00298333333333333));
#11637=CARTESIAN_POINT('',(-0.00675,0.00407735026918962,-0.00301666666666667));
#11638=CARTESIAN_POINT('',(-0.00675,0.0035,-0.00305));
#11639=CARTESIAN_POINT('',(-0.00675,0.00292264973081037,-0.00308333333333333));
#11640=CARTESIAN_POINT('',(-0.00725,0.00263397459621557,-0.00311666666666667));
#11641=CARTESIAN_POINT('',(-0.00775,0.00234529946162075,-0.00315));
#11642=CARTESIAN_POINT('',(-0.00825,0.00263397459621557,-0.00318333333333333));
#11643=CARTESIAN_POINT('',(-0.00875,0.00292264973081037,-0.00321666666666667));
#11644=CARTESIAN_POINT('',(-0.00875,0.0035,-0.00325));
#11645=CARTESIAN_POINT('',(-0.00875,0.00407735026918962,-0.00328333333333334));
#11646=CARTESIAN_POINT('',(-0.00825,0.00436602540378444,-0.00331666666666667));
#11647=CARTESIAN_POINT('',(-0.00775,0.00465470053837925,-0.00335));
#11648=CARTESIAN_POINT('',(-0.00725,0.00436602540378444,-0.00338333333333333));
#11649=CARTESIAN_POINT('',(-0.00675,0.00407735026918962,-0.00341666666666667));
#11650=CARTESIAN_POINT('',(-0.00675,0.0035,-0.00345));
#11651=CARTESIAN_POINT('',(-0.00675,0.00292264973081037,-0.00348333333333333));
#11652=CARTESIAN_POINT('',(-0.00725,0.00263397459621557,-0.00351666666666667));
#11653=CARTESIAN_POINT('',(-0.00775,0.00234529946162075,-0.00355));
#11654=CARTESIAN_POINT('',(-0.00825,0.00263397459621557,-0.00358333333333334));
#11655=CARTESIAN_POINT('',(-0.00875,0.00292264973081037,-0.00361666666666667));
#11656=CARTESIAN_POINT('',(-0.00875,0.0035,-0.00365));
#11657=CARTESIAN_POINT('',(-0.00875,0.00407735026918962,-0.00368333333333334));
#11658=CARTESIAN_POINT('',(-0.00825,0.00436602540378444,-0.00371666666666667));
#11659=CARTESIAN_POINT('',(-0.00775,0.00465470053837925,-0.00375));
#11660=CARTESIAN_POINT('',(-0.00725,0.00436602540378444,-0.00378333333333333));
#11661=CARTESIAN_POINT('',(-0.00675,0.00407735026918962,-0.00381666666666667));
#11662=CARTESIAN_POINT('',(-0.00675,0.0035,-0.00385));
#11663=CARTESIAN_POINT('',(-0.00675,0.00292264973081037,-0.00388333333333333));
#11664=CARTESIAN_POINT('',(-0.00725,0.00263397459621557,-0.00391666666666667));
#11665=CARTESIAN_POINT('',(-0.00775,0.00234529946162075,-0.00395));
#11666=CARTESIAN_POINT('',(-0.00825,0.00263397459621557,-0.00398333333333334));
#11667=CARTESIAN_POINT('',(-0.00875,0.00292264973081037,-0.00401666666666666));
#11668=CARTESIAN_POINT('',(-0.00875,0.0035,-0.00405));
#11669=CARTESIAN_POINT('',(-0.00875,0.00407735026918962,-0.00408333333333333));
#11670=CARTESIAN_POINT('',(-0.00825,0.00436602540378444,-0.00411666666666667));
#11671=CARTESIAN_POINT('',(-0.00782790999979023,0.00460971917902779,-0.00414480600001398));
#11672=CARTESIAN_POINT('',(-0.00737591040734313,0.00442739256880019,-0.00417493930617713));
#11673=CARTESIAN_POINT('',(-0.00828685269294375,0.00407065881721863,-0.000227544608892324));
#11674=CARTESIAN_POINT('',(-0.0082205646775128,0.00413301989623858,-0.000234960136880685));
#11675=CARTESIAN_POINT('',(-0.008141746825,0.00417852540460379,-0.000241666666666668));
#11676=CARTESIAN_POINT('',(-0.00775,0.00440470053947172,-0.000275));
#11677=CARTESIAN_POINT('',(-0.007358253175,0.00417852540460379,-0.000308333333333334));
#11678=CARTESIAN_POINT('',(-0.00696650635,0.00395235026973586,-0.000341666666666667));
#11679=CARTESIAN_POINT('',(-0.00696650635,0.0035,-0.000375));
#11680=CARTESIAN_POINT('',(-0.00696650635,0.00304764973026414,-0.000408333333333334));
#11681=CARTESIAN_POINT('',(-0.007358253175,0.00282147459539621,-0.000441666666666668));
#11682=CARTESIAN_POINT('',(-0.00775,0.00259529946052827,-0.000475000000000001));
#11683=CARTESIAN_POINT('',(-0.008141746825,0.00282147459539621,-0.000508333333333334));
#11684=CARTESIAN_POINT('',(-0.00853349365,0.00304764973026414,-0.000541666666666668));
#11685=CARTESIAN_POINT('',(-0.00853349365,0.0035,-0.000575));
#11686=CARTESIAN_POINT('',(-0.00853349365,0.00395235026973586,-0.000608333333333334));
#11687=CARTESIAN_POINT('',(-0.008141746825,0.00417852540460379,-0.000641666666666667));
#11688=CARTESIAN_POINT('',(-0.00775,0.00440470053947172,-0.000675000000000001));
#11689=CARTESIAN_POINT('',(-0.007358253175,0.00417852540460379,-0.000708333333333334));
#11690=CARTESIAN_POINT('',(-0.00696650635,0.00395235026973586,-0.000741666666666667));
#11691=CARTESIAN_POINT('',(-0.00696650635,0.0035,-0.000775));
#11692=CARTESIAN_POINT('',(-0.00696650635,0.00304764973026414,-0.000808333333333334));
#11693=CARTESIAN_POINT('',(-0.007358253175,0.00282147459539621,-0.000841666666666667));
#11694=CARTESIAN_POINT('',(-0.00775,0.00259529946052827,-0.000875000000000001));
#11695=CARTESIAN_POINT('',(-0.008141746825,0.00282147459539621,-0.000908333333333334));
#11696=CARTESIAN_POINT('',(-0.00853349365,0.00304764973026414,-0.000941666666666667));
#11697=CARTESIAN_POINT('',(-0.00853349365,0.0035,-0.000975));
#11698=CARTESIAN_POINT('',(-0.00853349365,0.00395235026973586,-0.00100833333333333));
#11699=CARTESIAN_POINT('',(-0.008141746825,0.00417852540460379,-0.00104166666666667));
#11700=CARTESIAN_POINT('',(-0.00775,0.00440470053947172,-0.001075));
#11701=CARTESIAN_POINT('',(-0.007358253175,0.00417852540460379,-0.00110833333333333));
#11702=CARTESIAN_POINT('',(-0.00696650635,0.00395235026973586,-0.00114166666666667));
#11703=CARTESIAN_POINT('',(-0.00696650635,0.0035,-0.001175));
#11704=CARTESIAN_POINT('',(-0.00696650635,0.00304764973026414,-0.00120833333333333));
#11705=CARTESIAN_POINT('',(-0.007358253175,0.00282147459539621,-0.00124166666666667));
#11706=CARTESIAN_POINT('',(-0.00775,0.00259529946052827,-0.001275));
#11707=CARTESIAN_POINT('',(-0.008141746825,0.00282147459539621,-0.00130833333333333));
#11708=CARTESIAN_POINT('',(-0.00853349365,0.00304764973026414,-0.00134166666666667));
#11709=CARTESIAN_POINT('',(-0.00853349365,0.0035,-0.001375));
#11710=CARTESIAN_POINT('',(-0.00853349365,0.00395235026973586,-0.00140833333333333));
#11711=CARTESIAN_POINT('',(-0.008141746825,0.00417852540460379,-0.00144166666666667));
#11712=CARTESIAN_POINT('',(-0.00775,0.00440470053947172,-0.001475));
#11713=CARTESIAN_POINT('',(-0.007358253175,0.00417852540460379,-0.00150833333333333));
#11714=CARTESIAN_POINT('',(-0.00696650635,0.00395235026973586,-0.00154166666666667));
#11715=CARTESIAN_POINT('',(-0.00696650635,0.0035,-0.001575));
#11716=CARTESIAN_POINT('',(-0.00696650635,0.00304764973026414,-0.00160833333333333));
#11717=CARTESIAN_POINT('',(-0.007358253175,0.00282147459539621,-0.00164166666666666));
#11718=CARTESIAN_POINT('',(-0.00775,0.00259529946052827,-0.001675));
#11719=CARTESIAN_POINT('',(-0.008141746825,0.00282147459539621,-0.00170833333333333));
#11720=CARTESIAN_POINT('',(-0.00853349365,0.00304764973026414,-0.00174166666666667));
#11721=CARTESIAN_POINT('',(-0.00853349365,0.0035,-0.001775));
#11722=CARTESIAN_POINT('',(-0.00853349365,0.00395235026973586,-0.00180833333333333));
#11723=CARTESIAN_POINT('',(-0.008141746825,0.00417852540460379,-0.00184166666666667));
#11724=CARTESIAN_POINT('',(-0.00775,0.00440470053947172,-0.001875));
#11725=CARTESIAN_POINT('',(-0.007358253175,0.00417852540460379,-0.00190833333333334));
#11726=CARTESIAN_POINT('',(-0.00696650635,0.00395235026973586,-0.00194166666666667));
#11727=CARTESIAN_POINT('',(-0.00696650635,0.0035,-0.001975));
#11728=CARTESIAN_POINT('',(-0.00696650635,0.00304764973026414,-0.00200833333333334));
#11729=CARTESIAN_POINT('',(-0.007358253175,0.00282147459539621,-0.00204166666666667));
#11730=CARTESIAN_POINT('',(-0.00775,0.00259529946052827,-0.002075));
#11731=CARTESIAN_POINT('',(-0.008141746825,0.00282147459539621,-0.00210833333333333));
#11732=CARTESIAN_POINT('',(-0.00853349365,0.00304764973026414,-0.00214166666666667));
#11733=CARTESIAN_POINT('',(-0.00853349365,0.0035,-0.002175));
#11734=CARTESIAN_POINT('',(-0.00853349365,0.00395235026973586,-0.00220833333333333));
#11735=CARTESIAN_POINT('',(-0.008141746825,0.00417852540460379,-0.00224166666666667));
#11736=CARTESIAN_POINT('',(-0.00775,0.00440470053947172,-0.002275));
#11737=CARTESIAN_POINT('',(-0.007358253175,0.00417852540460379,-0.00230833333333333));
#11738=CARTESIAN_POINT('',(-0.00696650635,0.00395235026973586,-0.00234166666666667));
#11739=CARTESIAN_POINT('',(-0.00696650635,0.0035,-0.002375));
#11740=CARTESIAN_POINT('',(-0.00696650635,0.00304764973026414,-0.00240833333333333));
#11741=CARTESIAN_POINT('',(-0.007358253175,0.00282147459539621,-0.00244166666666666));
#11742=CARTESIAN_POINT('',(-0.00775,0.00259529946052827,-0.002475));
#11743=CARTESIAN_POINT('',(-0.008141746825,0.00282147459539621,-0.00250833333333334));
#11744=CARTESIAN_POINT('',(-0.00853349365,0.00304764973026414,-0.00254166666666667));
#11745=CARTESIAN_POINT('',(-0.00853349365,0.0035,-0.002575));
#11746=CARTESIAN_POINT('',(-0.00853349365,0.00395235026973586,-0.00260833333333333));
#11747=CARTESIAN_POINT('',(-0.008141746825,0.00417852540460379,-0.00264166666666666));
#11748=CARTESIAN_POINT('',(-0.00775,0.00440470053947172,-0.002675));
#11749=CARTESIAN_POINT('',(-0.007358253175,0.00417852540460379,-0.00270833333333333));
#11750=CARTESIAN_POINT('',(-0.00696650635,0.00395235026973586,-0.00274166666666666));
#11751=CARTESIAN_POINT('',(-0.00696650635,0.0035,-0.002775));
#11752=CARTESIAN_POINT('',(-0.00696650635,0.00304764973026414,-0.00280833333333333));
#11753=CARTESIAN_POINT('',(-0.007358253175,0.00282147459539621,-0.00284166666666667));
#11754=CARTESIAN_POINT('',(-0.00775,0.00259529946052827,-0.002875));
#11755=CARTESIAN_POINT('',(-0.008141746825,0.00282147459539621,-0.00290833333333333));
#11756=CARTESIAN_POINT('',(-0.00853349365,0.00304764973026414,-0.00294166666666667));
#11757=CARTESIAN_POINT('',(-0.00853349365,0.0035,-0.002975));
#11758=CARTESIAN_POINT('',(-0.00853349365,0.00395235026973586,-0.00300833333333333));
#11759=CARTESIAN_POINT('',(-0.008141746825,0.00417852540460379,-0.00304166666666667));
#11760=CARTESIAN_POINT('',(-0.00775,0.00440470053947172,-0.003075));
#11761=CARTESIAN_POINT('',(-0.007358253175,0.00417852540460379,-0.00310833333333333));
#11762=CARTESIAN_POINT('',(-0.00696650635,0.00395235026973586,-0.00314166666666666));
#11763=CARTESIAN_POINT('',(-0.00696650635,0.0035,-0.003175));
#11764=CARTESIAN_POINT('',(-0.00696650635,0.00304764973026414,-0.00320833333333333));
#11765=CARTESIAN_POINT('',(-0.007358253175,0.00282147459539621,-0.00324166666666667));
#11766=CARTESIAN_POINT('',(-0.00775,0.00259529946052827,-0.003275));
#11767=CARTESIAN_POINT('',(-0.008141746825,0.00282147459539621,-0.00330833333333333));
#11768=CARTESIAN_POINT('',(-0.00853349365,0.00304764973026414,-0.00334166666666667));
#11769=CARTESIAN_POINT('',(-0.00853349365,0.0035,-0.003375));
#11770=CARTESIAN_POINT('',(-0.00853349365,0.00395235026973586,-0.00340833333333334));
#11771=CARTESIAN_POINT('',(-0.008141746825,0.00417852540460379,-0.00344166666666666));
#11772=CARTESIAN_POINT('',(-0.00775,0.00440470053947172,-0.003475));
#11773=CARTESIAN_POINT('',(-0.007358253175,0.00417852540460379,-0.00350833333333334));
#11774=CARTESIAN_POINT('',(-0.00696650635,0.00395235026973586,-0.00354166666666667));
#11775=CARTESIAN_POINT('',(-0.00696650635,0.0035,-0.003575));
#11776=CARTESIAN_POINT('',(-0.00696650635,0.00304764973026414,-0.00360833333333333));
#11777=CARTESIAN_POINT('',(-0.007358253175,0.00282147459539621,-0.00364166666666667));
#11778=CARTESIAN_POINT('',(-0.00775,0.00259529946052827,-0.003675));
#11779=CARTESIAN_POINT('',(-0.008141746825,0.00282147459539621,-0.00370833333333333));
#11780=CARTESIAN_POINT('',(-0.00853349365,0.00304764973026414,-0.00374166666666667));
#11781=CARTESIAN_POINT('',(-0.00853349365,0.0035,-0.003775));
#11782=CARTESIAN_POINT('',(-0.00853349365,0.00395235026973586,-0.00380833333333334));
#11783=CARTESIAN_POINT('',(-0.008141746825,0.00417852540460379,-0.00384166666666667));
#11784=CARTESIAN_POINT('',(-0.00775,0.00440470053947172,-0.003875));
#11785=CARTESIAN_POINT('',(-0.007358253175,0.00417852540460379,-0.00390833333333334));
#11786=CARTESIAN_POINT('',(-0.00696650635,0.00395235026973586,-0.00394166666666667));
#11787=CARTESIAN_POINT('',(-0.00696650635,0.0035,-0.003975));
#11788=CARTESIAN_POINT('',(-0.00696650635,0.00304764973026414,-0.00400833333333333));
#11789=CARTESIAN_POINT('',(-0.007358253175,0.00282147459539621,-0.00404166666666667));
#11790=CARTESIAN_POINT('',(-0.00775,0.00259529946052827,-0.004075));
#11791=CARTESIAN_POINT('',(-0.008141746825,0.00282147459539621,-0.00410833333333334));
#11792=CARTESIAN_POINT('',(-0.00853349365,0.00304764973026414,-0.00414166666666667));
#11793=CARTESIAN_POINT('',(-0.00853349365,0.0035,-0.004175));
#11794=CARTESIAN_POINT('',(-0.00853349365,0.00395235026973586,-0.00420833333333333));
#11795=CARTESIAN_POINT('',(-0.008141746825,0.00417852540460379,-0.00424166666666667));
#11796=CARTESIAN_POINT('',(-0.00781104199010715,0.00436945793005149,-0.00426980600001398));
#11797=CARTESIAN_POINT('',(-0.00745690317962226,0.00422660618871214,-0.00429993930617713));
#11798=CARTESIAN_POINT('',(-0.00775,0.0045,-0.00415));
#11799=CARTESIAN_POINT('',(-0.00782391503818226,0.00443629409305166,-0.00418185295347417));
#11800=CARTESIAN_POINT('',(-0.00788701685415913,0.00436156929177061,-0.00421507675993136));
#11801=CARTESIAN_POINT('',(-0.00793564065211021,0.00427816293170782,-0.00425));
#11802=CARTESIAN_POINT('',(-0.00775,0.0035,-0.00415));
#11803=CARTESIAN_POINT('',(-0.00962395293199423,0.00356265308188939,-0.02525));
#11804=CARTESIAN_POINT('',(-0.00962396314314186,0.00356234691769354,-0.02525));
#11805=CARTESIAN_POINT('',(-0.00962394267082613,0.00356295924441287,-0.02525));
#11806=CARTESIAN_POINT('',(-0.00959888172623131,0.00381186753984337,-0.02525));
#11807=CARTESIAN_POINT('',(-0.00959893265396336,0.00381156546841396,-0.02525));
#11808=CARTESIAN_POINT('',(-0.00959883074914799,0.00381216960294825,-0.02525));
#11809=CARTESIAN_POINT('',(-0.00954081718226296,0.00405551671416057,-0.02525));
#11810=CARTESIAN_POINT('',(-0.00954090791777286,0.00405522412596942,-0.02525));
#11811=CARTESIAN_POINT('',(-0.0095407263989517,0.00405580928752359,-0.02525));
#11812=CARTESIAN_POINT('',(-0.00945079546325189,0.00428925267955313,-0.02525));
#11813=CARTESIAN_POINT('',(-0.0094509243873623,0.00428897479584344,-0.02525));
#11814=CARTESIAN_POINT('',(-0.00945066649374302,0.0042895305421957,-0.02525));
#11815=CARTESIAN_POINT('',(-0.00933042300890649,0.00450890441218132,-0.02525));
#11816=CARTESIAN_POINT('',(-0.00933058782096362,0.00450864619179447,-0.02525));
#11817=CARTESIAN_POINT('',(-0.00933025815466395,0.004509162605638,-0.02525));
#11818=CARTESIAN_POINT('',(-0.00918184786852625,0.00471055222167276,-0.02525));
#11819=CARTESIAN_POINT('',(-0.00918204562745502,0.00471031827255767,-0.02525));
#11820=CARTESIAN_POINT('',(-0.0091816500713779,0.00471078613847519,-0.02525));
#11821=CARTESIAN_POINT('',(-0.00900772136901104,0.00489059769808992,-0.02525));
#11822=CARTESIAN_POINT('',(-0.00900794854579869,0.0048903921950741,-0.02525));
#11823=CARTESIAN_POINT('',(-0.00900749415865169,0.00489080316398723,-0.02525));
#11824=CARTESIAN_POINT('',(-0.00881115080186987,0.0050458279256408,-0.02525));
#11825=CARTESIAN_POINT('',(-0.00881140334254123,0.00504565453593043,-0.02525));
#11826=CARTESIAN_POINT('',(-0.00881089823287375,0.00504600127408918,-0.02525));
#11827=CARTESIAN_POINT('',(-0.00859564397353019,0.00517347281723728,-0.02525));
#11828=CARTESIAN_POINT('',(-0.00859591737149102,0.00517333463497584,-0.02525));
#11829=CARTESIAN_POINT('',(-0.00859537055299703,0.00517361095482956,-0.02525));
#11830=CARTESIAN_POINT('',(-0.00836504660844919,0.00527125454676485,-0.02525));
#11831=CARTESIAN_POINT('',(-0.00836533598490639,0.00527115403781808,-0.02525));
#11832=CARTESIAN_POINT('',(-0.00836475721557488,0.00527135500843242,-0.02525));
#11833=CARTESIAN_POINT('',(-0.0081234737220697,0.0053374281969436,-0.02525));
#11834=CARTESIAN_POINT('',(-0.00812377391309352,0.00533736715489604,-0.02525));
#11835=CARTESIAN_POINT('',(-0.00812317352107693,0.00533748918994563,-0.02525));
#11836=CARTESIAN_POINT('',(-0.00787523618827211,0.00537081289741841,-0.02525));
#11837=CARTESIAN_POINT('',(-0.00787554183694664,0.00537079241156684,-0.02525));
#11838=CARTESIAN_POINT('',(-0.00787493053625471,0.00537083333333333,-0.02525));
#11839=CARTESIAN_POINT('',(-0.0076247638117279,0.00537081289741841,-0.02525));
#11840=CARTESIAN_POINT('',(-0.00762506946374529,0.00537083333333333,-0.02525));
#11841=CARTESIAN_POINT('',(-0.00762445816305337,0.00537079241156684,-0.02525));
#11842=CARTESIAN_POINT('',(-0.00737652627793031,0.0053374281969436,-0.02525));
#11843=CARTESIAN_POINT('',(-0.00737682647892308,0.00533748918994563,-0.02525));
#11844=CARTESIAN_POINT('',(-0.00737622608690648,0.00533736715489604,-0.02525));
#11845=CARTESIAN_POINT('',(-0.00713495339155081,0.00527125454676485,-0.02525));
#11846=CARTESIAN_POINT('',(-0.00713524278442513,0.00527135500843242,-0.02525));
#11847=CARTESIAN_POINT('',(-0.00713466401509362,0.00527115403781808,-0.02525));
#11848=CARTESIAN_POINT('',(-0.00690435602646981,0.00517347281723728,-0.02525));
#11849=CARTESIAN_POINT('',(-0.00690462944700297,0.00517361095482956,-0.02525));
#11850=CARTESIAN_POINT('',(-0.00690408262850899,0.00517333463497584,-0.02525));
#11851=CARTESIAN_POINT('',(-0.00668884919813013,0.0050458279256408,-0.02525));
#11852=CARTESIAN_POINT('',(-0.00668910176712625,0.00504600127408918,-0.02525));
#11853=CARTESIAN_POINT('',(-0.00668859665745877,0.00504565453593043,-0.02525));
#11854=CARTESIAN_POINT('',(-0.00649227863098896,0.00489059769808992,-0.02525));
#11855=CARTESIAN_POINT('',(-0.00649250584134832,0.00489080316398723,-0.02525));
#11856=CARTESIAN_POINT('',(-0.00649205145420131,0.0048903921950741,-0.02525));
#11857=CARTESIAN_POINT('',(-0.00631815213147375,0.00471055222167275,-0.02525));
#11858=CARTESIAN_POINT('',(-0.0063183499286221,0.00471078613847519,-0.02525));
#11859=CARTESIAN_POINT('',(-0.00631795437254499,0.00471031827255767,-0.02525));
#11860=CARTESIAN_POINT('',(-0.00616957699109351,0.00450890441218132,-0.02525));
#11861=CARTESIAN_POINT('',(-0.00616974184533605,0.004509162605638,-0.02525));
#11862=CARTESIAN_POINT('',(-0.00616941217903639,0.00450864619179448,-0.02525));
#11863=CARTESIAN_POINT('',(-0.00604920453674811,0.00428925267955313,-0.02525));
#11864=CARTESIAN_POINT('',(-0.00604933350625699,0.0042895305421957,-0.02525));
#11865=CARTESIAN_POINT('',(-0.0060490756126377,0.00428897479584344,-0.02525));
#11866=CARTESIAN_POINT('',(-0.00595918281773704,0.00405551671416057,-0.02525));
#11867=CARTESIAN_POINT('',(-0.0059592736010483,0.00405580928752359,-0.02525));
#11868=CARTESIAN_POINT('',(-0.00595909208222715,0.00405522412596942,-0.02525));
#11869=CARTESIAN_POINT('',(-0.0059011182737687,0.00381186753984337,-0.02525));
#11870=CARTESIAN_POINT('',(-0.00590116925085201,0.00381216960294825,-0.02525));
#11871=CARTESIAN_POINT('',(-0.00590106734603664,0.00381156546841396,-0.02525));
#11872=CARTESIAN_POINT('',(-0.00587604706800577,0.00356265308188939,-0.02525));
#11873=CARTESIAN_POINT('',(-0.00587605732917387,0.00356295924441288,-0.02525));
#11874=CARTESIAN_POINT('',(-0.00587603685685814,0.00356234691769354,-0.02525));
#11875=CARTESIAN_POINT('',(-0.00588441659670906,0.00331232057820481,-0.02525));
#11876=CARTESIAN_POINT('',(-0.00588438595885116,0.00331262537666941,-0.02525));
#11877=CARTESIAN_POINT('',(-0.00588444728436402,0.00331201578474985,-0.02525));
#11878=CARTESIAN_POINT('',(-0.00592607750544056,0.00306533721824839,-0.02525));
#11879=CARTESIAN_POINT('',(-0.00592600651528996,0.00306563521351827,-0.02525));
#11880=CARTESIAN_POINT('',(-0.00592614854427619,0.00306503923458073,-0.02525));
#11881=CARTESIAN_POINT('',(-0.006000286354297,0.00282611042592966,-0.02525));
#11882=CARTESIAN_POINT('',(-0.00600017627867462,0.00282639630027219,-0.02525));
#11883=CARTESIAN_POINT('',(-0.00600039647662359,0.00282582456957493,-0.02525));
#11884=CARTESIAN_POINT('',(-0.00610571888461249,0.00259890920902497,-0.02525));
#11885=CARTESIAN_POINT('',(-0.00610557168782043,0.00259917786100572,-0.02525));
#11886=CARTESIAN_POINT('',(-0.00610586612529452,0.00259864058109657,-0.02525));
#11887=CARTESIAN_POINT('',(-0.00624049365038582,0.00238778797863246,-0.02525));
#11888=CARTESIAN_POINT('',(-0.00624031195915431,0.00238803461415048,-0.02525));
#11889=CARTESIAN_POINT('',(-0.00624067538190982,0.00238754137280216,-0.02525));
#11890=CARTESIAN_POINT('',(-0.00640220559272888,0.00219651419811005,-0.02525));
#11891=CARTESIAN_POINT('',(-0.00640199264934225,0.00219673441594867,-0.02525));
#11892=CARTESIAN_POINT('',(-0.00640241857209151,0.00219629401506471,-0.02525));
#11893=CARTESIAN_POINT('',(-0.00658796895819954,0.00202850115260251,-0.02525));
#11894=CARTESIAN_POINT('',(-0.00658772856263757,0.00202869102296918,-0.02525));
#11895=CARTESIAN_POINT('',(-0.00658820938477902,0.00202831132151381,-0.02525));
#11896=CARTESIAN_POINT('',(-0.00679446879514016,0.00188674703888724,-0.02525));
#11897=CARTESIAN_POINT('',(-0.00679420523726735,0.00188690317354078,-0.02525));
#11898=CARTESIAN_POINT('',(-0.00679473237851847,0.00188659094729544,-0.02525));
#11899=CARTESIAN_POINT('',(-0.00701802010906845,0.00177378146248169,-0.02525));
#11900=CARTESIAN_POINT('',(-0.00701773809208128,0.00177390107519551,-0.02525));
#11901=CARTESIAN_POINT('',(-0.00701830214559398,0.00177366189584496,-0.02525));
#11902=CARTESIAN_POINT('',(-0.00725463362149134,0.00169162029677304,-0.02525));
#11903=CARTESIAN_POINT('',(-0.00725433817798963,0.00169170125305542,-0.02525));
#11904=CARTESIAN_POINT('',(-0.00725492907821561,0.00169153938876083,-0.02525));
#11905=CARTESIAN_POINT('',(-0.00750008695867417,0.00164172970970979,-0.02525));
#11906=CARTESIAN_POINT('',(-0.00749978336085421,0.00164177056489394,-0.02525));
#11907=CARTESIAN_POINT('',(-0.00750039056316493,0.00164168890412749,-0.02525));
#11908=CARTESIAN_POINT('',(-0.00775,0.001625,-0.02525));
#11909=CARTESIAN_POINT('',(-0.00774969366557208,0.00162500002502421,-0.02525));
#11910=CARTESIAN_POINT('',(-0.00775030633442793,0.00162500002502421,-0.02525));
#11911=CARTESIAN_POINT('',(-0.00799991304132584,0.00164172970970979,-0.02525));
#11912=CARTESIAN_POINT('',(-0.00799960943683508,0.00164168890412749,-0.02525));
#11913=CARTESIAN_POINT('',(-0.0080002166391458,0.00164177056489394,-0.02525));
#11914=CARTESIAN_POINT('',(-0.00824536637850866,0.00169162029677304,-0.02525));
#11915=CARTESIAN_POINT('',(-0.0082450709217844,0.00169153938876083,-0.02525));
#11916=CARTESIAN_POINT('',(-0.00824566182201037,0.00169170125305542,-0.02525));
#11917=CARTESIAN_POINT('',(-0.00848197989093155,0.00177378146248169,-0.02525));
#11918=CARTESIAN_POINT('',(-0.00848169785440602,0.00177366189584496,-0.02525));
#11919=CARTESIAN_POINT('',(-0.00848226190791872,0.00177390107519551,-0.02525));
#11920=CARTESIAN_POINT('',(-0.00870553120485985,0.00188674703888724,-0.02525));
#11921=CARTESIAN_POINT('',(-0.00870526762148153,0.00188659094729544,-0.02525));
#11922=CARTESIAN_POINT('',(-0.00870579476273267,0.00188690317354078,-0.02525));
#11923=CARTESIAN_POINT('',(-0.00891203104180046,0.00202850115260252,-0.02525));
#11924=CARTESIAN_POINT('',(-0.00891179061522099,0.00202831132151381,-0.02525));
#11925=CARTESIAN_POINT('',(-0.00891227143736243,0.00202869102296918,-0.02525));
#11926=CARTESIAN_POINT('',(-0.00909779440727112,0.00219651419811005,-0.02525));
#11927=CARTESIAN_POINT('',(-0.0090975814279085,0.00219629401506471,-0.02525));
#11928=CARTESIAN_POINT('',(-0.00909800735065775,0.00219673441594866,-0.02525));
#11929=CARTESIAN_POINT('',(-0.00925950634961418,0.00238778797863246,-0.02525));
#11930=CARTESIAN_POINT('',(-0.00925932461809018,0.00238754137280214,-0.02525));
#11931=CARTESIAN_POINT('',(-0.0092596880408457,0.00238803461415048,-0.02525));
#11932=CARTESIAN_POINT('',(-0.00939428111538751,0.00259890920902496,-0.02525));
#11933=CARTESIAN_POINT('',(-0.00939413387470549,0.00259864058109658,-0.02525));
#11934=CARTESIAN_POINT('',(-0.00939442831217957,0.00259917786100571,-0.02525));
#11935=CARTESIAN_POINT('',(-0.009499713645703,0.00282611042592966,-0.02525));
#11936=CARTESIAN_POINT('',(-0.00949960352337641,0.00282582456957492,-0.02525));
#11937=CARTESIAN_POINT('',(-0.00949982372132538,0.00282639630027219,-0.02525));
#11938=CARTESIAN_POINT('',(-0.00957392249455945,0.00306533721824839,-0.02525));
#11939=CARTESIAN_POINT('',(-0.00957385145572382,0.00306503923458073,-0.02525));
#11940=CARTESIAN_POINT('',(-0.00957399348471004,0.00306563521351827,-0.02525));
#11941=CARTESIAN_POINT('',(-0.00961558340329095,0.00331232057820481,-0.02525));
#11942=CARTESIAN_POINT('',(-0.00961555271563598,0.00331201578474985,-0.02525));
#11943=CARTESIAN_POINT('',(-0.00961561404114884,0.00331262537666941,-0.02525));
#11944=CARTESIAN_POINT('',(-0.00961558340329095,0.00368767942179519,-0.02525));
#11945=CARTESIAN_POINT('',(-0.00957392249455944,0.00393466278175162,-0.02525));
#11946=CARTESIAN_POINT('',(-0.00949971364570301,0.00417388957407034,-0.02525));
#11947=CARTESIAN_POINT('',(-0.00939428111538751,0.00440109079097503,-0.02525));
#11948=CARTESIAN_POINT('',(-0.00925950634961418,0.00461221202136754,-0.02525));
#11949=CARTESIAN_POINT('',(-0.00909779440727112,0.00480348580188996,-0.02525));
#11950=CARTESIAN_POINT('',(-0.00891203104180046,0.00497149884739749,-0.02525));
#11951=CARTESIAN_POINT('',(-0.00870553120485985,0.00511325296111276,-0.02525));
#11952=CARTESIAN_POINT('',(-0.00848197989093156,0.00522621853751831,-0.02525));
#11953=CARTESIAN_POINT('',(-0.00824536637850867,0.00530837970322696,-0.02525));
#11954=CARTESIAN_POINT('',(-0.00799991304132584,0.00535827029029021,-0.02525));
#11955=CARTESIAN_POINT('',(-0.00775,0.005375,-0.02525));
#11956=CARTESIAN_POINT('',(-0.00750008695867417,0.00535827029029021,-0.02525));
#11957=CARTESIAN_POINT('',(-0.00725463362149134,0.00530837970322696,-0.02525));
#11958=CARTESIAN_POINT('',(-0.00701802010906845,0.00522621853751831,-0.02525));
#11959=CARTESIAN_POINT('',(-0.00679446879514015,0.00511325296111276,-0.02525));
#11960=CARTESIAN_POINT('',(-0.00658796895819954,0.00497149884739749,-0.02525));
#11961=CARTESIAN_POINT('',(-0.00640220559272888,0.00480348580188995,-0.02525));
#11962=CARTESIAN_POINT('',(-0.00624049365038582,0.00461221202136754,-0.02525));
#11963=CARTESIAN_POINT('',(-0.0061057188846125,0.00440109079097504,-0.02525));
#11964=CARTESIAN_POINT('',(-0.006000286354297,0.00417388957407034,-0.02525));
#11965=CARTESIAN_POINT('',(-0.00592607750544056,0.00393466278175162,-0.02525));
#11966=CARTESIAN_POINT('',(-0.00588441659670906,0.00368767942179519,-0.02525));
#11967=CARTESIAN_POINT('',(-0.00587604706800578,0.00343734691811061,-0.02525));
#11968=CARTESIAN_POINT('',(-0.0059011182737687,0.00318813246015663,-0.02525));
#11969=CARTESIAN_POINT('',(-0.00595918281773704,0.00294448328583943,-0.02525));
#11970=CARTESIAN_POINT('',(-0.00604920453674811,0.00271074732044688,-0.02525));
#11971=CARTESIAN_POINT('',(-0.00616957699109351,0.00249109558781867,-0.02525));
#11972=CARTESIAN_POINT('',(-0.00631815213147375,0.00228944777832725,-0.02525));
#11973=CARTESIAN_POINT('',(-0.00649227863098896,0.00210940230191007,-0.02525));
#11974=CARTESIAN_POINT('',(-0.00668884919813014,0.00195417207435919,-0.02525));
#11975=CARTESIAN_POINT('',(-0.00690435602646981,0.00182652718276272,-0.02525));
#11976=CARTESIAN_POINT('',(-0.00713495339155081,0.00172874545323515,-0.02525));
#11977=CARTESIAN_POINT('',(-0.00737652627793031,0.0016625718030564,-0.02525));
#11978=CARTESIAN_POINT('',(-0.0076247638117279,0.00162918710258159,-0.02525));
#11979=CARTESIAN_POINT('',(-0.00787523618827211,0.00162918710258158,-0.02525));
#11980=CARTESIAN_POINT('',(-0.0081234737220697,0.0016625718030564,-0.02525));
#11981=CARTESIAN_POINT('',(-0.0083650466084492,0.00172874545323515,-0.02525));
#11982=CARTESIAN_POINT('',(-0.00859564397353019,0.00182652718276272,-0.02525));
#11983=CARTESIAN_POINT('',(-0.00881115080186987,0.0019541720743592,-0.02525));
#11984=CARTESIAN_POINT('',(-0.00900772136901104,0.00210940230191008,-0.02525));
#11985=CARTESIAN_POINT('',(-0.00918184786852624,0.00228944777832724,-0.02525));
#11986=CARTESIAN_POINT('',(-0.00933042300890649,0.00249109558781868,-0.02525));
#11987=CARTESIAN_POINT('',(-0.00945079546325189,0.00271074732044687,-0.02525));
#11988=CARTESIAN_POINT('',(-0.00954081718226296,0.00294448328583944,-0.02525));
#11989=CARTESIAN_POINT('',(-0.00959888172623131,0.00318813246015663,-0.02525));
#11990=CARTESIAN_POINT('',(-0.00962395293199423,0.00343734691811061,-0.02525));
#11991=CARTESIAN_POINT('',(1.56079292632644E-9,-0.114300001361959,-8.9498758664569E-11));
#11992=CARTESIAN_POINT('',(0.,0.,0.));
#11993=CARTESIAN_POINT('',(0.002625,0.00575,0.00565));
#11994=CARTESIAN_POINT('',(0.002625,0.00225,0.00565));
#11995=CARTESIAN_POINT('',(0.002625,0.00225,0.00255));
#11996=CARTESIAN_POINT('',(0.002625,0.00225,0.00875));
#11997=CARTESIAN_POINT('',(0.002625,0.00575,0.00875));
#11998=CARTESIAN_POINT('',(0.002625,0.00125,0.00875));
#11999=CARTESIAN_POINT('',(0.002625,0.00125,0.00565));
#12000=CARTESIAN_POINT('',(0.002625,0.00125,0.00255));
#12001=CARTESIAN_POINT('',(0.002625,0.00575,0.00255));
#12002=CARTESIAN_POINT('',(-0.003125,0.00575,0.00565));
#12003=CARTESIAN_POINT('',(-0.003125,0.00575,0.00565));
#12004=CARTESIAN_POINT('',(-0.003125,0.00575,0.00875));
#12005=CARTESIAN_POINT('',(-0.003125,0.00575,0.00125));
#12006=CARTESIAN_POINT('',(-0.003125,0.00525,0.00125));
#12007=CARTESIAN_POINT('',(-0.003125,0.00475,0.00125));
#12008=CARTESIAN_POINT('',(-0.003125,0.00475,0.00475));
#12009=CARTESIAN_POINT('',(-0.003125,0.00475,0.00255));
#12010=CARTESIAN_POINT('',(-0.003125,0.00575,0.00255));
#12011=CARTESIAN_POINT('',(-0.003125,0.00125,0.00255));
#12012=CARTESIAN_POINT('',(-0.003125,0.00125,0.00565));
#12013=CARTESIAN_POINT('',(-0.003125,0.00125,0.00875));
#12014=CARTESIAN_POINT('',(-0.003125,0.00575,0.00875));
#12015=CARTESIAN_POINT('',(-0.003125,0.00225,0.00675));
#12016=CARTESIAN_POINT('',(-0.003125,0.00225,0.00675));
#12017=CARTESIAN_POINT('',(-0.003125,0.00475,0.00675));
#12018=CARTESIAN_POINT('',(-0.003125,0.00225,0.004875));
#12019=CARTESIAN_POINT('',(-0.003125,0.00225,0.003));
#12020=CARTESIAN_POINT('',(-0.003125,0.00225,0.003));
#12021=CARTESIAN_POINT('',(-0.003125,0.00475,0.003));
#12022=CARTESIAN_POINT('',(-0.003125,0.00475,0.004875));
#12023=CARTESIAN_POINT('',(0.003625,0.00575,0.0019));
#12024=CARTESIAN_POINT('',(0.003625,0.00575,0.00255));
#12025=CARTESIAN_POINT('',(0.003625,0.00575,0.00255));
#12026=CARTESIAN_POINT('',(0.003625,0.00475,0.00255));
#12027=CARTESIAN_POINT('',(0.003625,0.00475,0.00475));
#12028=CARTESIAN_POINT('',(0.003625,0.00475,0.00125));
#12029=CARTESIAN_POINT('',(0.003625,0.00575,0.00125));
#12030=CARTESIAN_POINT('',(0.003625,0.00575,0.00125));
#12031=CARTESIAN_POINT('',(0.003625,0.00575,0.0019));
#12032=CARTESIAN_POINT('',(0.003125,0.00575,0.00125));
#12033=CARTESIAN_POINT('',(-0.001375,0.0035,0.00125));
#12034=CARTESIAN_POINT('',(-0.001375,0.00225,0.00125));
#12035=CARTESIAN_POINT('',(-0.001375,0.00475,0.00125));
#12036=CARTESIAN_POINT('',(0.002,0.00225,0.00125));
#12037=CARTESIAN_POINT('',(0.003625,0.00225,0.00125));
#12038=CARTESIAN_POINT('',(0.003625,0.00575,0.00125));
#12039=CARTESIAN_POINT('',(0.003625,0.00125,0.00125));
#12040=CARTESIAN_POINT('',(0.003125,0.00125,0.00125));
#12041=CARTESIAN_POINT('',(-0.004125,0.00125,0.00125));
#12042=CARTESIAN_POINT('',(-0.004125,0.00575,0.00125));
#12043=CARTESIAN_POINT('',(-0.004125,0.00475,0.00125));
#12044=CARTESIAN_POINT('',(-0.003625,0.00475,0.00125));
#12045=CARTESIAN_POINT('',(0.003125,0.00575,0.00125));
#12046=CARTESIAN_POINT('',(0.002,0.00475,0.00125));
#12047=CARTESIAN_POINT('',(-0.003625,0.00575,0.00255));
#12048=CARTESIAN_POINT('',(-0.003625,0.00475,0.00255));
#12049=CARTESIAN_POINT('',(-0.004125,0.00475,0.00255));
#12050=CARTESIAN_POINT('',(-0.004125,0.00575,0.00255));
#12051=CARTESIAN_POINT('',(-0.004125,0.00125,0.00255));
#12052=CARTESIAN_POINT('',(-0.003625,0.00125,0.00255));
#12053=CARTESIAN_POINT('',(0.003125,0.00575,0.00255));
#12054=CARTESIAN_POINT('',(0.002625,0.00575,0.00255));
#12055=CARTESIAN_POINT('',(0.002625,0.00575,0.00255));
#12056=CARTESIAN_POINT('',(0.002625,0.00475,0.00255));
#12057=CARTESIAN_POINT('',(0.003125,0.00475,0.00255));
#12058=CARTESIAN_POINT('',(0.003125,0.00575,0.00255));
#12059=CARTESIAN_POINT('',(0.003625,0.00575,0.0019));
#12060=CARTESIAN_POINT('',(0.003625,0.00225,0.00475));
#12061=CARTESIAN_POINT('',(0.003625,0.00225,0.00255));
#12062=CARTESIAN_POINT('',(0.003625,0.00575,0.00255));
#12063=CARTESIAN_POINT('',(0.003625,0.00125,0.00255));
#12064=CARTESIAN_POINT('',(0.003625,0.00125,0.0019));
#12065=CARTESIAN_POINT('',(-0.004125,0.00575,0.0019));
#12066=CARTESIAN_POINT('',(-0.004125,0.00475,0.00475));
#12067=CARTESIAN_POINT('',(-0.004125,0.00125,0.0019));
#12068=CARTESIAN_POINT('',(-0.00025,0.00575,0.00875));
#12069=CARTESIAN_POINT('',(0.0015,0.0035,0.00875));
#12070=CARTESIAN_POINT('',(0.0015,0.003,0.00875));
#12071=CARTESIAN_POINT('',(0.0015,0.004,0.00875));
#12072=CARTESIAN_POINT('',(0.0009375,0.003,0.00875));
#12073=CARTESIAN_POINT('',(0.000375,0.003,0.00875));
#12074=CARTESIAN_POINT('',(0.000375,0.00225,0.00875));
#12075=CARTESIAN_POINT('',(0.000375,0.0015,0.00875));
#12076=CARTESIAN_POINT('',(-0.00025,0.0015,0.00875));
#12077=CARTESIAN_POINT('',(-0.000875,0.0015,0.00875));
#12078=CARTESIAN_POINT('',(-0.000875,0.00225,0.00875));
#12079=CARTESIAN_POINT('',(-0.000875,0.003,0.00875));
#12080=CARTESIAN_POINT('',(-0.0014375,0.003,0.00875));
#12081=CARTESIAN_POINT('',(-0.002,0.003,0.00875));
#12082=CARTESIAN_POINT('',(-0.002,0.0035,0.00875));
#12083=CARTESIAN_POINT('',(-0.002,0.004,0.00875));
#12084=CARTESIAN_POINT('',(-0.0014375,0.004,0.00875));
#12085=CARTESIAN_POINT('',(-0.000875,0.004,0.00875));
#12086=CARTESIAN_POINT('',(-0.000875,0.00475,0.00875));
#12087=CARTESIAN_POINT('',(-0.000875,0.0055,0.00875));
#12088=CARTESIAN_POINT('',(-0.00025,0.0055,0.00875));
#12089=CARTESIAN_POINT('',(0.000375,0.0055,0.00875));
#12090=CARTESIAN_POINT('',(0.000375,0.00475,0.00875));
#12091=CARTESIAN_POINT('',(0.000375,0.004,0.00875));
#12092=CARTESIAN_POINT('',(0.0009375,0.004,0.00875));
#12093=CARTESIAN_POINT('',(0.002475,0.00475,0.00875));
#12094=CARTESIAN_POINT('',(0.002625,0.00475,0.00875));
#12095=CARTESIAN_POINT('',(0.002325,0.00475,0.00875));
#12096=CARTESIAN_POINT('',(0.002625,0.00575,0.00875));
#12097=CARTESIAN_POINT('',(0.002625,0.00575,0.00875));
#12098=CARTESIAN_POINT('',(-0.00025,0.00575,0.00875));
#12099=CARTESIAN_POINT('',(-0.00025,0.00125,0.00875));
#12100=CARTESIAN_POINT('',(0.002475,0.00225,0.00875));
#12101=CARTESIAN_POINT('',(0.002325,0.00225,0.00875));
#12102=CARTESIAN_POINT('',(0.002325,0.00225,0.00875));
#12103=CARTESIAN_POINT('',(0.002625,0.00575,0.00565));
#12104=CARTESIAN_POINT('',(0.002625,0.00475,0.00565));
#12105=CARTESIAN_POINT('',(0.002625,0.00575,0.00565));
#12106=CARTESIAN_POINT('',(0.003125,0.00575,0.00255));
#12107=CARTESIAN_POINT('',(0.003125,0.00225,0.00255));
#12108=CARTESIAN_POINT('',(0.003125,0.00125,0.00255));
#12109=CARTESIAN_POINT('',(-0.00025,0.00575,0.005));
#12110=CARTESIAN_POINT('',(-0.00025,0.00125,0.005));
#12111=CARTESIAN_POINT('',(-0.00025,0.0035,0.00475));
#12112=CARTESIAN_POINT('',(0.002125,0.00225,0.00475));
#12113=CARTESIAN_POINT('',(0.002125,0.00225,0.00475));
#12114=CARTESIAN_POINT('',(0.002125,0.00475,0.00475));
#12115=CARTESIAN_POINT('',(0.002,0.00225,0.00475));
#12116=CARTESIAN_POINT('',(-0.000212408093204037,0.00225,0.00475));
#12117=CARTESIAN_POINT('',(-0.000212408093204037,0.00225,0.00475));
#12118=CARTESIAN_POINT('',(-0.000212408093204037,0.00475,0.00475));
#12119=CARTESIAN_POINT('',(0.002,0.00475,0.00475));
#12120=CARTESIAN_POINT('',(0.002,0.00225,0.00475));
#12121=CARTESIAN_POINT('',(-0.001375,0.00225,0.00225));
#12122=CARTESIAN_POINT('',(-0.001375,0.00225,0.00225));
#12123=CARTESIAN_POINT('',(-0.0005,0.00225,0.00225));
#12124=CARTESIAN_POINT('',(0.000375,0.00225,0.00225));
#12125=CARTESIAN_POINT('',(-9.16666666666667E-5,0.00225,0.0026));
#12126=CARTESIAN_POINT('',(-0.000558333333333335,0.00225,0.00295));
#12127=CARTESIAN_POINT('',(-0.000708333333333336,0.00225,0.00275));
#12128=CARTESIAN_POINT('',(-0.000708333333333334,0.00225,0.003));
#12129=CARTESIAN_POINT('',(-0.00191666666666667,0.00225,0.003));
#12130=CARTESIAN_POINT('',(-0.00181574697102078,0.00225,0.0057978159789242));
#12131=CARTESIAN_POINT('',(-0.00050649394204156,0.00225,0.00484563195784841));
#12132=CARTESIAN_POINT('',(-0.000212408093204041,0.00225,0.00525));
#12133=CARTESIAN_POINT('',(0.002125,0.00225,0.00525));
#12134=CARTESIAN_POINT('',(0.002125,0.00225,0.00575));
#12135=CARTESIAN_POINT('',(0.00107823988349495,0.00225,0.00575));
#12136=CARTESIAN_POINT('',(3.14797669899104E-5,0.00225,0.00575));
#12137=CARTESIAN_POINT('',(3.14797669899146E-5,0.00225,0.006));
#12138=CARTESIAN_POINT('',(-0.000115563157428851,0.00225,0.0057978159789242));
#12139=CARTESIAN_POINT('',(-0.00112028157871443,0.00225,0.00652852028531371));
#12140=CARTESIAN_POINT('',(-0.002125,0.00225,0.00725922459170322));
#12141=CARTESIAN_POINT('',(-0.002125,0.00225,0.00750461229585161));
#12142=CARTESIAN_POINT('',(-0.002125,0.00225,0.00775));
#12143=CARTESIAN_POINT('',(0.0001,0.00225,0.00775));
#12144=CARTESIAN_POINT('',(0.002325,0.00225,0.00775));
#12145=CARTESIAN_POINT('',(0.002325,0.00225,0.00825));
#12146=CARTESIAN_POINT('',(0.002,0.00475,0.00475));
#12147=CARTESIAN_POINT('',(0.002325,0.00475,0.00825));
#12148=CARTESIAN_POINT('',(0.002325,0.00475,0.00775));
#12149=CARTESIAN_POINT('',(0.0001,0.00475,0.00775));
#12150=CARTESIAN_POINT('',(-0.002125,0.00475,0.00775));
#12151=CARTESIAN_POINT('',(-0.002125,0.00475,0.00750461229585161));
#12152=CARTESIAN_POINT('',(-0.002125,0.00475,0.00725922459170322));
#12153=CARTESIAN_POINT('',(-0.00112028157871443,0.00475,0.00652852028531371));
#12154=CARTESIAN_POINT('',(-0.000115563157428851,0.00475,0.0057978159789242));
#12155=CARTESIAN_POINT('',(3.14797669899146E-5,0.00475,0.006));
#12156=CARTESIAN_POINT('',(3.14797669899104E-5,0.00475,0.00575));
#12157=CARTESIAN_POINT('',(0.00107823988349495,0.00475,0.00575));
#12158=CARTESIAN_POINT('',(0.002125,0.00475,0.00575));
#12159=CARTESIAN_POINT('',(0.002125,0.00475,0.00525));
#12160=CARTESIAN_POINT('',(-0.000212408093204041,0.00475,0.00525));
#12161=CARTESIAN_POINT('',(-0.00050649394204156,0.00475,0.00484563195784841));
#12162=CARTESIAN_POINT('',(-0.00181574697102078,0.00475,0.0057978159789242));
#12163=CARTESIAN_POINT('',(-0.00191666666666667,0.00475,0.003));
#12164=CARTESIAN_POINT('',(-0.000708333333333334,0.00475,0.003));
#12165=CARTESIAN_POINT('',(-0.000708333333333336,0.00475,0.00275));
#12166=CARTESIAN_POINT('',(-0.000558333333333335,0.00475,0.00295));
#12167=CARTESIAN_POINT('',(-9.16666666666667E-5,0.00475,0.0026));
#12168=CARTESIAN_POINT('',(0.000375,0.00475,0.00225));
#12169=CARTESIAN_POINT('',(-0.0005,0.00475,0.00225));
#12170=CARTESIAN_POINT('',(-0.001375,0.00475,0.00225));
#12171=CARTESIAN_POINT('',(-0.001375,0.00475,0.00225));
#12172=CARTESIAN_POINT('',(-0.003625,0.00475,0.00475));
#12173=CARTESIAN_POINT('',(-0.001375,0.0035,0.00225));
#12174=CARTESIAN_POINT('',(-0.001375,0.0035,0.00225));
#12175=CARTESIAN_POINT('',(-0.00025,0.0035,0.00225));
#12176=CARTESIAN_POINT('',(0.000375,0.0035,0.00225));
#12177=CARTESIAN_POINT('',(0.0001,0.00225,0.00775));
#12178=CARTESIAN_POINT('',(0.002325,0.00225,0.00775));
#12179=CARTESIAN_POINT('',(-0.002125,0.00225,0.00775));
#12180=CARTESIAN_POINT('',(-0.002125,0.00225,0.00750461229585161));
#12181=CARTESIAN_POINT('',(-0.002125,0.00225,0.00725922459170322));
#12182=CARTESIAN_POINT('',(-0.00112028157871443,0.00225,0.00652852028531371));
#12183=CARTESIAN_POINT('',(-0.000115563157428851,0.00225,0.0057978159789242));
#12184=CARTESIAN_POINT('',(3.14797669899146E-5,0.00225,0.006));
#12185=CARTESIAN_POINT('',(3.14797669899104E-5,0.00225,0.00575));
#12186=CARTESIAN_POINT('',(0.00107823988349495,0.00225,0.00575));
#12187=CARTESIAN_POINT('',(0.002125,0.00225,0.00575));
#12188=CARTESIAN_POINT('',(0.002325,0.00225,0.00825));
#12189=CARTESIAN_POINT('',(0.002125,0.00225,0.00525));
#12190=CARTESIAN_POINT('',(-0.000212408093204041,0.00225,0.00525));
#12191=CARTESIAN_POINT('',(-0.00050649394204156,0.00225,0.00484563195784841));
#12192=CARTESIAN_POINT('',(-0.00181574697102078,0.00225,0.0057978159789242));
#12193=CARTESIAN_POINT('',(-0.00191666666666667,0.00225,0.003));
#12194=CARTESIAN_POINT('',(-0.000708333333333334,0.00225,0.003));
#12195=CARTESIAN_POINT('',(-0.000708333333333336,0.00225,0.00275));
#12196=CARTESIAN_POINT('',(-0.000558333333333335,0.00225,0.00295));
#12197=CARTESIAN_POINT('',(-9.16666666666667E-5,0.00225,0.0026));
#12198=CARTESIAN_POINT('',(0.0015,0.0035,0.0125));
#12199=CARTESIAN_POINT('',(0.0015,0.004,0.0125));
#12200=CARTESIAN_POINT('',(0.0015,0.004,0.0125));
#12201=CARTESIAN_POINT('',(0.0015,0.0035,0.0125));
#12202=CARTESIAN_POINT('',(0.0015,0.003,0.0125));
#12203=CARTESIAN_POINT('',(0.0015,0.003,0.0125));
#12204=CARTESIAN_POINT('',(0.0009375,0.004,0.0125));
#12205=CARTESIAN_POINT('',(0.000375,0.004,0.0125));
#12206=CARTESIAN_POINT('',(0.000375,0.004,0.0125));
#12207=CARTESIAN_POINT('',(0.0009375,0.004,0.0125));
#12208=CARTESIAN_POINT('',(0.000375,0.00475,0.0125));
#12209=CARTESIAN_POINT('',(0.000375,0.0055,0.0125));
#12210=CARTESIAN_POINT('',(0.000375,0.0055,0.0125));
#12211=CARTESIAN_POINT('',(0.000375,0.00475,0.0125));
#12212=CARTESIAN_POINT('',(-0.00025,0.0055,0.0125));
#12213=CARTESIAN_POINT('',(-0.000875,0.0055,0.0125));
#12214=CARTESIAN_POINT('',(-0.000875,0.0055,0.0125));
#12215=CARTESIAN_POINT('',(-0.00025,0.0055,0.0125));
#12216=CARTESIAN_POINT('',(-0.000875,0.00475,0.0125));
#12217=CARTESIAN_POINT('',(-0.000875,0.004,0.0125));
#12218=CARTESIAN_POINT('',(-0.000875,0.004,0.0125));
#12219=CARTESIAN_POINT('',(-0.000875,0.00475,0.0125));
#12220=CARTESIAN_POINT('',(-0.0014375,0.004,0.0125));
#12221=CARTESIAN_POINT('',(-0.002,0.004,0.0125));
#12222=CARTESIAN_POINT('',(-0.002,0.004,0.0125));
#12223=CARTESIAN_POINT('',(-0.0014375,0.004,0.0125));
#12224=CARTESIAN_POINT('',(-0.002,0.0035,0.0125));
#12225=CARTESIAN_POINT('',(-0.002,0.003,0.0125));
#12226=CARTESIAN_POINT('',(-0.002,0.003,0.0125));
#12227=CARTESIAN_POINT('',(-0.002,0.0035,0.0125));
#12228=CARTESIAN_POINT('',(-0.0014375,0.003,0.0125));
#12229=CARTESIAN_POINT('',(-0.000875,0.003,0.0125));
#12230=CARTESIAN_POINT('',(-0.000875,0.003,0.0125));
#12231=CARTESIAN_POINT('',(-0.0014375,0.003,0.0125));
#12232=CARTESIAN_POINT('',(-0.000875,0.00225,0.0125));
#12233=CARTESIAN_POINT('',(-0.000875,0.0015,0.0125));
#12234=CARTESIAN_POINT('',(-0.000875,0.0015,0.0125));
#12235=CARTESIAN_POINT('',(-0.000875,0.00225,0.0125));
#12236=CARTESIAN_POINT('',(-0.00025,0.0015,0.0125));
#12237=CARTESIAN_POINT('',(0.000375,0.0015,0.0125));
#12238=CARTESIAN_POINT('',(0.000375,0.0015,0.0125));
#12239=CARTESIAN_POINT('',(-0.00025,0.0015,0.0125));
#12240=CARTESIAN_POINT('',(0.000375,0.00225,0.0125));
#12241=CARTESIAN_POINT('',(0.000375,0.003,0.0125));
#12242=CARTESIAN_POINT('',(0.000375,0.003,0.0125));
#12243=CARTESIAN_POINT('',(0.000375,0.00225,0.0125));
#12244=CARTESIAN_POINT('',(0.0009375,0.003,0.0125));
#12245=CARTESIAN_POINT('',(0.0009375,0.003,0.0125));
#12246=CARTESIAN_POINT('',(-0.00025,0.0035,0.0125));
#12247=CARTESIAN_POINT('',(1.56079292632644E-9,-0.114300001361959,3.99999105012423E-5));
#12248=CARTESIAN_POINT('',(-0.1143,-0.00975,4.13318294712232E-20));
#12249=CARTESIAN_POINT('',(-0.1143,-0.00025,4.13318294712232E-20));
#12250=CARTESIAN_POINT('',(-0.1143,-0.00025,0.000675));
#12251=CARTESIAN_POINT('',(-0.1143,-0.00975,4.13318294712232E-20));
#12252=CARTESIAN_POINT('',(-0.1143,-0.00975,-0.000675));
#12253=CARTESIAN_POINT('',(-0.1128,-0.00975,4.13318294712232E-20));
#12254=CARTESIAN_POINT('',(-0.1128,-0.01125,4.13318294712232E-20));
#12255=CARTESIAN_POINT('',(-0.1128,-0.01125,-0.000675));
#12256=CARTESIAN_POINT('',(-0.0015,-0.01125,4.13318294712232E-20));
#12257=CARTESIAN_POINT('',(-0.0015,-0.01125,4.13318294712232E-20));
#12258=CARTESIAN_POINT('',(-0.0015,-0.01125,-0.000675));
#12259=CARTESIAN_POINT('',(-0.0015,-0.00975,4.13318294712232E-20));
#12260=CARTESIAN_POINT('',(0.,-0.00975,4.13318294712232E-20));
#12261=CARTESIAN_POINT('',(0.,-0.00975,-0.000675));
#12262=CARTESIAN_POINT('',(0.,0.,4.13318294712232E-20));
#12263=CARTESIAN_POINT('',(0.,-0.00025,4.13318294712232E-20));
#12264=CARTESIAN_POINT('',(0.,-0.00025,-0.000675));
#12265=CARTESIAN_POINT('',(-0.1143,0.,0.));
#12266=CARTESIAN_POINT('',(-0.1143,0.,4.13318294712232E-20));
#12267=CARTESIAN_POINT('',(-0.1143,0.,0.000425));
#12268=CARTESIAN_POINT('',(0.,0.,0.));
#12269=CARTESIAN_POINT('',(0.,0.,4.13318294712232E-20));
#12270=CARTESIAN_POINT('',(0.,0.,-0.000425));
#12271=CARTESIAN_POINT('',(-0.1143,-0.00025,4.13318294712232E-20));
#12272=CARTESIAN_POINT('',(0.,-0.00025,4.13318294712232E-20));
#12273=CARTESIAN_POINT('',(-0.00144578367256212,0.00361183202211913,0.00448619373347343));
#12274=CARTESIAN_POINT('',(0.,0.,4.E-5));
#12275=CARTESIAN_POINT('',(0.,0.,0.));
#12276=MECHANICAL_DESIGN_GEOMETRIC_PRESENTATION_REPRESENTATION('',(#6185,
#6186,#6187,#6188),#12277);
#12277=(
GEOMETRIC_REPRESENTATION_CONTEXT(3)
GLOBAL_UNCERTAINTY_ASSIGNED_CONTEXT((#12282))
GLOBAL_UNIT_ASSIGNED_CONTEXT((#12289,#12288,#12287))
REPRESENTATION_CONTEXT('7U Stabilizer','TOP_LEVEL_ASSEMBLY_PART')
);
#12278=(
GEOMETRIC_REPRESENTATION_CONTEXT(3)
GLOBAL_UNCERTAINTY_ASSIGNED_CONTEXT((#12283))
GLOBAL_UNIT_ASSIGNED_CONTEXT((#12289,#12288,#12287))
REPRESENTATION_CONTEXT('Stabilizer Housing','COMPONENT_PART')
);
#12279=(
GEOMETRIC_REPRESENTATION_CONTEXT(3)
GLOBAL_UNCERTAINTY_ASSIGNED_CONTEXT((#12284))
GLOBAL_UNIT_ASSIGNED_CONTEXT((#12289,#12288,#12287))
REPRESENTATION_CONTEXT('M2 Insert','COMPONENT_PART')
);
#12280=(
GEOMETRIC_REPRESENTATION_CONTEXT(3)
GLOBAL_UNCERTAINTY_ASSIGNED_CONTEXT((#12285))
GLOBAL_UNIT_ASSIGNED_CONTEXT((#12289,#12288,#12287))
REPRESENTATION_CONTEXT('Stabilizer Insert','COMPONENT_PART')
);
#12281=(
GEOMETRIC_REPRESENTATION_CONTEXT(3)
GLOBAL_UNCERTAINTY_ASSIGNED_CONTEXT((#12286))
GLOBAL_UNIT_ASSIGNED_CONTEXT((#12289,#12288,#12287))
REPRESENTATION_CONTEXT('7U Stabilizer Bar','COMPONENT_PART')
);
#12282=UNCERTAINTY_MEASURE_WITH_UNIT(LENGTH_MEASURE(5.E-6),#12289,
'DISTANCE_ACCURACY_VALUE','Maximum Tolerance applied to model');
#12283=UNCERTAINTY_MEASURE_WITH_UNIT(LENGTH_MEASURE(5.E-6),#12289,
'DISTANCE_ACCURACY_VALUE','Maximum Tolerance applied to model');
#12284=UNCERTAINTY_MEASURE_WITH_UNIT(LENGTH_MEASURE(5.E-6),#12289,
'DISTANCE_ACCURACY_VALUE','Maximum Tolerance applied to model');
#12285=UNCERTAINTY_MEASURE_WITH_UNIT(LENGTH_MEASURE(5.E-6),#12289,
'DISTANCE_ACCURACY_VALUE','Maximum Tolerance applied to model');
#12286=UNCERTAINTY_MEASURE_WITH_UNIT(LENGTH_MEASURE(5.E-6),#12289,
'DISTANCE_ACCURACY_VALUE','Maximum Tolerance applied to model');
#12287=(
NAMED_UNIT(*)
SI_UNIT($,.STERADIAN.)
SOLID_ANGLE_UNIT()
);
#12288=(
NAMED_UNIT(*)
PLANE_ANGLE_UNIT()
SI_UNIT($,.RADIAN.)
);
#12289=(
LENGTH_UNIT()
NAMED_UNIT(*)
SI_UNIT($,.METRE.)
);
#12290=PRODUCT_DEFINITION_SHAPE('','',#12302);
#12291=PRODUCT_DEFINITION_SHAPE('','',#12303);
#12292=PRODUCT_DEFINITION_SHAPE(' ','NAUO PRDDFN',#37);
#12293=PRODUCT_DEFINITION_SHAPE('','',#12304);
#12294=PRODUCT_DEFINITION_SHAPE(' ','NAUO PRDDFN',#38);
#12295=PRODUCT_DEFINITION_SHAPE(' ','NAUO PRDDFN',#39);
#12296=PRODUCT_DEFINITION_SHAPE('','',#12305);
#12297=PRODUCT_DEFINITION_SHAPE(' ','NAUO PRDDFN',#40);
#12298=PRODUCT_DEFINITION_SHAPE('','',#12306);
#12299=PRODUCT_DEFINITION_SHAPE(' ','NAUO PRDDFN',#41);
#12300=PRODUCT_DEFINITION_SHAPE(' ','NAUO PRDDFN',#42);
#12301=PRODUCT_DEFINITION_SHAPE(' ','NAUO PRDDFN',#43);
#12302=PRODUCT_DEFINITION('','',#12312,#12307);
#12303=PRODUCT_DEFINITION('','',#12313,#12308);
#12304=PRODUCT_DEFINITION('','',#12314,#12309);
#12305=PRODUCT_DEFINITION('','',#12315,#12310);
#12306=PRODUCT_DEFINITION('','',#12316,#12311);
#12307=PRODUCT_DEFINITION_CONTEXT('',#12338,'design');
#12308=PRODUCT_DEFINITION_CONTEXT('',#12338,'design');
#12309=PRODUCT_DEFINITION_CONTEXT('',#12338,'design');
#12310=PRODUCT_DEFINITION_CONTEXT('',#12338,'design');
#12311=PRODUCT_DEFINITION_CONTEXT('',#12338,'design');
#12312=PRODUCT_DEFINITION_FORMATION_WITH_SPECIFIED_SOURCE('','',#12322,
 .NOT_KNOWN.);
#12313=PRODUCT_DEFINITION_FORMATION_WITH_SPECIFIED_SOURCE('','',#12323,
 .NOT_KNOWN.);
#12314=PRODUCT_DEFINITION_FORMATION_WITH_SPECIFIED_SOURCE('','',#12324,
 .NOT_KNOWN.);
#12315=PRODUCT_DEFINITION_FORMATION_WITH_SPECIFIED_SOURCE('','',#12325,
 .NOT_KNOWN.);
#12316=PRODUCT_DEFINITION_FORMATION_WITH_SPECIFIED_SOURCE('','',#12326,
 .NOT_KNOWN.);
#12317=PRODUCT_RELATED_PRODUCT_CATEGORY('','',(#12322));
#12318=PRODUCT_RELATED_PRODUCT_CATEGORY('','',(#12323));
#12319=PRODUCT_RELATED_PRODUCT_CATEGORY('','',(#12324));
#12320=PRODUCT_RELATED_PRODUCT_CATEGORY('','',(#12325));
#12321=PRODUCT_RELATED_PRODUCT_CATEGORY('','',(#12326));
#12322=PRODUCT('7U Stabilizer','7U Stabilizer','7U Stabilizer',(#12332));
#12323=PRODUCT('Stabilizer Housing','Stabilizer Housing',
'Stabilizer Housing',(#12333));
#12324=PRODUCT('M2 Insert','M2 Insert','M2 Insert',(#12334));
#12325=PRODUCT('Stabilizer Insert','Stabilizer Insert',
'Stabilizer Insert',(#12335));
#12326=PRODUCT('7U Stabilizer Bar','7U Stabilizer Bar',
'7U Stabilizer Bar',(#12336));
#12327=PRODUCT_CATEGORY('','');
#12328=PRODUCT_CATEGORY('','');
#12329=PRODUCT_CATEGORY('','');
#12330=PRODUCT_CATEGORY('','');
#12331=PRODUCT_CATEGORY('','');
#12332=PRODUCT_CONTEXT('',#12338,'mechanical');
#12333=PRODUCT_CONTEXT('',#12338,'mechanical');
#12334=PRODUCT_CONTEXT('',#12338,'mechanical');
#12335=PRODUCT_CONTEXT('',#12338,'mechanical');
#12336=PRODUCT_CONTEXT('',#12338,'mechanical');
#12337=APPLICATION_PROTOCOL_DEFINITION('international standard',
'ap242_managed_model_based_3d_engineering',2011,#12338);
#12338=APPLICATION_CONTEXT('managed model based 3d engineering');
ENDSEC;
END-ISO-10303-21;
